id,year,chapter,question,answer,title,explanation_present,source_file
KUM-R1-C1-Q01,1,1,1,【正解３】,医薬品に関する以下の記述の正誤について、正しい組み合わせを下から一つ選びなさい。,True,R1_Kyushu_Okinawa_TourokuHanbaisha_Verified(1).txt
KUM-R1-C1-Q02,1,1,2,【正解４】,医薬品のリスク評価に関する以下の記述の正誤について、正しい組み合わせを下から一つ選びなさい。,True,R1_Kyushu_Okinawa_TourokuHanbaisha_Verified(1).txt
KUM-R1-C1-Q03,1,1,3,【正解２】,医薬品の副作用に関する以下の記述のうち、正しいものの組み合わせを下から一つ選びなさい。,True,R1_Kyushu_Okinawa_TourokuHanbaisha_Verified(1).txt
KUM-R1-C1-Q04,1,1,4,【正解２】,健康食品に関する以下の記述の正誤について、正しい組み合わせを下から一つ選びなさい。,True,R1_Kyushu_Okinawa_TourokuHanbaisha_Verified(1).txt
KUM-R1-C1-Q05,1,1,5,【正解４】,乳児及び小児への医薬品の使用に関する以下の記述の正誤について、正しい組み合わせを下から一つ選びなさい。,True,R1_Kyushu_Okinawa_TourokuHanbaisha_Verified(1).txt
KUM-R1-C1-Q06,1,1,6,【正解４】,医薬品の相互作用に関する以下の記述のうち、誤っているものを一つ選びなさい。,True,R1_Kyushu_Okinawa_TourokuHanbaisha_Verified(1).txt
KUM-R1-C1-Q07,1,1,7,【正解２】,妊婦及び妊娠していると思われる女性に関する以下の記述のうち、誤っているものを一つ選びなさい。,True,R1_Kyushu_Okinawa_TourokuHanbaisha_Verified(1).txt
KUM-R1-C1-Q08,1,1,8,【正解２】,高齢者の医薬品の使用に関する以下の記述の正誤について、正しい組み合わせを下から一つ選びなさい。,True,R1_Kyushu_Okinawa_TourokuHanbaisha_Verified(1).txt
KUM-R1-C1-Q09,1,1,9,【正解５】,プラセボ効果に関する以下の記述の正誤について、正しい組み合わせを下から一つ選びなさい。,True,R1_Kyushu_Okinawa_TourokuHanbaisha_Verified(1).txt
KUM-R1-C1-Q10,1,1,10,【正解２】,医薬品によるアレルギーに関する以下の記述のうち、正しいものの組み合わせを下から一つ選びなさい。,True,R1_Kyushu_Okinawa_TourokuHanbaisha_Verified(1).txt
KUM-R1-C1-Q11,1,1,11,【正解３】,医薬品の品質に関する以下の記述の正誤について、正しい組み合わせを下から一つ選びなさい。,True,R1_Kyushu_Okinawa_TourokuHanbaisha_Verified(1).txt
KUM-R1-C1-Q12,1,1,12,【正解１】,医薬品の不適正な使用と有害事象に関する以下の記述の正誤について、正しい組み合わせを下から一つ選びなさい。,True,R1_Kyushu_Okinawa_TourokuHanbaisha_Verified(1).txt
KUM-R1-C1-Q13,1,1,13,【正解４】,医薬品と食品との相互作用に関する以下の記述の正誤について、正しい組み合わせを下から一つ選びなさい。,True,R1_Kyushu_Okinawa_TourokuHanbaisha_Verified(1).txt
KUM-R1-C1-Q14,1,1,14,【正解４】,以下のうち、一般用医薬品承認審査合理化等検討会中間報告書「セルフメディケーションにおける一般用医薬品のあり方について」（平成１４年１１月）において、一般用医薬品の役割とされているものとして、誤っているものを一つ選びなさい。,True,R1_Kyushu_Okinawa_TourokuHanbaisha_Verified(1).txt
KUM-R1-C1-Q15,1,1,15,【正解２】,一般用医薬品販売時における、医薬品の販売等に従事する専門家と購入者等とのコミュニケーションに関する以下の記述の正誤について、正しい組み合わせを下から一つ選びなさい。,True,R1_Kyushu_Okinawa_TourokuHanbaisha_Verified(1).txt
KUM-R1-C1-Q16,1,1,16,【正解３】,医薬品の使用上の注意において、「乳児」、「幼児」、「小児」という場合の年齢区分（おおよその目安）に関する以下の組み合わせについて、正しいものを一つ選びなさい。,True,R1_Kyushu_Okinawa_TourokuHanbaisha_Verified(1).txt
KUM-R1-C1-Q17,1,1,17,【正解１】,サリドマイド製剤及びサリドマイド訴訟に関する以下の記述のうち、誤っているものを一つ選びなさい。,True,R1_Kyushu_Okinawa_TourokuHanbaisha_Verified(1).txt
KUM-R1-C1-Q18,1,1,18,【正解２】,スモン訴訟に関する以下の記述について、（ ）の中に入れるべき字句の正しい組み合わせを下から一つ選びなさい。,True,R1_Kyushu_Okinawa_TourokuHanbaisha_Verified(1).txt
KUM-R1-C1-Q19,1,1,19,【正解５】,ヒト免疫不全ウイルス（以下「ＨＩＶ」という。）及びＨＩＶ訴訟に関する以下の記述の正誤について、正しい組み合わせを下から一つ選びなさい。,True,R1_Kyushu_Okinawa_TourokuHanbaisha_Verified(1).txt
KUM-R1-C1-Q20,1,1,20,【正解３】,クロイツフェルト・ヤコブ病（以下「ＣＪＤ」という。）及びＣＪＤ訴訟に関する以下の記述の正誤について、正しい組み合わせを下から一つ選びなさい。,True,R1_Kyushu_Okinawa_TourokuHanbaisha_Verified(1).txt
KUM-R1-C2-Q01,1,2,1,【正解３】,小腸及び大腸に関する以下の記述のうち、正しいものの組み合わせを下から一つ選びなさい。,True,R1_Kyushu_Okinawa_TourokuHanbaisha_Verified(1).txt
KUM-R1-C2-Q02,1,2,2,【正解１】,胆嚢及び肝臓に関する以下の記述の正誤について、正しい組み合わせを下から一つ選びなさい。,True,R1_Kyushu_Okinawa_TourokuHanbaisha_Verified(1).txt
KUM-R1-C2-Q03,1,2,3,【正解２】,呼吸器系に関する以下の記述のうち、正しいものを一つ選びなさい。,True,R1_Kyushu_Okinawa_TourokuHanbaisha_Verified(1).txt
KUM-R1-C2-Q04,1,2,4,【正解３】,血液に関する以下の記述のうち、誤っているものを一つ選びなさい。,True,R1_Kyushu_Okinawa_TourokuHanbaisha_Verified(1).txt
KUM-R1-C2-Q05,1,2,5,【正解３】,腎臓に関する以下の記述について、（ ）の中に入れるべき字句の正しい組み合わせを下から一つ選びなさい。なお、同じ記号の（ ）内には同じ字句が入ります。,True,R1_Kyushu_Okinawa_TourokuHanbaisha_Verified(1).txt
KUM-R1-C2-Q06,1,2,6,【正解４】,目に関する以下の記述のうち、正しいものの組み合わせを下から一つ選びなさい。,True,R1_Kyushu_Okinawa_TourokuHanbaisha_Verified(1).txt
KUM-R1-C2-Q07,1,2,7,【正解１】,内耳に関する以下の記述の正誤について、正しい組み合わせを下から一つ選びなさい。,True,R1_Kyushu_Okinawa_TourokuHanbaisha_Verified(1).txt
KUM-R1-C2-Q08,1,2,8,【正解３】,鼻に関する以下の記述のうち、誤っているものを一つ選びなさい。,True,R1_Kyushu_Okinawa_TourokuHanbaisha_Verified(1).txt
KUM-R1-C2-Q09,1,2,9,【正解４】,外皮系に関する以下の記述の正誤について、正しい組み合わせを下から一つ選びなさい。,True,R1_Kyushu_Okinawa_TourokuHanbaisha_Verified(1).txt
KUM-R1-C2-Q10,1,2,10,【正解３】,骨格系及び筋組織に関する次の記述のうち、正しいものの組み合わせを下から一つ選びなさい。,True,R1_Kyushu_Okinawa_TourokuHanbaisha_Verified(1).txt
KUM-R1-C2-Q11,1,2,11,【正解２】,中枢神経系及び末梢神経系に関する以下の記述の正誤について、正しい組み合わせを下から一つ選びなさい。,True,R1_Kyushu_Okinawa_TourokuHanbaisha_Verified(1).txt
KUM-R1-C2-Q12,1,2,12,【正解２】,交感神経系が副交感神経系より優位に働いたときの効果器とその反応の関係について、正しい組み合わせを下から一つ選びなさい。,True,R1_Kyushu_Okinawa_TourokuHanbaisha_Verified(1).txt
KUM-R1-C2-Q13,1,2,13,【正解５】,医薬品の有効成分の吸収及び代謝に関する以下の記述の正誤について、正しい組み合わせを下から一つ選びなさい。,True,R1_Kyushu_Okinawa_TourokuHanbaisha_Verified(1).txt
KUM-R1-C2-Q14,1,2,14,【正解４】,医薬品の有効成分の代謝、排泄及び体内での働きに関する以下の記述のうち、誤っているものを一つ選びなさい。,True,R1_Kyushu_Okinawa_TourokuHanbaisha_Verified(1).txt
KUM-R1-C2-Q15,1,2,15,【正解４】,医薬品の剤形及びその一般的な特徴に関する以下の記述の正誤について、正しい組み合わせを下から一つ選びなさい。,True,R1_Kyushu_Okinawa_TourokuHanbaisha_Verified(1).txt
KUM-R1-C2-Q16,1,2,16,【正解４】,全身的に現れる副作用に関する以下の記述の正誤について、正しい組み合わせを下から一つ選びなさい。,True,R1_Kyushu_Okinawa_TourokuHanbaisha_Verified(1).txt
KUM-R1-C2-Q17,1,2,17,【正解２】,精神神経系に現れる副作用に関する以下の記述のうち、誤っているものを一つ選びなさい。,True,R1_Kyushu_Okinawa_TourokuHanbaisha_Verified(1).txt
KUM-R1-C2-Q18,1,2,18,【正解１】,消化器系に現れる副作用に関する以下の記述の正誤について、正しい組み合わせを下から一つ選びなさい。,True,R1_Kyushu_Okinawa_TourokuHanbaisha_Verified(1).txt
KUM-R1-C2-Q19,1,2,19,【正解３】,呼吸器系に現れる副作用に関する以下の記述のうち、正しいものの組み合わせを下から一つ選びなさい。,True,R1_Kyushu_Okinawa_TourokuHanbaisha_Verified(1).txt
KUM-R1-C2-Q20,1,2,20,【正解１】,皮膚に現れる副作用に関する以下の記述の正誤について、正しい組み合わせを下から一つ選びなさい。,True,R1_Kyushu_Okinawa_TourokuHanbaisha_Verified(1).txt
KUM-R1-C3-Q01,1,3,1,【正解３】,かぜ薬に配合される成分及びその期待される主な作用の関係について、正しい組み合わせを下から一つ選びなさい。,True,R1_Kyushu_Okinawa_TourokuHanbaisha_Verified(1).txt
KUM-R1-C3-Q02,1,3,2,【正解１】,かぜ薬に含まれる炎症による腫れを和らげる成分（抗炎症成分）に関する以下の記述の正誤について、正しい組み合わせを下から一つ選びなさい。,True,R1_Kyushu_Okinawa_TourokuHanbaisha_Verified(1).txt
KUM-R1-C3-Q03,1,3,3,【正解３】,以下の記述にあてはまるかぜ薬の漢方処方製剤として、最も適切なものを下から一つ選びなさい。,True,R1_Kyushu_Okinawa_TourokuHanbaisha_Verified(1).txt
KUM-R1-C3-Q04,1,3,4,【正解３】,痛みや発熱が起こる仕組み及び解熱鎮痛薬の働きに関する以下の記述の正誤について、正しい組み合わせを下から一つ選びなさい。,True,R1_Kyushu_Okinawa_TourokuHanbaisha_Verified(1).txt
KUM-R1-C3-Q05,1,3,5,【正解１】,解熱鎮痛薬に関する以下の記述のうち、正しいものの組み合わせを下から一つ選びなさい。,True,R1_Kyushu_Okinawa_TourokuHanbaisha_Verified(1).txt
KUM-R1-C3-Q06,1,3,6,【正解２】,解熱鎮痛薬に含まれる成分に関する以下の記述のうち、正しいものの組み合わせを下から一つ選びなさい。,True,R1_Kyushu_Okinawa_TourokuHanbaisha_Verified(1).txt
KUM-R1-C3-Q07,1,3,7,【正解４】,眠気を促す薬の成分に関する以下の記述の正誤について、正しい組み合わせを下から一つ選びなさい。,True,R1_Kyushu_Okinawa_TourokuHanbaisha_Verified(1).txt
KUM-R1-C3-Q08,1,3,8,【正解２】,以下の生薬成分のうち、眠気を促す薬に含まれるものの組み合わせを下から一つ選びなさい。,True,R1_Kyushu_Okinawa_TourokuHanbaisha_Verified(1).txt
KUM-R1-C3-Q09,1,3,9,【正解２】,眠気を防ぐ薬に関する以下の記述のうち、誤っているものを一つ選びなさい。,True,R1_Kyushu_Okinawa_TourokuHanbaisha_Verified(1).txt
KUM-R1-C3-Q10,1,3,10,【正解３】,鎮暈薬（乗り物酔い防止薬）に配合される成分及びその作用に関する以下の関係の正誤について、正しい組み合わせを下から一つ選びなさい。,True,R1_Kyushu_Okinawa_TourokuHanbaisha_Verified(1).txt
KUM-R1-C3-Q11,1,3,11,【正解４】,鎮咳去痰薬に配合される成分に関する以下の記述の正誤について、正しい組み合わせを下から一つ選びなさい。,True,R1_Kyushu_Okinawa_TourokuHanbaisha_Verified(1).txt
KUM-R1-C3-Q12,1,3,12,【正解３】,鎮咳去痰薬に配合される去痰成分に関する以下の記述のうち、正しいものの組み合わせを下から一つ選びなさい。,True,R1_Kyushu_Okinawa_TourokuHanbaisha_Verified(1).txt
KUM-R1-C3-Q13,1,3,13,【正解２】,口腔咽喉薬及びうがい薬（含嗽薬）に関する以下の記述のうち、正しいものの組み合わせを下から一つ選びなさい。,True,R1_Kyushu_Okinawa_TourokuHanbaisha_Verified(1).txt
KUM-R1-C3-Q14,1,3,14,【正解２】,胃腸に作用する薬に関する以下の記述のうち、誤っているものを一つ選びなさい。,True,R1_Kyushu_Okinawa_TourokuHanbaisha_Verified(1).txt
KUM-R1-C3-Q15,1,3,15,【正解５】,止瀉薬及び瀉下薬に配合される成分に関する以下の記述の正誤について、正しい組み合わせを下から一つ選びなさい。,True,R1_Kyushu_Okinawa_TourokuHanbaisha_Verified(1).txt
KUM-R1-C3-Q16,1,3,16,【正解４】,強心薬に関する以下の記述のうち、誤っているものを一つ選びなさい。,True,R1_Kyushu_Okinawa_TourokuHanbaisha_Verified(1).txt
KUM-R1-C3-Q17,1,3,17,【正解２】,血中コレステロールに関する以下の記述について、（ ）の中に入れるべき字句の正しい組み合わせを下から一つ選びなさい。,True,R1_Kyushu_Okinawa_TourokuHanbaisha_Verified(1).txt
KUM-R1-C3-Q18,1,3,18,【正解４】,貧血及び貧血用薬に関する以下の記述の正誤について、正しい組み合わせを下から一つ選びなさい。,True,R1_Kyushu_Okinawa_TourokuHanbaisha_Verified(1).txt
KUM-R1-C3-Q19,1,3,19,【正解１】,痔及び痔疾用薬に関する以下の記述の正誤について、正しい組み合わせを下から一つ選びなさい。,True,R1_Kyushu_Okinawa_TourokuHanbaisha_Verified(1).txt
KUM-R1-C3-Q20,1,3,20,【正解４】,以下の記述にあてはまる泌尿器用薬の漢方処方製剤として、最も適切なものを下から一つ選びなさい。,True,R1_Kyushu_Okinawa_TourokuHanbaisha_Verified(1).txt
KUM-R1-C3-Q21,1,3,21,【正解２】,婦人薬の女性ホルモン成分に関する以下の記述の正誤について、正しい組み合わせを下から一つ選びなさい。,True,R1_Kyushu_Okinawa_TourokuHanbaisha_Verified(1).txt
KUM-R1-C3-Q22,1,3,22,【正解４】,以下の記述にあてはまる漢方処方製剤として、最も適切なものを下から一つ選びなさい。,True,R1_Kyushu_Okinawa_TourokuHanbaisha_Verified(1).txt
KUM-R1-C3-Q23,1,3,23,【正解２】,内服アレルギー用薬の成分に関する以下の記述の正誤について、正しい組み合わせを下から一つ選びなさい。,True,R1_Kyushu_Okinawa_TourokuHanbaisha_Verified(1).txt
KUM-R1-C3-Q24,1,3,24,【正解４】,以下の記述にあてはまる内服アレルギー用薬の漢方処方製剤として、最も適切なものを下から一つ選びなさい。,True,R1_Kyushu_Okinawa_TourokuHanbaisha_Verified(1).txt
KUM-R1-C3-Q25,1,3,25,【正解４】,次の表は、ある鼻炎用点鼻薬に含まれている成分の一覧である。この医薬品に関する以下の記述のうち、正しいものの組み合わせを下から一つ選びなさい。,True,R1_Kyushu_Okinawa_TourokuHanbaisha_Verified(1).txt
KUM-R1-C3-Q26,1,3,26,【正解１】,眼科用薬に配合される成分に関する以下の記述について、（ ）の中に入れるべき字句の正しい組み合わせを下から一つ選びなさい。,True,R1_Kyushu_Okinawa_TourokuHanbaisha_Verified(1).txt
KUM-R1-C3-Q27,1,3,27,【正解２】,皮膚に用いる薬の成分に関する以下の記述について、誤っているものを一つ選びなさい。,True,R1_Kyushu_Okinawa_TourokuHanbaisha_Verified(1).txt
KUM-R1-C3-Q28,1,3,28,【正解３】,一般的な創傷への対応に関する以下の記述のうち、正しいものを一つ選びなさい。,True,R1_Kyushu_Okinawa_TourokuHanbaisha_Verified(1).txt
KUM-R1-C3-Q29,1,3,29,【正解４】,頭皮及び毛根に作用する成分に関する以下の記述の正誤について、正しい組み合わせを下から一つ選びなさい。,True,R1_Kyushu_Okinawa_TourokuHanbaisha_Verified(1).txt
KUM-R1-C3-Q30,1,3,30,【正解２】,歯痛及び歯周病に関する以下の記述の正誤について、正しい組み合わせを下から一つ選びなさい。,True,R1_Kyushu_Okinawa_TourokuHanbaisha_Verified(1).txt
KUM-R1-C3-Q31,1,3,31,【正解１】,歯槽膿漏薬に含まれている成分及びその作用の関係について、正しい組み合わせを下から一つ選びなさい。,True,R1_Kyushu_Okinawa_TourokuHanbaisha_Verified(1).txt
KUM-R1-C3-Q32,1,3,32,【正解５】,禁煙補助剤に関する以下の記述の正誤について、正しい組み合わせを下から一つ選びなさい。,True,R1_Kyushu_Okinawa_TourokuHanbaisha_Verified(1).txt
KUM-R1-C3-Q33,1,3,33,【正解３】,ビタミン主薬製剤に関する以下の関係の正誤について、正しい組み合わせを下から一つ選びなさい。,True,R1_Kyushu_Okinawa_TourokuHanbaisha_Verified(1).txt
KUM-R1-C3-Q34,1,3,34,【正解１】,滋養強壮保健薬に含まれている成分に関する以下の記述の正誤について、正しい組み合わせを下から一つ選びなさい。,True,R1_Kyushu_Okinawa_TourokuHanbaisha_Verified(1).txt
KUM-R1-C3-Q35,1,3,35,【正解２】,以下の防風通聖散の構成生薬による副作用について、正しい組み合わせを下から一つ選びなさい。,False,R1_Kyushu_Okinawa_TourokuHanbaisha_Verified(1).txt
KUM-R1-C3-Q36,1,3,36,【正解２】,消毒薬に関する以下の記述について、（ ）の中に入れるべき字句の適切な組み合わせを下から一つ選びなさい。,True,R1_Kyushu_Okinawa_TourokuHanbaisha_Verified(1).txt
KUM-R1-C3-Q37,1,3,37,【正解１】,塩素系殺菌消毒成分に関する以下の記述のうち、正しいものの組み合わせを下から一つ選びなさい。,True,R1_Kyushu_Okinawa_TourokuHanbaisha_Verified(1).txt
KUM-R1-C3-Q38,1,3,38,【正解５】,以下の記述にあてはまる殺虫剤の成分として、最も適切なものを下から一つ選びなさい。,True,R1_Kyushu_Okinawa_TourokuHanbaisha_Verified(1).txt
KUM-R1-C3-Q39,1,3,39,【正解５】,一般用検査薬に関する以下の記述の正誤について、正しい組み合わせを下から一つ選びなさい。,True,R1_Kyushu_Okinawa_TourokuHanbaisha_Verified(1).txt
KUM-R1-C3-Q40,1,3,40,【正解４】,妊娠検査薬及びヒト絨毛性性腺刺激ホルモン（以下「ｈＣＧ」という。）に関する以下の記述のうち、誤っているものを一つ選びなさい。,True,R1_Kyushu_Okinawa_TourokuHanbaisha_Verified(1).txt
KUM-R1-C4-Q01,1,4,1,【正解２】,医薬品医療機器等法第１条に関する以下の記述について、（ ）の中に入れるべき字句の正しい組み合わせを下から一つ選びなさい。なお、同じ記号の（ ）内には同じ字句が入ります。,True,R1_Kyushu_Okinawa_TourokuHanbaisha_Verified(1).txt
KUM-R1-C4-Q02,1,4,2,【正解４】,医薬品に関する以下の記述のうち、正しいものの組み合わせを下から一つ選びなさい。,True,R1_Kyushu_Okinawa_TourokuHanbaisha_Verified(1).txt
KUM-R1-C4-Q03,1,4,3,【正解４】,薬局に関する以下の記述のうち、正しいものの組み合わせを下から一つ選びなさい。,True,R1_Kyushu_Okinawa_TourokuHanbaisha_Verified(1).txt
KUM-R1-C4-Q04,1,4,4,【正解１】,店舗販売業に関する以下の記述のうち、誤っているものを一つ選びなさい。なお、本設問において、「都道府県知事」とは、「都道府県知事（店舗の所在地が保健所設置市又は特別区の区域にある場合においては、市長又は区長）」とする。,True,R1_Kyushu_Okinawa_TourokuHanbaisha_Verified(1).txt
KUM-R1-C4-Q05,1,4,5,【正解４】,配置販売業に関する以下の記述の正誤について、正しい組み合わせを下から一つ選びなさい。,True,R1_Kyushu_Okinawa_TourokuHanbaisha_Verified(1).txt
KUM-R1-C4-Q06,1,4,6,【正解２】,以下のうち、化粧品の効能効果として標榜が認められているものの組み合わせを下から一つ選びなさい。,True,R1_Kyushu_Okinawa_TourokuHanbaisha_Verified(1).txt
KUM-R1-C4-Q07,1,4,7,【正解３】,医薬部外品に関する以下の記述のうち、誤っているものを一つ選びなさい。,True,R1_Kyushu_Okinawa_TourokuHanbaisha_Verified(1).txt
KUM-R1-C4-Q08,1,4,8,【正解２】,以下のうち、薬局開設者が、当該薬局を利用するために必要な情報として、医薬品医療機器等法第９条の４の規定により、薬局の見やすい場所に掲示しなければならないものの組み合わせを下から一つ選びなさい。,True,R1_Kyushu_Okinawa_TourokuHanbaisha_Verified(1).txt
KUM-R1-C4-Q09,1,4,9,【正解１】,生物由来製品に関する以下の記述のうち、誤っているものを一つ選びなさい。,True,R1_Kyushu_Okinawa_TourokuHanbaisha_Verified(1).txt
KUM-R1-C4-Q10,1,4,10,【正解２】,毒薬及び劇薬に関する以下の記述のうち、正しいものを一つ選びなさい。,True,R1_Kyushu_Okinawa_TourokuHanbaisha_Verified(1).txt
KUM-R1-C4-Q11,1,4,11,【正解４】,以下のうち、毒薬又は劇薬を、一般の生活者に対して販売又は譲渡する際に、医薬品医療機器等法第４６条第１項の規定により、当該医薬品を譲り受ける者から交付を受ける文書に記載されていなければならないものとして誤っているものを一つ選びなさい。,True,R1_Kyushu_Okinawa_TourokuHanbaisha_Verified(1).txt
KUM-R1-C4-Q12,1,4,12,【正解２】,保健機能食品等の食品に関する以下の記述の正誤について、正しい組み合わせを下から一つ選びなさい。,True,R1_Kyushu_Okinawa_TourokuHanbaisha_Verified(1).txt
KUM-R1-C4-Q13,1,4,13,【正解４】,以下の成分（その水和物及び塩類を含む。）を有効成分とする製剤のうち、濫用等のおそれのあるものとして厚生労働大臣が指定している医薬品（平成２６年厚生労働省告示第２５２号）として、誤っているものを一つ選びなさい。,False,R1_Kyushu_Okinawa_TourokuHanbaisha_Verified(1).txt
KUM-R1-C4-Q14,1,4,14,【正解２】,医薬品の販売広告に関する以下の記述のうち、誤っているものを一つ選びなさい。,True,R1_Kyushu_Okinawa_TourokuHanbaisha_Verified(1).txt
KUM-R1-C4-Q15,1,4,15,【正解２】,医薬品の陳列方法に関する以下の記述の正誤について、正しい組み合わせを下から一つ選びなさい。,True,R1_Kyushu_Okinawa_TourokuHanbaisha_Verified(1).txt
KUM-R1-C4-Q16,1,4,16,【正解３】,以下のうち、店舗販売業者が要指導医薬品又は第一類医薬品を販売し、又は授与した場合に、医薬品医療機器等法施行規則第１４６条第３項の規定により書面に記載しなければならないものとして、誤っているものを一つ選びなさい。,True,R1_Kyushu_Okinawa_TourokuHanbaisha_Verified(1).txt
KUM-R1-C4-Q17,1,4,17,【正解２】,薬局開設者及び店舗販売業者の遵守事項に関する以下の記述の正誤について、正しい組み合わせを下から一つ選びなさい。,True,R1_Kyushu_Okinawa_TourokuHanbaisha_Verified(1).txt
KUM-R1-C4-Q18,1,4,18,【正解４】,医薬品の広告方法に関する以下の記述のうち、誤っているものを一つ選びなさい。,True,R1_Kyushu_Okinawa_TourokuHanbaisha_Verified(1).txt
KUM-R1-C4-Q19,1,4,19,【正解１】,要指導医薬品又は一般用医薬品のリスク区分に応じた情報提供に関する以下の記述の正誤について、正しい組み合わせを下から一つ選びなさい。,True,R1_Kyushu_Okinawa_TourokuHanbaisha_Verified(1).txt
KUM-R1-C4-Q20,1,4,20,【正解１】,医薬品医療機器等法に基づく行政庁による監視指導及び処分に関する以下の記述のうち、誤っているものを一つ選びなさい。なお、本設問において、「都道府県知事」とは、「都道府県知事（薬局又は店舗販売業にあっては、その薬局又は店舗の所在地が保健所設置市又は特別区の区域にある場合においては、市長又は区長）」とする。,True,R1_Kyushu_Okinawa_TourokuHanbaisha_Verified(1).txt
KUM-R1-C5-Q01,1,5,1,【正解１】,医薬品の適正使用情報に関する以下の記述の正誤について、正しい組み合わせを下から一つ選びなさい。,True,R1_Kyushu_Okinawa_TourokuHanbaisha_Verified(1).txt
KUM-R1-C5-Q02,1,5,2,【正解４】,一般用医薬品の添付文書に関する以下の記述のうち、誤っているものを一つ選びなさい。,True,R1_Kyushu_Okinawa_TourokuHanbaisha_Verified(1).txt
KUM-R1-C5-Q03,1,5,3,【正解２】,一般用医薬品の添付文書の「使用上の注意」に関する以下の記述の正誤について、正しい組み合わせを下から一つ選びなさい。,True,R1_Kyushu_Okinawa_TourokuHanbaisha_Verified(1).txt
KUM-R1-C5-Q04,1,5,4,【正解３】,以下の成分のうち、それを含有する一般用医薬品の添付文書の｢次の症状がある人は使用（服用）しないこと｣に｢胃酸過多｣と記載されるものとして、正しいものを一つ選びなさい。,True,R1_Kyushu_Okinawa_TourokuHanbaisha_Verified(1).txt
KUM-R1-C5-Q05,1,5,5,【正解２】,以下の成分のうち、それを含有する一般用医薬品の添付文書に、｢服用後、乗物又は機械類の運転操作をしないこと｣の旨が記載されるべきものとして、誤っているものを一つ選びなさい。,True,R1_Kyushu_Okinawa_TourokuHanbaisha_Verified(1).txt
KUM-R1-C5-Q06,1,5,6,【正解４】,以下のうち、ブロメラインを含有する一般用医薬品の添付文書の「相談すること」に｢肝臓病の診断を受けた人｣と記載される理由について、正しいものを一つ選びなさい。,False,R1_Kyushu_Okinawa_TourokuHanbaisha_Verified(1).txt
KUM-R1-C5-Q07,1,5,7,【正解２】,以下の表のＡ欄は一般用医薬品の主な成分や薬効群、Ｂ欄はその一般用医薬品の使用上の注意の中で、「次の人は使用（服用）しないこと」とされている事項についての記述である。Ａ欄とＢ欄の関係が正しいものの組み合わせを下から一つ選びなさい。,True,R1_Kyushu_Okinawa_TourokuHanbaisha_Verified(1).txt
KUM-R1-C5-Q08,1,5,8,【正解３】,一般用医薬品の使用期限の表示に関する以下の記述のうち、正しいものの組み合わせを下から一つ選びなさい。,True,R1_Kyushu_Okinawa_TourokuHanbaisha_Verified(1).txt
KUM-R1-C5-Q09,1,5,9,【正解１】,一般用医薬品の保管及び取扱い上の注意に関する以下の記述のうち、正しいものを一つ選びなさい。,True,R1_Kyushu_Okinawa_TourokuHanbaisha_Verified(1).txt
KUM-R1-C5-Q10,1,5,10,【正解３】,医薬品等の安全性情報に関する以下の記述のうち、誤っているものを一つ選びなさい。,True,R1_Kyushu_Okinawa_TourokuHanbaisha_Verified(1).txt
KUM-R1-C5-Q11,1,5,11,【正解２】,以下の情報のうち、独立行政法人医薬品医療機器総合機構のホームページに掲載されているものの組み合わせを下から一つ選びなさい。,True,R1_Kyushu_Okinawa_TourokuHanbaisha_Verified(1).txt
KUM-R1-C5-Q12,1,5,12,【正解２】,医薬品の副作用情報等の収集に関する以下の記述のうち、正しいものの組み合わせを下から一つ選びなさい。,True,R1_Kyushu_Okinawa_TourokuHanbaisha_Verified(1).txt
KUM-R1-C5-Q13,1,5,13,【正解４】,医薬品の副作用情報等の収集、評価及び措置の内容に関する以下の記述の正誤について、正しい組み合わせを下から一つ選びなさい。,True,R1_Kyushu_Okinawa_TourokuHanbaisha_Verified(1).txt
KUM-R1-C5-Q14,1,5,14,【正解４】,医薬品による副作用等が疑われる場合の報告の仕方に関する以下の記述のうち、誤っているものを一つ選びなさい。,True,R1_Kyushu_Okinawa_TourokuHanbaisha_Verified(1).txt
KUM-R1-C5-Q15,1,5,15,【正解３】,医薬品副作用被害救済制度に関する以下の記述のうち、正しいものの組み合わせを下から一つ選びなさい。,True,R1_Kyushu_Okinawa_TourokuHanbaisha_Verified(1).txt
KUM-R1-C5-Q16,1,5,16,【正解１】,以下のうち、医薬品副作用被害救済制度の対象となるものについて、正しいものを下から一つ選びなさい。,False,R1_Kyushu_Okinawa_TourokuHanbaisha_Verified(1).txt
KUM-R1-C5-Q17,1,5,17,【正解２】,医薬品副作用被害救済制度の給付対象とならないケースのうち、製品不良など製薬企業に損害賠償責任がある場合の相談窓口として推奨されている機関を下から一つ選びなさい。,False,R1_Kyushu_Okinawa_TourokuHanbaisha_Verified(1).txt
KUM-R1-C5-Q18,1,5,18,【正解５】,これまでに日本国内において実施された一般用医薬品に対する主な安全対策に関する以下の関係の正誤について、正しい組み合わせを下から一つ選びなさい。,True,R1_Kyushu_Okinawa_TourokuHanbaisha_Verified(1).txt
KUM-R1-C5-Q19,1,5,19,【正解１】,医薬品の適正使用及びその啓発活動に関する以下の記述の正誤について、正しい組み合わせを下から一つ選びなさい。,True,R1_Kyushu_Okinawa_TourokuHanbaisha_Verified(1).txt
KUM-R1-C5-Q20,1,5,20,【正解３】,以下の成分を含む一般用医薬品のうち、メトヘモグロビン血症を起こすおそれがあるため、６歳未満の小児には使用（服用）しない旨が添付文書に記載されるものとして、正しいものを一つ選びなさい。,False,R1_Kyushu_Okinawa_TourokuHanbaisha_Verified(1).txt
KUM-R2-C1-Q01,2,1,1,【正解５】,医薬品の本質に関する以下の記述の正誤について、正しい組み合わせを下から一つ選びなさい。,True,R2_Kyushu_Okinawa_TourokuHanbaisha_Verified(1).txt
KUM-R2-C1-Q02,2,1,2,【正解１】,医薬品のリスク評価に関する以下の記述について、（ ）の中に入れるべき字句の正しい組み合わせを下から一つ選びなさい。,True,R2_Kyushu_Okinawa_TourokuHanbaisha_Verified(1).txt
KUM-R2-C1-Q03,2,1,3,【正解３】,以下の非臨床試験のうち、医薬品毒性試験法ガイドラインに沿った毒性試験として、誤っているものを一つ選びなさい。,True,R2_Kyushu_Okinawa_TourokuHanbaisha_Verified(1).txt
KUM-R2-C1-Q04,2,1,4,【正解５】,医薬品の基準に関する以下の組み合わせについて、正しいものを一つ選びなさい。,True,R2_Kyushu_Okinawa_TourokuHanbaisha_Verified(1).txt
KUM-R2-C1-Q05,2,1,5,【正解３】,健康食品に関する以下の記述の正誤について、正しい組み合わせを下から一つ選びなさい。,True,R2_Kyushu_Okinawa_TourokuHanbaisha_Verified(1).txt
KUM-R2-C1-Q06,2,1,6,【正解５】,医薬品の副作用に関する以下の記述について、（ ）の中に入れるべき字句の正しい組み合わせを下から一つ選びなさい。,True,R2_Kyushu_Okinawa_TourokuHanbaisha_Verified(1).txt
KUM-R2-C1-Q07,2,1,7,【正解３】,医薬品の副作用に関する以下の記述のうち、正しいものの組み合わせを下から一つ選びなさい。,True,R2_Kyushu_Okinawa_TourokuHanbaisha_Verified(1).txt
KUM-R2-C1-Q08,2,1,8,【正解２】,アレルギー（過敏反応）に関する以下の記述のうち、誤っているものを一つ選びなさい。,True,R2_Kyushu_Okinawa_TourokuHanbaisha_Verified(1).txt
KUM-R2-C1-Q09,2,1,9,【正解５】,医薬品の適正使用に関する以下の記述の正誤について、正しい組み合わせを下から一つ選びなさい。,True,R2_Kyushu_Okinawa_TourokuHanbaisha_Verified(1).txt
KUM-R2-C1-Q10,2,1,10,【正解４】,医薬品や食品の相互作用に関する以下の記述のうち、正しいものを一つ選びなさい。,True,R2_Kyushu_Okinawa_TourokuHanbaisha_Verified(1).txt
KUM-R2-C1-Q11,2,1,11,【正解４】,医薬品の適正使用に関して、以下のような購入者に対する対応として、最も適切なものを下から一つ選びなさい。,True,R2_Kyushu_Okinawa_TourokuHanbaisha_Verified(1).txt
KUM-R2-C1-Q12,2,1,12,【正解５】,小児等への医薬品の使用に関する以下の記述の正誤について、正しい組み合わせを下から一つ選びなさい。,True,R2_Kyushu_Okinawa_TourokuHanbaisha_Verified(1).txt
KUM-R2-C1-Q13,2,1,13,【正解２】,高齢者への医薬品の使用に関する以下の記述のうち、正しいものを一つ選びなさい。,True,R2_Kyushu_Okinawa_TourokuHanbaisha_Verified(1).txt
KUM-R2-C1-Q14,2,1,14,【正解２】,プラセボ効果に関する以下の記述のうち、正しいものの組み合わせを下から一つ選びなさい。,True,R2_Kyushu_Okinawa_TourokuHanbaisha_Verified(1).txt
KUM-R2-C1-Q15,2,1,15,【正解４】,医薬品の品質に関する以下の記述の正誤について、正しい組み合わせを下から一つ選びなさい。,True,R2_Kyushu_Okinawa_TourokuHanbaisha_Verified(1).txt
KUM-R2-C1-Q16,2,1,16,【正解３】,医薬品医療機器等法第４条第５項第４号で定義されている一般用医薬品に関する以下の記述について、（ ）の中に入れるべき字句の正しい組み合わせを下から一つ選びなさい。,True,R2_Kyushu_Okinawa_TourokuHanbaisha_Verified(1).txt
KUM-R2-C1-Q17,2,1,17,【正解４】,セルフメディケーションに関する以下の記述の正誤について、正しい組み合わせを下から一つ選びなさい。,True,R2_Kyushu_Okinawa_TourokuHanbaisha_Verified(1).txt
KUM-R2-C1-Q18,2,1,18,【正解１】,一般用医薬品販売時のコミュニケーションに関する以下の記述のうち、正しいものの組み合わせを下から一つ選びなさい。,True,R2_Kyushu_Okinawa_TourokuHanbaisha_Verified(1).txt
KUM-R2-C1-Q19,2,1,19,【正解３】,一般用医薬品の役割に関する以下の記述のうち、誤っているものを一つ選びなさい。,True,R2_Kyushu_Okinawa_TourokuHanbaisha_Verified(1).txt
KUM-R2-C1-Q20,2,1,20,【正解４】,以下は医薬品による副作用等に関する訴訟についての記述である。このうち、訴訟の原因となった医薬品が一般用医薬品として販売されていたものの組み合わせを下から一つ選びなさい。,True,R2_Kyushu_Okinawa_TourokuHanbaisha_Verified(1).txt
KUM-R2-C2-Q01,2,2,1,【正解１】,口腔に関する以下の記述のうち、誤っているものを一つ選びなさい。,True,R2_Kyushu_Okinawa_TourokuHanbaisha_Verified(1).txt
KUM-R2-C2-Q02,2,2,2,【正解３】,消化器系に関する以下の記述の正誤について、正しい組み合わせを下から一つ選びなさい。,True,R2_Kyushu_Okinawa_TourokuHanbaisha_Verified(1).txt
KUM-R2-C2-Q03,2,2,3,【正解３】,呼吸器系に関する以下の記述のうち、正しいものの組み合わせを下から一つ選びなさい。,True,R2_Kyushu_Okinawa_TourokuHanbaisha_Verified(1).txt
KUM-R2-C2-Q04,2,2,4,【正解１】,循環器系に関する以下の記述のうち、誤っているものを一つ選びなさい。,True,R2_Kyushu_Okinawa_TourokuHanbaisha_Verified(1).txt
KUM-R2-C2-Q05,2,2,5,【正解２】,泌尿器系に関する以下の記述の正誤について、正しい組み合わせを下から一つ選びなさい。,True,R2_Kyushu_Okinawa_TourokuHanbaisha_Verified(1).txt
KUM-R2-C2-Q06,2,2,6,【正解４】,目に関する以下の記述のうち、正しいものの組み合わせを下から一つ選びなさい。,True,R2_Kyushu_Okinawa_TourokuHanbaisha_Verified(1).txt
KUM-R2-C2-Q07,2,2,7,【正解４】,鼻及び耳に関する以下の記述のうち、誤っているものを一つ選びなさい。,True,R2_Kyushu_Okinawa_TourokuHanbaisha_Verified(1).txt
KUM-R2-C2-Q08,2,2,8,【正解３】,外皮系に関する以下の記述の正誤について、正しい組み合わせを下から一つ選びなさい。,True,R2_Kyushu_Okinawa_TourokuHanbaisha_Verified(1).txt
KUM-R2-C2-Q09,2,2,9,【正解２】,骨格系及び筋組織に関する以下の記述のうち、正しいものの組み合わせを下から一つ選びなさい。,True,R2_Kyushu_Okinawa_TourokuHanbaisha_Verified(1).txt
KUM-R2-C2-Q10,2,2,10,【正解５】,中枢神経系に関する以下の記述の正誤について、正しい組み合わせを下から一つ選びなさい。,True,R2_Kyushu_Okinawa_TourokuHanbaisha_Verified(1).txt
KUM-R2-C2-Q11,2,2,11,【正解４】,自律神経系の作用による効果器の反応に関する以下の記述のうち、誤っているものを一つ選びなさい。,True,R2_Kyushu_Okinawa_TourokuHanbaisha_Verified(1).txt
KUM-R2-C2-Q12,2,2,12,【正解４】,医薬品の吸収、代謝及び排泄に関する以下の記述の正誤について、正しい組み合わせを下から一つ選びなさい。,True,R2_Kyushu_Okinawa_TourokuHanbaisha_Verified(1).txt
KUM-R2-C2-Q13,2,2,13,【正解１】,医薬品の剤形に関する以下の記述について、正しいものの組み合わせを下から一つ選びなさい。,True,R2_Kyushu_Okinawa_TourokuHanbaisha_Verified(1).txt
KUM-R2-C2-Q14,2,2,14,【正解１】,皮膚粘膜眼症候群に関する以下の記述の正誤について、正しい組み合わせを下から一つ選びなさい。,True,R2_Kyushu_Okinawa_TourokuHanbaisha_Verified(1).txt
KUM-R2-C2-Q15,2,2,15,【正解２】,医薬品の副作用に関する以下の記述のうち、誤っているものを一つ選びなさい。,True,R2_Kyushu_Okinawa_TourokuHanbaisha_Verified(1).txt
KUM-R2-C2-Q16,2,2,16,【正解１】,精神神経系に現れる副作用に関する以下の記述のうち、正しいものの組み合わせを下から一つ選びなさい。,True,R2_Kyushu_Okinawa_TourokuHanbaisha_Verified(1).txt
KUM-R2-C2-Q17,2,2,17,【正解５】,消化器系に現れる副作用に関する以下の記述の正誤について、正しい組み合わせを下から一つ選びなさい。,True,R2_Kyushu_Okinawa_TourokuHanbaisha_Verified(1).txt
KUM-R2-C2-Q18,2,2,18,【正解２】,呼吸器系に現れる副作用に関する以下の記述のうち、誤っているものを一つ選びなさい。,True,R2_Kyushu_Okinawa_TourokuHanbaisha_Verified(1).txt
KUM-R2-C2-Q19,2,2,19,【正解３】,循環器系及び泌尿器系に現れる副作用に関する以下の記述の正誤について、正しい組み合わせを下から一つ選びなさい。,True,R2_Kyushu_Okinawa_TourokuHanbaisha_Verified(1).txt
KUM-R2-C2-Q20,2,2,20,【正解４】,感覚器系及び皮膚に現れる副作用に関する以下の記述のうち、正しいものの組み合わせを下から一つ選びなさい。,True,R2_Kyushu_Okinawa_TourokuHanbaisha_Verified(1).txt
KUM-R2-C3-Q01,2,3,1,【正解２】,かぜ薬に配合される成分及びその期待される主な作用の関係について、正しい組み合わせを下から一つ選びなさい。,True,R2_Kyushu_Okinawa_TourokuHanbaisha_Verified(1).txt
KUM-R2-C3-Q02,2,3,2,【正解１】,次の表は、あるかぜ薬に含まれている成分の一覧である。この医薬品に関する以下の記述のうち、正しいものの組み合わせを下から一つ選びなさい。,True,R2_Kyushu_Okinawa_TourokuHanbaisha_Verified(1).txt
KUM-R2-C3-Q03,2,3,3,【正解４】,解熱鎮痛薬に含まれる成分に関する以下の記述のうち、正しいものを一つ選びなさい。,True,R2_Kyushu_Okinawa_TourokuHanbaisha_Verified(1).txt
KUM-R2-C3-Q04,2,3,4,【正解４】,コレステロールに関する以下の記述の正誤について、正しい組み合わせを下から一つ選びなさい。,True,R2_Kyushu_Okinawa_TourokuHanbaisha_Verified(1).txt
KUM-R2-C3-Q05,2,3,5,【正解２】,カフェインに関する以下の記述について、（ ）の中に入れるべき数字の正しい組み合わせを下から一つ選びなさい。,True,R2_Kyushu_Okinawa_TourokuHanbaisha_Verified(1).txt
KUM-R2-C3-Q06,2,3,6,【正解３】,眠気を促す薬及びその配合成分に関する以下の記述の正誤について、正しい組み合わせを下から一つ選びなさい。,True,R2_Kyushu_Okinawa_TourokuHanbaisha_Verified(1).txt
KUM-R2-C3-Q07,2,3,7,【正解２】,以下のかぜの症状の緩和に用いられる漢方処方製剤のうち、構成生薬としてカンゾウ及びマオウの両方を含むものを下から一つ選びなさい。,True,R2_Kyushu_Okinawa_TourokuHanbaisha_Verified(1).txt
KUM-R2-C3-Q08,2,3,8,【正解５】,胃腸鎮痛鎮痙薬に関する以下の記述の正誤について、正しい組み合わせを下から一つ選びなさい。,True,R2_Kyushu_Okinawa_TourokuHanbaisha_Verified(1).txt
KUM-R2-C3-Q09,2,3,9,【正解３】,鎮暈薬（乗り物酔い防止薬）に配合される成分に関する以下の記述の正誤について、正しい組み合わせを下から一つ選びなさい。,True,R2_Kyushu_Okinawa_TourokuHanbaisha_Verified(1).txt
KUM-R2-C3-Q10,2,3,10,【正解２】,鎮咳去痰薬に配合される成分に関する以下の記述の正誤について、正しい組み合わせを下から一つ選びなさい。,True,R2_Kyushu_Okinawa_TourokuHanbaisha_Verified(1).txt
KUM-R2-C3-Q11,2,3,11,【正解３】,鎮咳去痰薬に配合される生薬成分に関する以下の記述のうち、誤っているものを一つ選びなさい。,True,R2_Kyushu_Okinawa_TourokuHanbaisha_Verified(1).txt
KUM-R2-C3-Q12,2,3,12,【正解５】,口腔咽喉薬及びうがい薬（含嗽薬）とその配合される成分に関する以下の記述の正誤について、正しい組み合わせを下から一つ選びなさい。,True,R2_Kyushu_Okinawa_TourokuHanbaisha_Verified(1).txt
KUM-R2-C3-Q13,2,3,13,【正解２】,胃に作用する薬の配合成分及びその主な作用との関係について、正しい組み合わせを下から一つ選びなさい。,True,R2_Kyushu_Okinawa_TourokuHanbaisha_Verified(1).txt
KUM-R2-C3-Q14,2,3,14,【正解１】,止瀉薬に配合される成分に関する以下の記述のうち、正しいものの組み合わせを下から一つ選びなさい。,True,R2_Kyushu_Okinawa_TourokuHanbaisha_Verified(1).txt
KUM-R2-C3-Q15,2,3,15,【正解１】,瀉下薬に配合される成分に関する以下の記述の正誤について、正しい組み合わせを下から一つ選びなさい。,True,R2_Kyushu_Okinawa_TourokuHanbaisha_Verified(1).txt
KUM-R2-C3-Q16,2,3,16,【正解２】,強心薬及びその配合成分に関する以下の記述の正誤について、正しい組み合わせを下から一つ選びなさい。,True,R2_Kyushu_Okinawa_TourokuHanbaisha_Verified(1).txt
KUM-R2-C3-Q17,2,3,17,【正解５】,小児の疳を適応症とする生薬製剤・漢方処方製剤（小児鎮静薬）に関する以下の記述の正誤について、正しい組み合わせを下から一つ選びなさい。,True,R2_Kyushu_Okinawa_TourokuHanbaisha_Verified(1).txt
KUM-R2-C3-Q18,2,3,18,【正解１】,貧血用薬に配合される鉄以外の金属成分に関する以下の記述について、（ ）の中に入れるべき字句の正しい組み合わせを下から一つ選びなさい。なお、同じ記号の（ ）内には同じ字句が入ります。,True,R2_Kyushu_Okinawa_TourokuHanbaisha_Verified(1).txt
KUM-R2-C3-Q19,2,3,19,【正解３】,痔及び痔疾用薬に関する以下の記述の正誤について、正しい組み合わせを下から一つ選びなさい。,True,R2_Kyushu_Okinawa_TourokuHanbaisha_Verified(1).txt
KUM-R2-C3-Q20,2,3,20,【正解２】,外用痔疾用薬に配合される成分に関する以下の記述の正誤について、正しい組み合わせを下から一つ選びなさい。,True,R2_Kyushu_Okinawa_TourokuHanbaisha_Verified(1).txt
KUM-R2-C3-Q21,2,3,21,【正解４】,月経及び婦人薬の適用対象となる体質・症状に関する以下の記述の正誤について、正しい組み合わせを下から一つ選びなさい。,True,R2_Kyushu_Okinawa_TourokuHanbaisha_Verified(1).txt
KUM-R2-C3-Q22,2,3,22,【正解１】,以下の記述にあてはまる婦人薬の漢方処方製剤として、最も適切なものを下から一つ選びなさい。,True,R2_Kyushu_Okinawa_TourokuHanbaisha_Verified(1).txt
KUM-R2-C3-Q23,2,3,23,【正解５】,アレルギーの症状の仕組みに関する以下の記述について、（ ）の中に入れるべき字句の正しい組み合わせを下から一つ選びなさい。 なお、同じ記号の（ ）内には同じ字句が入ります。,True,R2_Kyushu_Okinawa_TourokuHanbaisha_Verified(1).txt
KUM-R2-C3-Q24,2,3,24,【正解３】,アレルギー用薬の配合成分に関する以下の記述のうち、誤っているものを一つ選びなさい。,True,R2_Kyushu_Okinawa_TourokuHanbaisha_Verified(1).txt
KUM-R2-C3-Q25,2,3,25,【正解４】,鼻炎及び鼻に用いる薬に関する以下の記述の正誤について、正しい組み合わせを下から一つ選びなさい。,True,R2_Kyushu_Okinawa_TourokuHanbaisha_Verified(1).txt
KUM-R2-C3-Q26,2,3,26,【正解４】,点眼薬に関する以下の記述の正誤について、正しい組み合わせを下から一つ選びなさい。,True,R2_Kyushu_Okinawa_TourokuHanbaisha_Verified(1).txt
KUM-R2-C3-Q27,2,3,27,【正解２】,眼科用薬に配合される成分に関する以下の記述について、正しいものの組み合わせを下から一つ選びなさい。,True,R2_Kyushu_Okinawa_TourokuHanbaisha_Verified(1).txt
KUM-R2-C3-Q28,2,3,28,【正解４】,外皮用薬の配合成分に関する以下の記述のうち、誤っているものを一つ選びなさい。,True,R2_Kyushu_Okinawa_TourokuHanbaisha_Verified(1).txt
KUM-R2-C3-Q29,2,3,29,【正解４】,外皮用薬に配合される成分及びその主な作用に関する以下の関係の正誤について、正しい組み合わせを下から一つ選びなさい。,True,R2_Kyushu_Okinawa_TourokuHanbaisha_Verified(1).txt
KUM-R2-C3-Q30,2,3,30,【正解１】,傷口等の殺菌消毒薬に関する以下の記述の正誤について、正しい組み合わせを下から一つ選びなさい。,True,R2_Kyushu_Okinawa_TourokuHanbaisha_Verified(1).txt
KUM-R2-C3-Q31,2,3,31,【正解３】,歯痛薬及び歯槽膿漏薬に用いる成分に関する以下の記述の正誤について、正しい組み合わせを下から一つ選びなさい。,True,R2_Kyushu_Okinawa_TourokuHanbaisha_Verified(1).txt
KUM-R2-C3-Q32,2,3,32,【正解３】,口内炎及び口内炎用薬に関する以下の記述のうち、誤っているものを一つ選びなさい。,True,R2_Kyushu_Okinawa_TourokuHanbaisha_Verified(1).txt
KUM-R2-C3-Q33,2,3,33,【正解１】,禁煙補助剤に関する以下の記述の正誤について、正しい組み合わせを下から一つ選びなさい。,True,R2_Kyushu_Okinawa_TourokuHanbaisha_Verified(1).txt
KUM-R2-C3-Q34,2,3,34,【正解３】,滋養強壮保健薬に関する以下の記述の正誤について、正しい組み合わせを下から一つ選びなさい。,True,R2_Kyushu_Okinawa_TourokuHanbaisha_Verified(1).txt
KUM-R2-C3-Q35,2,3,35,【正解２】,滋養強壮保健薬に配合される成分と目的とする作用の関係について、正しいものの組み合わせを下から一つ選びなさい。,True,R2_Kyushu_Okinawa_TourokuHanbaisha_Verified(1).txt
KUM-R2-C3-Q36,2,3,36,【正解２】,漢方処方製剤に関する以下の記述について、正しいものの組み合わせを下から一つ選びなさい。,True,R2_Kyushu_Okinawa_TourokuHanbaisha_Verified(1).txt
KUM-R2-C3-Q37,2,3,37,【正解２】,漢方処方製剤に関する以下の記述について、（ ）の中に入れるべき字句の正しい組み合わせを下から一つ選びなさい。,True,R2_Kyushu_Okinawa_TourokuHanbaisha_Verified(1).txt
KUM-R2-C3-Q38,2,3,38,【正解１】,消毒薬に用いられる成分に関する以下の記述のうち、誤っているものを一つ選びなさい。,True,R2_Kyushu_Okinawa_TourokuHanbaisha_Verified(1).txt
KUM-R2-C3-Q39,2,3,39,【正解４】,忌避剤及び殺虫剤に関する以下の記述の正誤について、正しい組み合わせを下から一つ選びなさい。,True,R2_Kyushu_Okinawa_TourokuHanbaisha_Verified(1).txt
KUM-R2-C3-Q40,2,3,40,【正解４】,一般用検査薬に関する以下の記述のうち、誤っているものを一つ選びなさい。,True,R2_Kyushu_Okinawa_TourokuHanbaisha_Verified(1).txt
KUM-R2-C4-Q01,2,4,1,【正解１】,医薬品医療機器等法の総則に関する以下の記述のうち、誤っているものを一つ選びなさい。,True,R2_Kyushu_Okinawa_TourokuHanbaisha_Verified(1).txt
KUM-R2-C4-Q02,2,4,2,【正解４】,医薬品及び医療機器に関する以下の記述のうち、正しいものの組み合わせを下から一つ選びなさい。,True,R2_Kyushu_Okinawa_TourokuHanbaisha_Verified(1).txt
KUM-R2-C4-Q03,2,4,3,【正解３】,要指導医薬品及び一般用医薬品に関する以下の記述の正誤について、正しい組み合わせを下から一つ選びなさい。,True,R2_Kyushu_Okinawa_TourokuHanbaisha_Verified(1).txt
KUM-R2-C4-Q04,2,4,4,【正解４】,医薬品の容器（直接の容器又は被包）又は外箱等（外部の容器又は被包）への記載に関する以下の記述について、誤っているものを一つ選びなさい。,True,R2_Kyushu_Okinawa_TourokuHanbaisha_Verified(1).txt
KUM-R2-C4-Q05,2,4,5,【正解４】,化粧品に関する以下の記述の正誤について、正しい組み合わせを下から一つ選びなさい。,True,R2_Kyushu_Okinawa_TourokuHanbaisha_Verified(1).txt
KUM-R2-C4-Q06,2,4,6,【正解３】,薬局及び店舗販売業に関する以下の記述のうち、誤っているものを一つ選びなさい。,True,R2_Kyushu_Okinawa_TourokuHanbaisha_Verified(1).txt
KUM-R2-C4-Q07,2,4,7,【正解２】,要指導医薬品又は一般用医薬品の販売時における情報提供等に関する以下の記述のうち、正しいものを一つ選びなさい。,True,R2_Kyushu_Okinawa_TourokuHanbaisha_Verified(1).txt
KUM-R2-C4-Q08,2,4,8,【正解３】,薬局及び店舗販売業における要指導医薬品及び一般用医薬品の販売又は陳列等に関する以下の記述のうち、正しいものの組み合わせを下から一つ選びなさい。,True,R2_Kyushu_Okinawa_TourokuHanbaisha_Verified(1).txt
KUM-R2-C4-Q09,2,4,9,【正解３】,以下のうち、店舗販売業者が医薬品のリスク区分に応じた情報提供又は相談対応の実効性を高めるため、当該店舗の見やすい場所に掲示しなければならないものとして、誤っているものを一つ選びなさい。,False,R2_Kyushu_Okinawa_TourokuHanbaisha_Verified(1).txt
KUM-R2-C4-Q10,2,4,10,【正解２】,販売従事登録に関する以下の記述の正誤について、正しい組み合わせを下から一つ選びなさい。,True,R2_Kyushu_Okinawa_TourokuHanbaisha_Verified(1).txt
KUM-R2-C4-Q11,2,4,11,【正解５】,登録販売者に関する以下の記述の正誤について、正しい組み合わせを下から一つ選びなさい。なお、本設問において、「都道府県知事」とは、「都道府県知事（薬局又は店舗販売業にあっては、その薬局又は店舗の所在地が保健所設置市又は特別区の区域にある場合においては、市長又は区長）」とする。,True,R2_Kyushu_Okinawa_TourokuHanbaisha_Verified(1).txt
KUM-R2-C4-Q12,2,4,12,【正解４】,毒薬及び劇薬に関する以下の記述のうち、誤っているものを一つ選びなさい。,True,R2_Kyushu_Okinawa_TourokuHanbaisha_Verified(1).txt
KUM-R2-C4-Q13,2,4,13,【正解５】,以下のうち、毒薬又は劇薬を販売又は譲渡する際に、医薬品医療機器等法第４６条第１項の規定により、当該医薬品を譲り受ける者から交付を受ける文書に記載されていなければならないものとして誤っているものを一つ選びなさい。,True,R2_Kyushu_Okinawa_TourokuHanbaisha_Verified(1).txt
KUM-R2-C4-Q14,2,4,14,【正解３】,以下のうち、特別用途食品でないものを一つ選びなさい。,False,R2_Kyushu_Okinawa_TourokuHanbaisha_Verified(1).txt
KUM-R2-C4-Q15,2,4,15,【正解１】,保健機能食品に関する以下の記述の正誤について、正しい組み合わせを下から一つ選びなさい。,True,R2_Kyushu_Okinawa_TourokuHanbaisha_Verified(1).txt
KUM-R2-C4-Q16,2,4,16,【正解５】,以下の医薬品の有効成分のうち、医薬品医療機器等法施行規則第１５条の２の規定に基づき、その成分、その水和物及びそれらの塩類を含む製剤が濫用等のおそれのある医薬品として指定されているものでないものを一つ選びなさい。,True,R2_Kyushu_Okinawa_TourokuHanbaisha_Verified(1).txt
KUM-R2-C4-Q17,2,4,17,【正解１】,以下のうち、医薬品等の広告として適切でないものの組み合わせを下から一つ選びなさい。,True,R2_Kyushu_Okinawa_TourokuHanbaisha_Verified(1).txt
KUM-R2-C4-Q18,2,4,18,【正解１】,一般用医薬品の広告に関する以下の記述のうち、誤っているものを一つ選びなさい。,True,R2_Kyushu_Okinawa_TourokuHanbaisha_Verified(1).txt
KUM-R2-C4-Q19,2,4,19,【正解２】,以下のうち、店舗販売業者による一般の生活者に対する医薬品の適正な販売又は授与の方法として正しいものを一つ選びなさい。,True,R2_Kyushu_Okinawa_TourokuHanbaisha_Verified(1).txt
KUM-R2-C4-Q20,2,4,20,【正解１】,医薬品医療機器等法に基づく行政庁による監視指導及び処分に関する以下の記述の正誤について、正しい組み合わせを下から一つ選びなさい。なお、本設問において、「都道府県知事」とは、「都道府県知事（薬局又は店舗販売業にあっては、その薬局又は店舗の所在地が保健所設置市又は特別区の区域にある場合においては、市長又は区長）」とする。,True,R2_Kyushu_Okinawa_TourokuHanbaisha_Verified(1).txt
KUM-R2-C5-Q01,2,5,1,【正解３】,以下の成分を含有する一般用医薬品の添付文書中、｢相談すること｣の項に記載されている｢次の診断を受けた人｣の項に掲げる基礎疾患と、相談しなければならない理由について、正しい組み合わせを下から一つ選びなさい。,True,R2_Kyushu_Okinawa_TourokuHanbaisha_Verified(1).txt
KUM-R2-C5-Q02,2,5,2,【正解４】,一般用医薬品の添付文書に関する以下の記述の正誤について、正しい組み合わせを下から一つ選びなさい。,True,R2_Kyushu_Okinawa_TourokuHanbaisha_Verified(1).txt
KUM-R2-C5-Q03,2,5,3,【正解２】,以下の配合成分のうち、一般用医薬品の添付文書の「してはいけないこと」の項に「服用後、乗物又は機械類の運転操作をしないこと」と記載されるものとして、誤っているものを一つ選びなさい。,True,R2_Kyushu_Okinawa_TourokuHanbaisha_Verified(1).txt
KUM-R2-C5-Q04,2,5,4,【正解１】,一般用医薬品の添付文書における使用上の注意に関する以下の記述の正誤について、正しい組み合わせを下から一つ選びなさい。,True,R2_Kyushu_Okinawa_TourokuHanbaisha_Verified(1).txt
KUM-R2-C5-Q05,2,5,5,【正解１】,一般用医薬品の添付文書における副作用等の記載に関する以下の記述のうち、誤っているものを一つ選びなさい。,True,R2_Kyushu_Okinawa_TourokuHanbaisha_Verified(1).txt
KUM-R2-C5-Q06,2,5,6,【正解４】,以下の配合成分のうち、一般用医薬品の添付文書の「してはいけないこと」の項に、乳児に頻脈を起こすおそれがあるため、「授乳中の人は本剤を服用しないか、本剤を服用する場合は授乳を避けること」と記載されるものとして、正しいものを一つ選びなさい。,True,R2_Kyushu_Okinawa_TourokuHanbaisha_Verified(1).txt
KUM-R2-C5-Q07,2,5,7,【正解５】,一般用医薬品の保管及び取扱い上の注意に関する以下の記述の正誤について、正しい組み合わせを下から一つ選びなさい。,True,R2_Kyushu_Okinawa_TourokuHanbaisha_Verified(1).txt
KUM-R2-C5-Q08,2,5,8,【正解２】,医薬品の製品表示に関する以下の記述について、（ ）の中に入れるべき字句を下から一つ選びなさい。,True,R2_Kyushu_Okinawa_TourokuHanbaisha_Verified(1).txt
KUM-R2-C5-Q09,2,5,9,【正解３】,医薬品の適正使用情報に関する以下の記述のうち、正しいものの組み合わせを下から一つ選びなさい。,True,R2_Kyushu_Okinawa_TourokuHanbaisha_Verified(1).txt
KUM-R2-C5-Q10,2,5,10,【正解３】,医薬品・医療機器等安全性情報報告制度に関する以下の記述の正誤について、正しい組み合わせを下から一つ選びなさい。,True,R2_Kyushu_Okinawa_TourokuHanbaisha_Verified(1).txt
KUM-R2-C5-Q11,2,5,11,【正解４】,医薬品副作用被害救済制度における給付の種類と請求の期限の関係について、正しい組み合わせを下から一つ選びなさい。,True,R2_Kyushu_Okinawa_TourokuHanbaisha_Verified(1).txt
KUM-R2-C5-Q12,2,5,12,【正解２】,以下のうち、医薬品副作用被害救済制度の対象となる医薬品として、正しいものを一つ選びなさい。,False,R2_Kyushu_Okinawa_TourokuHanbaisha_Verified(1).txt
KUM-R2-C5-Q13,2,5,13,【正解４】,医薬品ＰＬセンターに関する以下の記述のうち、正しいものの組み合わせを下から一つ選びなさい。,True,R2_Kyushu_Okinawa_TourokuHanbaisha_Verified(1).txt
KUM-R2-C5-Q14,2,5,14,【正解３】,企業からの副作用等の報告制度に関する以下の記述のうち、正しいものの組み合わせを下から一つ選びなさい。,True,R2_Kyushu_Okinawa_TourokuHanbaisha_Verified(1).txt
KUM-R2-C5-Q15,2,5,15,【正解４】,医薬品の副作用等による健康被害の救済に関する以下の記述のうち、正しいものを一つ選びなさい。,True,R2_Kyushu_Okinawa_TourokuHanbaisha_Verified(1).txt
KUM-R2-C5-Q16,2,5,16,【正解２】,医薬品・医療機器等安全性情報報告制度に関する以下の記述のうち、正しいものの組み合わせを下から一つ選びなさい。,True,R2_Kyushu_Okinawa_TourokuHanbaisha_Verified(1).txt
KUM-R2-C5-Q17,2,5,17,【正解２】,以下の医薬品の販売に従事する登録販売者と購入者の会話のうち、医薬品の適正使用・安全対策に関する登録販売者の対応として最も適切なものを一つ選びなさい。,True,R2_Kyushu_Okinawa_TourokuHanbaisha_Verified(1).txt
KUM-R2-C5-Q18,2,5,18,【正解５】,一般用医薬品の安全対策に関する以下の記述について、（ ）の中に入れるべき字句の正しい組み合わせを下から一つ選びなさい。 なお、同じ記号の（ ）内には同じ字句が入ります。,True,R2_Kyushu_Okinawa_TourokuHanbaisha_Verified(1).txt
KUM-R2-C5-Q19,2,5,19,【正解２】,一般用医薬品の安全対策に関する以下の記述について、（ ）の中に入れるべき字句の正しい組み合わせを下から一つ選びなさい。 なお、同じ記号の（ ）内には同じ字句が入ります。,True,R2_Kyushu_Okinawa_TourokuHanbaisha_Verified(1).txt
KUM-R2-C5-Q20,2,5,20,【正解１】,医薬品の適正使用のための啓発活動に関する以下の記述の正誤について、正しい組み合わせを下から一つ選びなさい。,True,R2_Kyushu_Okinawa_TourokuHanbaisha_Verified(1).txt
KUM-R3-C1-Q01,3,1,1,【正解３】,副作用に関する以下の記述の正誤について、正しい組み合わせを下から一つ選びなさい。,True,R3_Kyushu_Okinawa_TourokuHanbaisha_Verified(1).txt
KUM-R3-C1-Q02,3,1,2,【正解３】,医薬品の使用に関する以下の記述の正誤について、正しい組み合わせを下から一つ選びなさい。,True,R3_Kyushu_Okinawa_TourokuHanbaisha_Verified(1).txt
KUM-R3-C1-Q03,3,1,3,【正解２】,医薬品と食品に含まれる成分及びそれらの相互作用に関する以下の記述のうち、正しいものの組み合わせを下から一つ選びなさい。,True,R3_Kyushu_Okinawa_TourokuHanbaisha_Verified(1).txt
KUM-R3-C1-Q04,3,1,4,【正解４】,医薬品の相互作用に関する以下の記述のうち、正しいものの組み合わせを下から一つ選びなさい。,True,R3_Kyushu_Okinawa_TourokuHanbaisha_Verified(1).txt
KUM-R3-C1-Q05,3,1,5,【正解２】,小児への医薬品の使用に関する以下の記述の正誤について、正しい組み合わせを下から一つ選びなさい。,True,R3_Kyushu_Okinawa_TourokuHanbaisha_Verified(1).txt
KUM-R3-C1-Q06,3,1,6,【正解４】,高齢者の医薬品の使用に関する以下の記述のうち、正しいものの組み合わせを下から一つ選びなさい。,True,R3_Kyushu_Okinawa_TourokuHanbaisha_Verified(1).txt
KUM-R3-C1-Q07,3,1,7,【正解２】,医薬品のプラセボ効果に関する以下の記述のうち、正しいものの組み合わせを下から一つ選びなさい。,True,R3_Kyushu_Okinawa_TourokuHanbaisha_Verified(1).txt
KUM-R3-C1-Q08,3,1,8,【正解５】,医薬品の品質に関する以下の記述の正誤について、正しい組み合わせを下から一つ選びなさい。,True,R3_Kyushu_Okinawa_TourokuHanbaisha_Verified(1).txt
KUM-R3-C1-Q09,3,1,9,【正解４】,以下の項目のうち、一般用医薬品の役割として、誤っているものを一つ選びなさい。,True,R3_Kyushu_Okinawa_TourokuHanbaisha_Verified(1).txt
KUM-R3-C1-Q10,3,1,10,【正解２】,妊婦、妊娠していると思われる女性又は授乳婦に関する以下の記述の正誤について、正しい組み合わせを下から一つ選びなさい。,True,R3_Kyushu_Okinawa_TourokuHanbaisha_Verified(1).txt
KUM-R3-C1-Q11,3,1,11,【正解３】,医薬品の本質に関する以下の記述の正誤について、正しい組み合わせを下から一つ選びなさい。,True,R3_Kyushu_Okinawa_TourokuHanbaisha_Verified(1).txt
KUM-R3-C1-Q12,3,1,12,【正解３】,販売時のコミュニケーションに関する以下の記述の正誤について、正しい組み合わせを下から一つ選びなさい。,True,R3_Kyushu_Okinawa_TourokuHanbaisha_Verified(1).txt
KUM-R3-C1-Q13,3,1,13,【正解４】,一般用医薬品で対処可能な症状等の範囲に関する以下の記述の正誤について、正しい組み合わせを下から一つ選びなさい。,True,R3_Kyushu_Okinawa_TourokuHanbaisha_Verified(1).txt
KUM-R3-C1-Q14,3,1,14,【正解４】,医薬品のリスク評価に関する以下の記述のうち、正しいものの組み合せを下から一つ選びなさい。,True,R3_Kyushu_Okinawa_TourokuHanbaisha_Verified(1).txt
KUM-R3-C1-Q15,3,1,15,【正解３】,販売時のコミュニケーションに関する以下の記述の正誤について、正しい組み合わせを下から一つ選びなさい。,True,R3_Kyushu_Okinawa_TourokuHanbaisha_Verified(1).txt
KUM-R3-C1-Q16,3,1,16,【正解２】,健康食品に関する以下の記述のうち、正しいものの組み合わせを下から一つ選びなさい。,True,R3_Kyushu_Okinawa_TourokuHanbaisha_Verified(1).txt
KUM-R3-C1-Q17,3,1,17,【正解２】,医薬品による副作用等に対する基本的な考え方に関する以下の記述のうち、正しいものの組み合わせを下から一つ選びなさい。,True,R3_Kyushu_Okinawa_TourokuHanbaisha_Verified(1).txt
KUM-R3-C1-Q18,3,1,18,【正解１】,サリドマイド製剤及びサリドマイド訴訟に関する以下の記述のうち、正しいものの組み合わせを下から一つ選びなさい。,True,R3_Kyushu_Okinawa_TourokuHanbaisha_Verified(1).txt
KUM-R3-C1-Q19,3,1,19,【正解１】,スモン及びスモン訴訟に関する以下の記述のうち、誤っているものを一つ選びなさい。,True,R3_Kyushu_Okinawa_TourokuHanbaisha_Verified(1).txt
KUM-R3-C1-Q20,3,1,20,【正解２】,クロイツフェルト・ヤコブ病（以下「ＣＪＤ」という。）及びＣＪＤ訴訟に関する以下の記述のうち、（ ）の中に入れるべき字句の正しい組み合わせを下から一つ選びなさい。,True,R3_Kyushu_Okinawa_TourokuHanbaisha_Verified(1).txt
KUM-R3-C2-Q01,3,2,1,【正解２】,消化器系に関する以下の記述のうち、正しいものの組み合わせを下から一つ選びなさい。,True,R3_Kyushu_Okinawa_TourokuHanbaisha_Verified(1).txt
KUM-R3-C2-Q02,3,2,2,【正解４】,肝臓の働きに関する以下の記述の正誤について、正しい組み合わせを下から一つ選びなさい。,True,R3_Kyushu_Okinawa_TourokuHanbaisha_Verified(1).txt
KUM-R3-C2-Q03,3,2,3,【正解１】,呼吸器系に関する以下の記述のうち、正しいものの組み合わせを下から一つ選びなさい。,True,R3_Kyushu_Okinawa_TourokuHanbaisha_Verified(1).txt
KUM-R3-C2-Q04,3,2,4,【正解１】,循環器系に関する以下の記述のうち、正しいものを一つ選びなさい。,True,R3_Kyushu_Okinawa_TourokuHanbaisha_Verified(1).txt
KUM-R3-C2-Q05,3,2,5,【正解４】,副腎に関する以下の記述について、（ ）の中に入れるべき字句の正しい組み合わせを下から一つ選びなさい。,True,R3_Kyushu_Okinawa_TourokuHanbaisha_Verified(1).txt
KUM-R3-C2-Q06,3,2,6,【正解５】,目、鼻、耳などの感覚器官に関する以下の記述の正誤について、正しい組み合わせを下から一つ選びなさい。,True,R3_Kyushu_Okinawa_TourokuHanbaisha_Verified(1).txt
KUM-R3-C2-Q07,3,2,7,【正解２】,外皮系に関する以下の記述のうち、正しいものの組み合わせを下から一つ選びなさい。,True,R3_Kyushu_Okinawa_TourokuHanbaisha_Verified(1).txt
KUM-R3-C2-Q08,3,2,8,【正解３】,骨格系に関する以下の記述のうち、誤っているものを一つ選びなさい。,True,R3_Kyushu_Okinawa_TourokuHanbaisha_Verified(1).txt
KUM-R3-C2-Q09,3,2,9,【正解１】,副交感神経系が交感神経系より活発に働いたときの効果器とその反応の関係の正誤について、正しい組み合わせを下から一つ選びなさい。,True,R3_Kyushu_Okinawa_TourokuHanbaisha_Verified(1).txt
KUM-R3-C2-Q10,3,2,10,【正解４】,医薬品の有効成分の吸収に関する以下の記述のうち、正しいものの組み合わせを下から一つ選びなさい。,True,R3_Kyushu_Okinawa_TourokuHanbaisha_Verified(1).txt
KUM-R3-C2-Q11,3,2,11,【正解２】,薬物の代謝、排泄に関する以下の記述について、（ ）の中に入れるべき字句の正しい組み合わせを下から一つ選びなさい。なお、同じ記号の（ ）内には同じ字句が入ります。,True,R3_Kyushu_Okinawa_TourokuHanbaisha_Verified(1).txt
KUM-R3-C2-Q12,3,2,12,【正解１】,医薬品の剤形と使用方法に関する以下の記述のうち、誤っているものを一つ選びなさい。,True,R3_Kyushu_Okinawa_TourokuHanbaisha_Verified(1).txt
KUM-R3-C2-Q13,3,2,13,【正解２】,副作用に関する以下の記述の正誤について、正しい組み合わせを下から一つ選びなさい。,True,R3_Kyushu_Okinawa_TourokuHanbaisha_Verified(1).txt
KUM-R3-C2-Q14,3,2,14,【正解４】,精神神経系に現れる副作用に関する以下の記述の正誤について、正しい組み合わせを下から一つ選びなさい。,True,R3_Kyushu_Okinawa_TourokuHanbaisha_Verified(1).txt
KUM-R3-C2-Q15,3,2,15,【正解２】,消化器系及び呼吸器系に現れる副作用とその説明の関係の正誤について、正しい組み合わせを下から一つ選びなさい。,True,R3_Kyushu_Okinawa_TourokuHanbaisha_Verified(1).txt
KUM-R3-C2-Q16,3,2,16,【正解２】,循環器系に現れる副作用に関する以下の記述のうち、誤っているものを一つ選びなさい。,True,R3_Kyushu_Okinawa_TourokuHanbaisha_Verified(1).txt
KUM-R3-C2-Q17,3,2,17,【正解３】,泌尿器系に現れる副作用に関する以下の記述について、（ ）の中に入れるべき字句の正しい組み合わせを下から一つ選びなさい。,True,R3_Kyushu_Okinawa_TourokuHanbaisha_Verified(1).txt
KUM-R3-C2-Q18,3,2,18,【正解３】,感覚器系に現れる副作用について、正しいものの組み合わせを下から一つ選びなさい。,True,R3_Kyushu_Okinawa_TourokuHanbaisha_Verified(1).txt
KUM-R3-C2-Q19,3,2,19,【正解２】,皮膚炎に関する以下の記述の正誤について、正しい組み合わせを下から一つ選びなさい。,True,R3_Kyushu_Okinawa_TourokuHanbaisha_Verified(1).txt
KUM-R3-C2-Q20,3,2,20,【正解４】,薬疹に関する以下の記述のうち、誤っているものを一つ選びなさい。,True,R3_Kyushu_Okinawa_TourokuHanbaisha_Verified(1).txt
KUM-R3-C3-Q01,3,3,1,【正解３】,かぜ及びかぜ薬（総合感冒薬）に関する以下の記述のうち、正しいものの組み合わせを下から一つ選びなさい。,True,R3_Kyushu_Okinawa_TourokuHanbaisha_Verified(1).txt
KUM-R3-C3-Q02,3,3,2,【正解４】,かぜ薬（総合感冒薬）に配合される生薬成分及びその期待される主な作用の関係について、正しいものの組み合わせを下から一つ選びなさい。,True,R3_Kyushu_Okinawa_TourokuHanbaisha_Verified(1).txt
KUM-R3-C3-Q03,3,3,3,【正解２】,以下の記述にあてはまるかぜ薬の漢方処方製剤として、最も適切なものを下から一つ選びなさい。,False,R3_Kyushu_Okinawa_TourokuHanbaisha_Verified(1).txt
KUM-R3-C3-Q04,3,3,4,【正解５】,痛みや発熱が起こる仕組み及び解熱鎮痛薬の働きに関する以下の記述の正誤について、正しい組み合わせを下から一つ選びなさい。,True,R3_Kyushu_Okinawa_TourokuHanbaisha_Verified(1).txt
KUM-R3-C3-Q05,3,3,5,【正解３】,解熱鎮痛薬に関する以下の記述について、（ ）の中に入れるべき字句の正しい組み合わせを下から一つ選びなさい。なお、同じ記号の（ ）内には同じ字句が入ります。,True,R3_Kyushu_Okinawa_TourokuHanbaisha_Verified(1).txt
KUM-R3-C3-Q06,3,3,6,【正解４】,解熱鎮痛薬に含まれる成分に関する以下の記述のうち、誤っているものを一つ選びなさい。,True,R3_Kyushu_Okinawa_TourokuHanbaisha_Verified(1).txt
KUM-R3-C3-Q07,3,3,7,【正解１】,眠気を促す薬や睡眠・覚醒に関わる生体内物質に関する以下の記述のうち、正しいものの組み合わせを下から一つ選びなさい。,True,R3_Kyushu_Okinawa_TourokuHanbaisha_Verified(1).txt
KUM-R3-C3-Q08,3,3,8,【正解１】,ブロモバレリル尿素に関する以下の記述の正誤について、正しい組み合わせを下から一つ選びなさい。,True,R3_Kyushu_Okinawa_TourokuHanbaisha_Verified(1).txt
KUM-R3-C3-Q09,3,3,9,【正解２】,カフェインに関する以下の記述のうち、正しいものの組み合わせを下から一つ選びなさい。,True,R3_Kyushu_Okinawa_TourokuHanbaisha_Verified(1).txt
KUM-R3-C3-Q10,3,3,10,【正解４】,次の表は、ある小児鎮静薬に含まれている成分の一覧である。この医薬品及び小児の疳に関する以下の記述のうち、誤っているものを一つ選びなさい。,True,R3_Kyushu_Okinawa_TourokuHanbaisha_Verified(1).txt
KUM-R3-C3-Q11,3,3,11,【正解３】,呼吸器官や鎮咳去痰薬に関する以下の記述の正誤について、正しい組み合わせを下から一つ選びなさい。,True,R3_Kyushu_Okinawa_TourokuHanbaisha_Verified(1).txt
KUM-R3-C3-Q12,3,3,12,【正解４】,鎮咳去痰薬に関する以下の記述のうち、正しいものを一つ選びなさい。,True,R3_Kyushu_Okinawa_TourokuHanbaisha_Verified(1).txt
KUM-R3-C3-Q13,3,3,13,【正解２】,口腔咽喉薬及び含嗽薬に関する以下の記述の正誤について、正しい組み合わせを下から一つ選びなさい。,True,R3_Kyushu_Okinawa_TourokuHanbaisha_Verified(1).txt
KUM-R3-C3-Q14,3,3,14,【正解３】,口腔咽喉薬及び含嗽薬に配合される成分及びその期待される主な作用の関係について、正しい組み合わせを下から一つ選びなさい。,True,R3_Kyushu_Okinawa_TourokuHanbaisha_Verified(1).txt
KUM-R3-C3-Q15,3,3,15,【正解２】,胃腸薬の配合成分に関する以下の記述の正誤について、正しい組み合わせを下から一つ選びなさい。,True,R3_Kyushu_Okinawa_TourokuHanbaisha_Verified(1).txt
KUM-R3-C3-Q16,3,3,16,【正解２】,瀉下薬に関する以下の記述のうち、正しいものを下から一つ選びなさい。,True,R3_Kyushu_Okinawa_TourokuHanbaisha_Verified(1).txt
KUM-R3-C3-Q17,3,3,17,【正解１】,強心薬に関する以下の記述のうち、正しいものを一つ選びなさい。,True,R3_Kyushu_Okinawa_TourokuHanbaisha_Verified(1).txt
KUM-R3-C3-Q18,3,3,18,【正解３】,高コレステロール改善薬及び脂質異常症に関する以下の記述の正誤について、正しい組み合わせを下から一つ選びなさい。,True,R3_Kyushu_Okinawa_TourokuHanbaisha_Verified(1).txt
KUM-R3-C3-Q19,3,3,19,【正解５】,貧血及び貧血用薬に関する以下の記述の正誤について、正しい組み合わせを下から一つ選びなさい。,True,R3_Kyushu_Okinawa_TourokuHanbaisha_Verified(1).txt
KUM-R3-C3-Q20,3,3,20,【正解４】,以下の記述にあてはまる内用痔疾用薬の漢方処方製剤として、最も適切なものを下から一つ選びなさい。,False,R3_Kyushu_Okinawa_TourokuHanbaisha_Verified(1).txt
KUM-R3-C3-Q21,3,3,21,【正解４】,婦人薬とその適用対象となる体質・症状等に関する以下の記述の正誤について、正しい組み合わせを下から一つ選びなさい。,True,R3_Kyushu_Okinawa_TourokuHanbaisha_Verified(1).txt
KUM-R3-C3-Q22,3,3,22,【正解１】,婦人薬として使用される加味逍遙散に関する以下の記述について、（ ）の中に入れるべき字句の正しい組み合わせを下から一つ選びなさい。,True,R3_Kyushu_Okinawa_TourokuHanbaisha_Verified(1).txt
KUM-R3-C3-Q23,3,3,23,【正解３】,婦人薬に配合される成分に関する以下の記述のうち、正しいものの組み合わせを下から一つ選びなさい。,True,R3_Kyushu_Okinawa_TourokuHanbaisha_Verified(1).txt
KUM-R3-C3-Q24,3,3,24,【正解４】,アレルギーの症状及びアレルギー用薬に関する以下の記述のうち、誤っているものを一つ選びなさい。,True,R3_Kyushu_Okinawa_TourokuHanbaisha_Verified(1).txt
KUM-R3-C3-Q25,3,3,25,【正解１】,内服アレルギー用薬に関する以下の記述のうち、正しいものの組み合わせを下から一つ選びなさい。,True,R3_Kyushu_Okinawa_TourokuHanbaisha_Verified(1).txt
KUM-R3-C3-Q26,3,3,26,【正解５】,以下の記述にあてはまる漢方処方製剤として、最も適切なものを下から一つ選びなさい。,False,R3_Kyushu_Okinawa_TourokuHanbaisha_Verified(1).txt
KUM-R3-C3-Q27,3,3,27,【正解３】,急性鼻炎及び鼻に用いる薬に関する以下の記述について、誤っているものを一つ選びなさい。,True,R3_Kyushu_Okinawa_TourokuHanbaisha_Verified(1).txt
KUM-R3-C3-Q28,3,3,28,【正解２】,眼科用薬及び点眼方法に関する以下の記述の正誤について、正しい組み合わせを下から一つ選びなさい。,True,R3_Kyushu_Okinawa_TourokuHanbaisha_Verified(1).txt
KUM-R3-C3-Q29,3,3,29,【正解３】,眼科用薬の配合成分とその目的とする作用に関する以下の関係の正誤について、正しい組み合わせを下から一つ選びなさい。,True,R3_Kyushu_Okinawa_TourokuHanbaisha_Verified(1).txt
KUM-R3-C3-Q30,3,3,30,【正解４】,皮膚に用いる薬及び殺菌消毒成分に関する以下の記述のうち、正しいものの組み合わせを下から一つ選びなさい。,True,R3_Kyushu_Okinawa_TourokuHanbaisha_Verified(1).txt
KUM-R3-C3-Q31,3,3,31,【正解２】,皮膚に用いる薬の配合成分に関する以下の記述の正誤について、正しい組み合わせを下から一つ選びなさい。,True,R3_Kyushu_Okinawa_TourokuHanbaisha_Verified(1).txt
KUM-R3-C3-Q32,3,3,32,【正解４】,みずむし及び抗真菌作用を有する配合成分に関する以下の記述の正誤について、正しい組み合わせを下から一つ選びなさい。,True,R3_Kyushu_Okinawa_TourokuHanbaisha_Verified(1).txt
KUM-R3-C3-Q33,3,3,33,【正解５】,皮膚に用いる薬の配合成分とその作用に関する以下の記述について、（ ）の中に入れるべき字句の正しい組み合わせを下から一つ選びなさい。なお、同じ記号の（ ）内には同じ字句が入ります。,True,R3_Kyushu_Okinawa_TourokuHanbaisha_Verified(1).txt
KUM-R3-C3-Q34,3,3,34,【正解３】,毛髪用薬及び頭皮・毛根に作用する配合成分に関する以下の記述について、誤っているものを下から一つ選びなさい。,True,R3_Kyushu_Okinawa_TourokuHanbaisha_Verified(1).txt
KUM-R3-C3-Q35,3,3,35,【正解３】,口の中の疾患やそれに用いる薬に関する以下の記述の正誤について、正しい組み合わせを下から一つ選びなさい。,True,R3_Kyushu_Okinawa_TourokuHanbaisha_Verified(1).txt
KUM-R3-C3-Q36,3,3,36,【正解１】,滋養強壮保健薬に関する以下の記述のうち、正しいものの組み合わせを下から一つ選びなさい。,True,R3_Kyushu_Okinawa_TourokuHanbaisha_Verified(1).txt
KUM-R3-C3-Q37,3,3,37,【正解３】,以下の記述にあてはまる漢方処方製剤として、最も適切なものを下から一つ選びなさい。,False,R3_Kyushu_Okinawa_TourokuHanbaisha_Verified(1).txt
KUM-R3-C3-Q38,3,3,38,【正解２】,衛生害虫及び殺虫剤・忌避剤に関する以下の記述のうち、正しいものの組み合わせを下から一つ選びなさい。,True,R3_Kyushu_Okinawa_TourokuHanbaisha_Verified(1).txt
KUM-R3-C3-Q39,3,3,39,【正解２】,一般用検査薬に関する以下の記述のうち、正しいものの組み合わせを下から一つ選びなさい。,True,R3_Kyushu_Okinawa_TourokuHanbaisha_Verified(1).txt
KUM-R3-C3-Q40,3,3,40,【正解４】,妊娠及び妊娠検査薬に関する以下の記述のうち、誤っているものを一つ選びなさい。,True,R3_Kyushu_Okinawa_TourokuHanbaisha_Verified(1).txt
KUM-R3-C4-Q01,3,4,1,【正解５】,医薬品医療機器等法第１条の記述について、（ ）の中に入れるべき字句の正しい組み合わせを下から一つ選びなさい。なお、同じ記号の（ ）内には同じ字句が入ります。,True,R3_Kyushu_Okinawa_TourokuHanbaisha_Verified(1).txt
KUM-R3-C4-Q02,3,4,2,【正解２】,医薬品の定義と範囲に関する以下の記述のうち、正しいものの組み合わせを下から一つ選びなさい。,True,R3_Kyushu_Okinawa_TourokuHanbaisha_Verified(1).txt
KUM-R3-C4-Q03,3,4,3,【正解２】,登録販売者の行政手続に関する以下の記述の正誤について、正しい組み合わせを下から一つ選びなさい。,True,R3_Kyushu_Okinawa_TourokuHanbaisha_Verified(1).txt
KUM-R3-C4-Q04,3,4,4,【正解１】,一般用医薬品及び要指導医薬品に関する以下の記述のうち、正しいものの組み合わせを下から一つ選びなさい。,True,R3_Kyushu_Okinawa_TourokuHanbaisha_Verified(1).txt
KUM-R3-C4-Q05,3,4,5,【正解３】,毒薬及び劇薬に関する以下の記述のうち、正しいものを一つ選びなさい。,True,R3_Kyushu_Okinawa_TourokuHanbaisha_Verified(1).txt
KUM-R3-C4-Q06,3,4,6,【正解１】,一般用医薬品のリスク区分に関する以下の記述のうち、誤っているものを一つ選びなさい。,True,R3_Kyushu_Okinawa_TourokuHanbaisha_Verified(1).txt
KUM-R3-C4-Q07,3,4,7,【正解３】,以下の事項のうち、医薬品の直接の容器又は被包に記載されていなければならないものの組み合わせとして正しいものを下から一つ選びなさい。,True,R3_Kyushu_Okinawa_TourokuHanbaisha_Verified(1).txt
KUM-R3-C4-Q08,3,4,8,【正解１】,医薬部外品に関する以下の記述のうち、誤っているものを一つ選びなさい。,True,R3_Kyushu_Okinawa_TourokuHanbaisha_Verified(1).txt
KUM-R3-C4-Q09,3,4,9,【正解２】,以下のマークが表示されている食品として、正しいものを下から一つ選びなさい。,False,R3_Kyushu_Okinawa_TourokuHanbaisha_Verified(1).txt
KUM-R3-C4-Q10,3,4,10,【正解１】,保健機能食品等の食品に関する以下の記述のうち、正しいものの組み合わせを下から一つ選びなさい。,True,R3_Kyushu_Okinawa_TourokuHanbaisha_Verified(1).txt
KUM-R3-C4-Q11,3,4,11,【正解４】,薬局及び医薬品の販売業に関する以下の記述のうち、正しいものを一つ選びなさい。,True,R3_Kyushu_Okinawa_TourokuHanbaisha_Verified(1).txt
KUM-R3-C4-Q12,3,4,12,【正解２】,医薬品医療機器等法施行規則で規定している薬局の薬剤師不在時間に関する以下の記述の正誤について、正しい組み合わせを下から一つ選びなさい。,True,R3_Kyushu_Okinawa_TourokuHanbaisha_Verified(1).txt
KUM-R3-C4-Q13,3,4,13,【正解４】,店舗販売業に関する以下の記述のうち、正しいものを一つ選びなさい。,True,R3_Kyushu_Okinawa_TourokuHanbaisha_Verified(1).txt
KUM-R3-C4-Q14,3,4,14,【正解１】,配置販売業に関する以下の記述の正誤について、正しい組み合わせを下から一つ選びなさい。,True,R3_Kyushu_Okinawa_TourokuHanbaisha_Verified(1).txt
KUM-R3-C4-Q15,3,4,15,【正解４】,医薬品のリスク区分に応じた陳列に関する以下の記述のうち、誤っているものを一つ選びなさい。,True,R3_Kyushu_Okinawa_TourokuHanbaisha_Verified(1).txt
KUM-R3-C4-Q16,3,4,16,【正解４】,以下の事項のうち、店舗販売業者が、医薬品医療機器等法の規定により、店舗の見やすい位置に掲示しなければならないものの組み合わせを下から一つ選びなさい。,True,R3_Kyushu_Okinawa_TourokuHanbaisha_Verified(1).txt
KUM-R3-C4-Q17,3,4,17,【正解５】,以下の事項のうち、店舗販売業者が、医薬品を購入し、又は譲り受けたとき及び薬局開設者又は医薬品販売業者等に販売又は授与したときに書面に記載しなければならない（ただし、購入者等が常時取引関係にある場合を除く。）ものとして、誤っているものを一つ選びなさい。,False,R3_Kyushu_Okinawa_TourokuHanbaisha_Verified(1).txt
KUM-R3-C4-Q18,3,4,18,【正解２】,医薬品の広告に関する以下の記述のうち、誤っているものを一つ選びなさい。,True,R3_Kyushu_Okinawa_TourokuHanbaisha_Verified(1).txt
KUM-R3-C4-Q19,3,4,19,【正解１】,医薬品医療機器等法に基づく行政庁による監視指導及び処分に関する以下の記述のうち、誤っているものを一つ選びなさい。なお、本設問において、「都道府県知事」とは、「都道府県知事（薬局又は店舗販売業にあっては、その薬局又は店舗の所在地が保健所設置市又は特別区の区域にある場合においては、市長又は区長。）」とする。,True,R3_Kyushu_Okinawa_TourokuHanbaisha_Verified(1).txt
KUM-R3-C4-Q20,3,4,20,【正解１】,医薬品の販売方法に関する以下の記述の正誤について、正しい組み合わせを下から一つ選びなさい。,True,R3_Kyushu_Okinawa_TourokuHanbaisha_Verified(1).txt
KUM-R3-C5-Q01,3,5,1,【正解３】,一般用医薬品の添付文書に関する以下の記述の正誤について、正しい組み合わせを下から一つ選びなさい。,True,R3_Kyushu_Okinawa_TourokuHanbaisha_Verified(1).txt
KUM-R3-C5-Q02,3,5,2,【正解３】,以下の項目のうち、一般用医薬品の添付文書を構成する項目として正しいものの組み合わせを下から一つ選びなさい。,True,R3_Kyushu_Okinawa_TourokuHanbaisha_Verified(1).txt
KUM-R3-C5-Q03,3,5,3,【正解４】,以下の成分のうち、一般用医薬品の添付文書の「してはいけないこと」の項に、腸管粘膜に炎症を生じるおそれがあることから、「大量に使用（服用）しないこと」と記載されるものとして、誤っているものを一つ選びなさい。,True,R3_Kyushu_Okinawa_TourokuHanbaisha_Verified(1).txt
KUM-R3-C5-Q04,3,5,4,【正解２】,一般用検査薬の添付文書に関する以下の記述の正誤について、正しい組み合わせを下から一つ選びなさい。,True,R3_Kyushu_Okinawa_TourokuHanbaisha_Verified(1).txt
KUM-R3-C5-Q05,3,5,5,【正解１】,以下の成分のうち、一般用医薬品の添付文書の「次の人は使用（服用）しないこと」の項に「ぜんそくを起こしたことがある人」と記載されるものの組み合わせを下から一つ選びなさい。,True,R3_Kyushu_Okinawa_TourokuHanbaisha_Verified(1).txt
KUM-R3-C5-Q06,3,5,6,【正解５】,以下の成分のうち、一般用医薬品の添付文書の「次の人は使用（服用）しないこと」の項に「１５歳未満の小児」と記載されるものとして、誤っているものを一つ選びなさい。,True,R3_Kyushu_Okinawa_TourokuHanbaisha_Verified(1).txt
KUM-R3-C5-Q07,3,5,7,【正解５】,一般用医薬品の保管及び取扱い上の注意に関する以下の記述の正誤について、正しい組み合わせを下から一つ選びなさい。,True,R3_Kyushu_Okinawa_TourokuHanbaisha_Verified(1).txt
KUM-R3-C5-Q08,3,5,8,【正解３】,以下の成分のうち、一般用医薬品の添付文書の「次の人は使用（服用）しないこと」の項に「妊婦又は妊娠していると思われる人」と記載されるものの組み合わせを下から一つ選びなさい。,True,R3_Kyushu_Okinawa_TourokuHanbaisha_Verified(1).txt
KUM-R3-C5-Q09,3,5,9,【正解１】,一般用医薬品の添付文書の「次の人は使用（服用）しないこと」の項に「次の診断を受けた人」として記載される「疾患名」と「主な成分・薬効群」の関係の正誤について、正しい組み合わせを下から一つ選びなさい。,True,R3_Kyushu_Okinawa_TourokuHanbaisha_Verified(1).txt
KUM-R3-C5-Q10,3,5,10,【正解５】,以下の漢方処方製剤のうち、一般用医薬品の添付文書において、「本剤を使用している間は、次の医薬品を使用しないこと」とされるもののうち、他の瀉下薬（下剤）との併用を避ける注意がなされているものとして、誤っているものを一つ選びなさい。,True,R3_Kyushu_Okinawa_TourokuHanbaisha_Verified(1).txt
KUM-R3-C5-Q11,3,5,11,【正解３】,一般用医薬品の製品表示に関する以下の記述の正誤について、正しい組み合わせを下から一つ選びなさい。,True,R3_Kyushu_Okinawa_TourokuHanbaisha_Verified(1).txt
KUM-R3-C5-Q12,3,5,12,【正解４】,医薬品等の安全性情報等に関する以下の記述の正誤について、正しい組み合わせを下から一つ選びなさい。,True,R3_Kyushu_Okinawa_TourokuHanbaisha_Verified(1).txt
KUM-R3-C5-Q13,3,5,13,【正解２】,以下の記述について、（ ）の中に入れるべき字句の正しい組み合わせを下から一つ選びなさい。なお、同じ記号の（ ）内には同じ字句が入ります。,True,R3_Kyushu_Okinawa_TourokuHanbaisha_Verified(1).txt
KUM-R3-C5-Q14,3,5,14,【正解４】,医薬品医療機器等法に基づく医薬関係者が行う副作用等報告に関する以下の記述のうち、誤っているものを一つ選びなさい。,True,R3_Kyushu_Okinawa_TourokuHanbaisha_Verified(1).txt
KUM-R3-C5-Q15,3,5,15,【正解２】,医薬品・医療機器等安全性情報報告制度に基づいて行う報告に関する以下の記述のうち、誤っているものを一つ選びなさい。,True,R3_Kyushu_Okinawa_TourokuHanbaisha_Verified(1).txt
KUM-R3-C5-Q16,3,5,16,【正解２】,医薬品副作用被害救済制度における副作用救済給付の対象として、誤っているものを一つ選びなさい。,True,R3_Kyushu_Okinawa_TourokuHanbaisha_Verified(1).txt
KUM-R3-C5-Q17,3,5,17,【正解１】,医薬品副作用被害救済制度に関する以下の記述の正誤について、正しい組み合わせを下から一つ選びなさい。,True,R3_Kyushu_Okinawa_TourokuHanbaisha_Verified(1).txt
KUM-R3-C5-Q18,3,5,18,【正解５】,医薬品医療機器等法に基づき、医薬品の製造販売業者が、その製造販売をした医薬品について行う副作用等の報告に関する以下の記述の正誤について、正しい組み合わせを下から一つ選びなさい。,True,R3_Kyushu_Okinawa_TourokuHanbaisha_Verified(1).txt
KUM-R3-C5-Q19,3,5,19,【正解５】,医薬品の安全対策に関する以下の記述の正誤について、正しい組み合わせを下から一つ選びなさい。,True,R3_Kyushu_Okinawa_TourokuHanbaisha_Verified(1).txt
KUM-R3-C5-Q20,3,5,20,【正解４】,医薬品の適正使用やその啓発活動に関する以下の記述の正誤について、正しい組み合わせを下から一つ選びなさい。,True,R3_Kyushu_Okinawa_TourokuHanbaisha_Verified(1).txt
KUM-R4-C1-Q01,4,1,1,【正解２】,医薬品に関する以下の記述の正誤について、正しい組み合わせを下から一つ選びなさい。,True,R4_Kyushu_Okinawa_TourokuHanbaisha_Verified(1).txt
KUM-R4-C1-Q02,4,1,2,【正解４】,医薬品に関する以下の記述のうち、誤っているものを一つ選びなさい。,True,R4_Kyushu_Okinawa_TourokuHanbaisha_Verified(1).txt
KUM-R4-C1-Q03,4,1,3,【正解３】,医薬品のリスク評価に関する以下の記述のうち、誤っているものを一つ選びなさい。,True,R4_Kyushu_Okinawa_TourokuHanbaisha_Verified(1).txt
KUM-R4-C1-Q04,4,1,4,【正解１】,健康食品に関する以下の記述の正誤について、正しい組み合わせを下から一つ選びなさい。,True,R4_Kyushu_Okinawa_TourokuHanbaisha_Verified(1).txt
KUM-R4-C1-Q05,4,1,5,【正解１】,医薬品の副作用に関する以下の記述のうち、正しいものの組み合わせを下から一つ選びなさい。,True,R4_Kyushu_Okinawa_TourokuHanbaisha_Verified(1).txt
KUM-R4-C1-Q06,4,1,6,【正解２】,医薬品の適正な使用に関する以下の記述の正誤について、正しい組み合わせを下から一つ選びなさい。,True,R4_Kyushu_Okinawa_TourokuHanbaisha_Verified(1).txt
KUM-R4-C1-Q07,4,1,7,【正解２】,医薬品の相互作用に関する以下の記述の正誤について、正しい組み合わせを下から一つ選びなさい。,True,R4_Kyushu_Okinawa_TourokuHanbaisha_Verified(1).txt
KUM-R4-C1-Q08,4,1,8,【正解３】,医薬品及び食品に関する以下の記述について、（ ）の中に入れるべき字句の正しい組み合わせを下から一つ選びなさい。,True,R4_Kyushu_Okinawa_TourokuHanbaisha_Verified(1).txt
KUM-R4-C1-Q09,4,1,9,【正解２】,小児及び高齢者の医薬品の使用に関する以下の記述のうち、誤っているものを一つ選びなさい。,True,R4_Kyushu_Okinawa_TourokuHanbaisha_Verified(1).txt
KUM-R4-C1-Q10,4,1,10,【正解３】,妊婦及び授乳婦の医薬品の使用に関する以下の記述の正誤について、正しい組み合わせを下から一つ選びなさい。,True,R4_Kyushu_Okinawa_TourokuHanbaisha_Verified(1).txt
KUM-R4-C1-Q11,4,1,11,【正解１】,プラセボ効果に関する以下の記述の正誤について、正しい組み合わせを下から一つ選びなさい。,True,R4_Kyushu_Okinawa_TourokuHanbaisha_Verified(1).txt
KUM-R4-C1-Q12,4,1,12,【正解３】,医薬品の品質に関する以下の記述のうち、正しいものの組み合わせを下から一つ選びなさい。,True,R4_Kyushu_Okinawa_TourokuHanbaisha_Verified(1).txt
KUM-R4-C1-Q13,4,1,13,【正解３】,一般用医薬品に関する以下の記述について、（ ）の中に入れるべき正しい字句の組み合わせを下から一つ選びなさい。,True,R4_Kyushu_Okinawa_TourokuHanbaisha_Verified(1).txt
KUM-R4-C1-Q14,4,1,14,【正解４】,一般用医薬品の役割又は目的に関する以下の記述の正誤について、正しい組み合わせを下から一つ選びなさい。,True,R4_Kyushu_Okinawa_TourokuHanbaisha_Verified(1).txt
KUM-R4-C1-Q15,4,1,15,【正解１】,セルフメディケーションに関する以下の記述のうち、正しいものの組み合わせを下から一つ選びなさい。,True,R4_Kyushu_Okinawa_TourokuHanbaisha_Verified(1).txt
KUM-R4-C1-Q16,4,1,16,【正解１】,「医薬品の販売等に従事する専門家が購入者等へ確認するべき事項」に関する以下の記述の正誤について、正しい組み合わせを下から一つ選びなさい。,True,R4_Kyushu_Okinawa_TourokuHanbaisha_Verified(1).txt
KUM-R4-C1-Q17,4,1,17,【正解２】,販売時のコミュニケーションに関する以下の記述のうち、正しいものの組み合わせを下から一つ選びなさい。,True,R4_Kyushu_Okinawa_TourokuHanbaisha_Verified(1).txt
KUM-R4-C1-Q18,4,1,18,【正解３】,サリドマイド製剤及びサリドマイド訴訟に関する以下の記述のうち、正しいものの組み合わせを下から一つ選びなさい。,True,R4_Kyushu_Okinawa_TourokuHanbaisha_Verified(1).txt
KUM-R4-C1-Q19,4,1,19,【正解５】,スモン及びスモン訴訟に関する以下の記述について、（ ）の中に入れるべき字句の正しい組み合わせを下から一つ選びなさい。なお、同じ記号の（ ）内には同じ字句が入ります。,True,R4_Kyushu_Okinawa_TourokuHanbaisha_Verified(1).txt
KUM-R4-C1-Q20,4,1,20,【正解５】,ＨＩＶ訴訟に関する以下の記述の正誤について、正しい組み合わせを下から一つ選びなさい。,True,R4_Kyushu_Okinawa_TourokuHanbaisha_Verified(1).txt
KUM-R4-C2-Q01,4,2,1,【正解２】,消化器系に関する以下の記述のうち、正しいものの組み合わせを下から一つ選びなさい。,True,R4_Kyushu_Okinawa_TourokuHanbaisha_Verified(1).txt
KUM-R4-C2-Q02,4,2,2,【正解１】,肝臓に関する以下の記述の正誤について、正しい組み合わせを下から一つ選びなさい。,True,R4_Kyushu_Okinawa_TourokuHanbaisha_Verified(1).txt
KUM-R4-C2-Q03,4,2,3,【正解３】,呼吸器系に関する以下の記述のうち、正しいものの組み合わせを下から一つ選びなさい。,True,R4_Kyushu_Okinawa_TourokuHanbaisha_Verified(1).txt
KUM-R4-C2-Q04,4,2,4,【正解３】,循環器系に関する以下の記述のうち、正しいものの組み合わせを下から一つ選びなさい。,True,R4_Kyushu_Okinawa_TourokuHanbaisha_Verified(1).txt
KUM-R4-C2-Q05,4,2,5,【正解２】,泌尿器系に関する以下の記述のうち、正しいものの組み合わせを下から一つ選びなさい。,True,R4_Kyushu_Okinawa_TourokuHanbaisha_Verified(1).txt
KUM-R4-C2-Q06,4,2,6,【正解４】,目に関する以下の記述の正誤について、正しい組み合わせを下から一つ選びなさい。,True,R4_Kyushu_Okinawa_TourokuHanbaisha_Verified(1).txt
KUM-R4-C2-Q07,4,2,7,【正解４】,外皮系に関する以下の記述のうち、誤っているものを一つ選びなさい。,True,R4_Kyushu_Okinawa_TourokuHanbaisha_Verified(1).txt
KUM-R4-C2-Q08,4,2,8,【正解４】,骨格系及び筋組織に関する以下の記述のうち、誤っているものを一つ選びなさい。,True,R4_Kyushu_Okinawa_TourokuHanbaisha_Verified(1).txt
KUM-R4-C2-Q09,4,2,9,【正解２】,脳や神経系の働きに関する以下の記述の正誤について、正しい組み合わせを下から一つ選びなさい。,True,R4_Kyushu_Okinawa_TourokuHanbaisha_Verified(1).txt
KUM-R4-C2-Q10,4,2,10,【正解２】,医薬品の有効成分の吸収に関する以下の記述のうち、正しいものの組み合わせを下から一つ選びなさい。,True,R4_Kyushu_Okinawa_TourokuHanbaisha_Verified(1).txt
KUM-R4-C2-Q11,4,2,11,【正解２】,薬物の代謝、排泄に関する以下の記述のうち、誤っているものを一つ選びなさい。,True,R4_Kyushu_Okinawa_TourokuHanbaisha_Verified(1).txt
KUM-R4-C2-Q12,4,2,12,【正解２】,薬の体内での働きに関する以下の記述について、（ ）の中に入れるべき字句の正しい組み合わせを下から一つ選びなさい。,True,R4_Kyushu_Okinawa_TourokuHanbaisha_Verified(1).txt
KUM-R4-C2-Q13,4,2,13,【正解３】,医薬品の剤形及び使用方法に関する以下の記述のうち、誤っているものを一つ選びなさい。,True,R4_Kyushu_Okinawa_TourokuHanbaisha_Verified(1).txt
KUM-R4-C2-Q14,4,2,14,【正解２】,全身的に現れる副作用に関する以下の記述のうち、正しいものの組み合わせを下から一つ選びなさい。,True,R4_Kyushu_Okinawa_TourokuHanbaisha_Verified(1).txt
KUM-R4-C2-Q15,4,2,15,【正解３】,皮膚粘膜眼症候群に関する以下の記述の正誤について、正しい組み合わせを下から一つ選びなさい。,True,R4_Kyushu_Okinawa_TourokuHanbaisha_Verified(1).txt
KUM-R4-C2-Q16,4,2,16,【正解１】,精神神経系に現れる副作用に関する以下の記述の正誤について、正しい組み合わせを下から一つ選びなさい。,True,R4_Kyushu_Okinawa_TourokuHanbaisha_Verified(1).txt
KUM-R4-C2-Q17,4,2,17,【正解３】,消化器系や呼吸器系に現れる副作用に関する以下の記述のうち、誤っているものを一つ選びなさい。,True,R4_Kyushu_Okinawa_TourokuHanbaisha_Verified(1).txt
KUM-R4-C2-Q18,4,2,18,【正解４】,循環器系や泌尿器系に現れる副作用に関する以下の記述の正誤について、正しい組み合わせを下から一つ選びなさい。,True,R4_Kyushu_Okinawa_TourokuHanbaisha_Verified(1).txt
KUM-R4-C2-Q19,4,2,19,【正解３】,感覚器系に現れる副作用に関する以下の記述のうち、誤っているものを一つ選びなさい。,True,R4_Kyushu_Okinawa_TourokuHanbaisha_Verified(1).txt
KUM-R4-C2-Q20,4,2,20,【正解３】,皮膚に現れる副作用に関する以下の記述の正誤について、正しい組み合わせを下から一つ選びなさい。,True,R4_Kyushu_Okinawa_TourokuHanbaisha_Verified(1).txt
KUM-R4-C3-Q01,4,3,1,【正解４】,かぜ薬に配合される成分及びその主な作用の関係について、正しい組み合わせを下から一つ選びなさい。,True,R4_Kyushu_Okinawa_TourokuHanbaisha_Verified(1).txt
KUM-R4-C3-Q02,4,3,2,【正解１】,以下の記述にあてはまるかぜ薬の漢方処方製剤として、最も適切なものを下から一つ選びなさい。,False,R4_Kyushu_Okinawa_TourokuHanbaisha_Verified(1).txt
KUM-R4-C3-Q03,4,3,3,【正解１】,痛みや発熱が起こる仕組み及び解熱鎮痛薬の働きに関する以下の記述の正誤について、正しい組み合わせを下から一つ選びなさい。,True,R4_Kyushu_Okinawa_TourokuHanbaisha_Verified(1).txt
KUM-R4-C3-Q04,4,3,4,【正解３】,解熱鎮痛薬及びその成分に関する以下の記述のうち、正しいものの組み合わせを下から一つ選びなさい。,True,R4_Kyushu_Okinawa_TourokuHanbaisha_Verified(1).txt
KUM-R4-C3-Q05,4,3,5,【正解５】,以下の解熱鎮痛薬の配合成分のうち、ピリン系解熱鎮痛成分として、正しいものを一つ選びなさい。,True,R4_Kyushu_Okinawa_TourokuHanbaisha_Verified(1).txt
KUM-R4-C3-Q06,4,3,6,【正解１】,眠気を促す薬及びその配合成分に関する以下の記述の正誤について、正しい組み合わせを下から一つ選びなさい。,True,R4_Kyushu_Okinawa_TourokuHanbaisha_Verified(1).txt
KUM-R4-C3-Q07,4,3,7,【正解２】,以下の生薬のうち、眠気を促す薬に含まれるものの組み合わせを下から一つ選びなさい。,True,R4_Kyushu_Okinawa_TourokuHanbaisha_Verified(1).txt
KUM-R4-C3-Q08,4,3,8,【正解１】,眠気を防ぐ薬及びその配合成分に関する以下の記述の正誤について、正しい組み合わせを下から一つ選びなさい。,True,R4_Kyushu_Okinawa_TourokuHanbaisha_Verified(1).txt
KUM-R4-C3-Q09,4,3,9,【正解２】,鎮暈薬（乗物酔い防止薬）及びその配合成分に関する以下の記述の正誤について、正しい組み合わせを下から一つ選びなさい。,True,R4_Kyushu_Okinawa_TourokuHanbaisha_Verified(1).txt
KUM-R4-C3-Q10,4,3,10,【正解２】,小児の疳及び小児の疳を適応症とする生薬製剤・漢方処方製剤（小児鎮静薬）に関する以下の記述のうち、正しいものの組み合わせを下から一つ選びなさい。,True,R4_Kyushu_Okinawa_TourokuHanbaisha_Verified(1).txt
KUM-R4-C3-Q11,4,3,11,【正解２】,鎮咳去痰薬に配合される成分に関する以下の記述の正誤について、正しい組み合わせを下から一つ選びなさい。,True,R4_Kyushu_Okinawa_TourokuHanbaisha_Verified(1).txt
KUM-R4-C3-Q12,4,3,12,【正解４】,胃に作用する薬に関する以下の記述のうち、誤っているものを一つ選びなさい。,True,R4_Kyushu_Okinawa_TourokuHanbaisha_Verified(1).txt
KUM-R4-C3-Q13,4,3,13,【正解２】,整腸薬及び瀉下薬に用いられる成分に関する以下の記述のうち、正しいものの組み合わせを下から一つ選びなさい。,True,R4_Kyushu_Okinawa_TourokuHanbaisha_Verified(1).txt
KUM-R4-C3-Q14,4,3,14,【正解２】,胃腸鎮痛鎮痙薬に関する以下の記述の正誤について、正しい組み合わせを下から一つ選びなさい。,True,R4_Kyushu_Okinawa_TourokuHanbaisha_Verified(1).txt
KUM-R4-C3-Q15,4,3,15,【正解１】,駆虫薬及びその配合成分に関する以下の記述のうち、正しいものの組み合わせを下から一つ選びなさい。,True,R4_Kyushu_Okinawa_TourokuHanbaisha_Verified(1).txt
KUM-R4-C3-Q16,4,3,16,【正解３】,強心薬及びその配合成分に関する以下の記述の正誤について、正しい組み合わせを下から一つ選びなさい。,True,R4_Kyushu_Okinawa_TourokuHanbaisha_Verified(1).txt
KUM-R4-C3-Q17,4,3,17,【正解１】,血中コレステロール、高コレステロール改善薬及びその配合成分に関する以下の記述の正誤について、正しい組み合わせを下から一つ選びなさい。,True,R4_Kyushu_Okinawa_TourokuHanbaisha_Verified(1).txt
KUM-R4-C3-Q18,4,3,18,【正解５】,貧血用薬及びその配合成分に関する以下の記述の正誤について、正しい組み合わせを下から一つ選びなさい。,True,R4_Kyushu_Okinawa_TourokuHanbaisha_Verified(1).txt
KUM-R4-C3-Q19,4,3,19,【正解４】,痔の発症、痔疾用薬及びその配合成分に関する以下の記述の正誤について、正しい組み合わせを下から一つ選びなさい。,True,R4_Kyushu_Okinawa_TourokuHanbaisha_Verified(1).txt
KUM-R4-C3-Q20,4,3,20,【正解２】,外用痔疾用薬の配合成分に関する以下の記述の正誤について、正しい組み合わせを下から一つ選びなさい。,True,R4_Kyushu_Okinawa_TourokuHanbaisha_Verified(1).txt
KUM-R4-C3-Q21,4,3,21,【正解４】,婦人薬に関する以下の記述のうち、正しいものの組み合わせを下から一つ選びなさい。,True,R4_Kyushu_Okinawa_TourokuHanbaisha_Verified(1).txt
KUM-R4-C3-Q22,4,3,22,【正解３】,以下の記述にあてはまる漢方処方製剤として、最も適切なものを下から一つ選びなさい。,False,R4_Kyushu_Okinawa_TourokuHanbaisha_Verified(1).txt
KUM-R4-C3-Q23,4,3,23,【正解３】,内服アレルギー用薬に関する以下の記述の正誤について、正しい組み合わせを下から一つ選びなさい。,True,R4_Kyushu_Okinawa_TourokuHanbaisha_Verified(1).txt
KUM-R4-C3-Q24,4,3,24,【正解３】,プソイドエフェドリン塩酸塩が配合された鼻炎用内服薬に関する以下の記述の正誤について、正しい組み合わせを下から一つ選びなさい。,True,R4_Kyushu_Okinawa_TourokuHanbaisha_Verified(1).txt
KUM-R4-C3-Q25,4,3,25,【正解２】,鼻に用いる薬の配合成分に関する以下の記述のうち、正しいものの組み合わせを下から一つ選びなさい。,True,R4_Kyushu_Okinawa_TourokuHanbaisha_Verified(1).txt
KUM-R4-C3-Q26,4,3,26,【正解４】,鼻に用いる薬に関する以下の記述のうち、誤っているものを一つ選びなさい。,True,R4_Kyushu_Okinawa_TourokuHanbaisha_Verified(1).txt
KUM-R4-C3-Q27,4,3,27,【正解１】,眼科用薬の配合成分に関する以下の記述の正誤について、正しい組み合わせを下から一つ選びなさい。,True,R4_Kyushu_Okinawa_TourokuHanbaisha_Verified(1).txt
KUM-R4-C3-Q28,4,3,28,【正解２】,点眼薬における一般的な注意に関する以下の記述のうち、正しいものの組み合わせを下から一つ選びなさい。,True,R4_Kyushu_Okinawa_TourokuHanbaisha_Verified(1).txt
KUM-R4-C3-Q29,4,3,29,【正解４】,眼科用薬に含まれるビタミン成分に関する以下の記述のうち、正しいものを一つ選びなさい。,True,R4_Kyushu_Okinawa_TourokuHanbaisha_Verified(1).txt
KUM-R4-C3-Q30,4,3,30,【正解３】,殺菌消毒成分に関する以下の記述の正誤について、正しい組み合わせを下から一つ選びなさい。,True,R4_Kyushu_Okinawa_TourokuHanbaisha_Verified(1).txt
KUM-R4-C3-Q31,4,3,31,【正解４】,皮膚に用いるステロイド性抗炎症成分に関する以下の記述のうち、正しいものの組み合わせを下から一つ選びなさい。,True,R4_Kyushu_Okinawa_TourokuHanbaisha_Verified(1).txt
KUM-R4-C3-Q32,4,3,32,【正解３】,皮膚に用いる薬の配合成分に関する以下の記述の正誤について、正しい組み合わせを下から一つ選びなさい。,True,R4_Kyushu_Okinawa_TourokuHanbaisha_Verified(1).txt
KUM-R4-C3-Q33,4,3,33,【正解１】,歯痛・歯槽膿漏薬に配合される成分とその目的とする作用に関する以下関係の正誤について、正しい組み合わせを下から一つ選びなさい。,True,R4_Kyushu_Okinawa_TourokuHanbaisha_Verified(1).txt
KUM-R4-C3-Q34,4,3,34,【正解２】,歯や口の中に用いる薬に関する以下の記述のうち、誤っているものを一つ選びなさい。,True,R4_Kyushu_Okinawa_TourokuHanbaisha_Verified(1).txt
KUM-R4-C3-Q35,4,3,35,【正解１】,禁煙補助剤（咀嚼剤）に関する以下の記述について、（ ）の中に入れるべき字句の正しい組み合わせを下から一つ選びなさい。なお、同じ記号の（ ）内には同じ字句が入ります。,True,R4_Kyushu_Okinawa_TourokuHanbaisha_Verified(1).txt
KUM-R4-C3-Q36,4,3,36,【正解１】,滋養強壮保健薬に関する以下の記述のうち、正しいものの組み合わせを下から一つ選びなさい。,True,R4_Kyushu_Okinawa_TourokuHanbaisha_Verified(1).txt
KUM-R4-C3-Q37,4,3,37,【正解４】,漢方処方製剤に関する以下の記述の正誤について、正しい組み合わせを下から一つ選びなさい。,True,R4_Kyushu_Okinawa_TourokuHanbaisha_Verified(1).txt
KUM-R4-C3-Q38,4,3,38,【正解２】,生薬製剤の代表的な生薬成分及びその目的とする作用の関係について、正しい組み合わせを下から一つ選びなさい。,True,R4_Kyushu_Okinawa_TourokuHanbaisha_Verified(1).txt
KUM-R4-C3-Q39,4,3,39,【正解２】,殺虫剤・忌避剤に関する以下の記述のうち、誤っているものを一つ選びなさい。,True,R4_Kyushu_Okinawa_TourokuHanbaisha_Verified(1).txt
KUM-R4-C3-Q40,4,3,40,【正解３】,妊娠検査薬に関する以下の記述の正誤について、正しい組み合わせを下から一つ選びなさい。,True,R4_Kyushu_Okinawa_TourokuHanbaisha_Verified(1).txt
KUM-R4-C4-Q01,4,4,1,【正解１】,医薬品医療機器等法及び医薬品医療機器等法施行規則に関する以下の記述の正誤について、正しい組み合わせを下から一つ選びなさい。,True,R4_Kyushu_Okinawa_TourokuHanbaisha_Verified(1).txt
KUM-R4-C4-Q02,4,4,2,【正解３】,日本薬局方に関する以下の記述のうち、正しいものの組み合わせを下から一つ選びなさい。,True,R4_Kyushu_Okinawa_TourokuHanbaisha_Verified(1).txt
KUM-R4-C4-Q03,4,4,3,【正解２】,毒薬及び劇薬に関する以下の記述の正誤について、正しい組み合わせを下から一つ選びなさい。,True,R4_Kyushu_Okinawa_TourokuHanbaisha_Verified(1).txt
KUM-R4-C4-Q04,4,4,4,【正解３】,薬局開設者又は店舗販売業者が要指導医薬品及び一般用医薬品を販売し、授与する場合の情報提供及び相談応需について、（ ）の中に入れるべき字句の適切な組み合わせを下から一つ選びなさい。,True,R4_Kyushu_Okinawa_TourokuHanbaisha_Verified(1).txt
KUM-R4-C4-Q05,4,4,5,【正解５】,化粧品に関する以下の記述の正誤について、正しい組み合わせを下から一つ選びなさい。,True,R4_Kyushu_Okinawa_TourokuHanbaisha_Verified(1).txt
KUM-R4-C4-Q06,4,4,6,【正解４】,食品に関する以下の記述のうち、誤っているものを一つ選びなさい。,True,R4_Kyushu_Okinawa_TourokuHanbaisha_Verified(1).txt
KUM-R4-C4-Q07,4,4,7,【正解２】,これまでに認められている主な特定保健用食品の表示内容及び保健機能成分に関する以下の組み合わせについて、誤っているものを一つ選びなさい。,True,R4_Kyushu_Okinawa_TourokuHanbaisha_Verified(1).txt
KUM-R4-C4-Q08,4,4,8,【正解１】,以下の栄養成分のうち、栄養機能表示と併せて「本品は、胎児の正常な発育に寄与する栄養素ですが、多量摂取により胎児の発育が良くなるものではありません。」という注意喚起表示がされることがあるものとして、正しいものを一つ選びなさい。,False,R4_Kyushu_Okinawa_TourokuHanbaisha_Verified(1).txt
KUM-R4-C4-Q09,4,4,9,【正解２】,医薬品の販売に関する以下の記述のうち、正しいものの組み合わせを下から一つ選びなさい。,True,R4_Kyushu_Okinawa_TourokuHanbaisha_Verified(1).txt
KUM-R4-C4-Q10,4,4,10,【正解５】,登録販売者に関する以下の記述の正誤について、正しい組み合わせを下から一つ選びなさい。,True,R4_Kyushu_Okinawa_TourokuHanbaisha_Verified(1).txt
KUM-R4-C4-Q11,4,4,11,【正解４】,以下の事項のうち、店舗販売業者が要指導医薬品又は第一類医薬品を販売した際に、医薬品の購入等に関する記録として書面に記載しなければならない項目について誤っているものを一つ選びなさい。,True,R4_Kyushu_Okinawa_TourokuHanbaisha_Verified(1).txt
KUM-R4-C4-Q12,4,4,12,【正解２】,以下の成分、その水和物及びそれらの塩類を有効成分として含有する製剤のうち、濫用等のおそれのあるものとして厚生労働大臣が指定する医薬品に該当するものの組み合わせを下から一つ選びなさい。,True,R4_Kyushu_Okinawa_TourokuHanbaisha_Verified(1).txt
KUM-R4-C4-Q13,4,4,13,【正解１】,薬局開設者又は店舗販売業者が行う特定販売に関する以下の記述の正誤について、正しい組み合わせを下から一つ選びなさい。,True,R4_Kyushu_Okinawa_TourokuHanbaisha_Verified(1).txt
KUM-R4-C4-Q14,4,4,14,【正解４】,医薬品の販売広告に関する以下の記述のうち、正しいものを一つ選びなさい。,True,R4_Kyushu_Okinawa_TourokuHanbaisha_Verified(1).txt
KUM-R4-C4-Q15,4,4,15,【正解４】,以下の事項のうち、行政庁による薬局開設者又は店舗販売業者に対する医薬品医療機器等法に基づく処分として、誤っているものを一つ選びなさい。,False,R4_Kyushu_Okinawa_TourokuHanbaisha_Verified(1).txt
KUM-R4-C4-Q16,4,4,16,【正解２】,以下の事項のうち、店舗販売業者が劇薬を一般の生活者に対して販売する際に、医薬品医療機器等法の規定により、当該医薬品を譲り受ける者から交付を受ける文書に記載されていなければならないものとして、正しいものの組み合わせを下から一つ選びなさい。,True,R4_Kyushu_Okinawa_TourokuHanbaisha_Verified(1).txt
KUM-R4-C4-Q17,4,4,17,【正解２】,生物由来製品に関する以下の記述の正誤について、正しい組み合わせを下から一つ選びなさい。,True,R4_Kyushu_Okinawa_TourokuHanbaisha_Verified(1).txt
KUM-R4-C4-Q18,4,4,18,【正解２】,医薬品の容器又は外箱等への記載事項に関する以下の記述について、正しいものの組み合わせを下から一つ選びなさい。,True,R4_Kyushu_Okinawa_TourokuHanbaisha_Verified(1).txt
KUM-R4-C4-Q19,4,4,19,【正解３】,配置販売業に関する以下の記述の正誤について、正しい組み合わせを下から一つ選びなさい。,True,R4_Kyushu_Okinawa_TourokuHanbaisha_Verified(1).txt
KUM-R4-C4-Q20,4,4,20,【正解３】,以下の事項のうち、薬局開設者が、医薬品医療機器等法の規定により、薬局の見やすい位置に掲示しなければならない事項として、誤っているものを一つ選びなさい。,True,R4_Kyushu_Okinawa_TourokuHanbaisha_Verified(1).txt
KUM-R4-C5-Q01,4,5,1,【正解２】,医薬品の添付文書に関する以下の記述のうち、誤っているものを一つ選びなさい。,True,R4_Kyushu_Okinawa_TourokuHanbaisha_Verified(1).txt
KUM-R4-C5-Q02,4,5,2,【正解１】,一般用医薬品の添付文書の「してはいけないこと」の項に記載される事項に関する以下の記述のうち、誤っているものを一つ選びなさい。,True,R4_Kyushu_Okinawa_TourokuHanbaisha_Verified(1).txt
KUM-R4-C5-Q03,4,5,3,【正解３】,一般用医薬品の添付文書の「相談すること」の項に記載される事項に関する以下の記述の正誤について、正しい組み合わせを下から一つ選びなさい。,True,R4_Kyushu_Okinawa_TourokuHanbaisha_Verified(1).txt
KUM-R4-C5-Q04,4,5,4,【正解２】,一般用医薬品の添付文書に記載される内容に関する以下の記述の正誤について、正しい組み合わせを下から一つ選びなさい。,True,R4_Kyushu_Okinawa_TourokuHanbaisha_Verified(1).txt
KUM-R4-C5-Q05,4,5,5,【正解１】,以下の配合成分のうち、一般用医薬品の添付文書の「次の人は使用（服用）しないこと」の項に、「本剤又は本剤の成分、牛乳によるアレルギー症状を起こしたことがある人」と記載されるものとして、正しいものを一つ選びなさい。,True,R4_Kyushu_Okinawa_TourokuHanbaisha_Verified(1).txt
KUM-R4-C5-Q06,4,5,6,【正解１】,一般用医薬品の添付文書の「次の人は使用（服用）しないこと」の項に、「授乳中の人は本剤を服用しないか、本剤を服用する場合は授乳を避けること」と記載される配合成分とその理由に関する以下関係の正誤について、正しい組み合わせを下から一つ選びなさい。,True,R4_Kyushu_Okinawa_TourokuHanbaisha_Verified(1).txt
KUM-R4-C5-Q07,4,5,7,【正解２】,一般用医薬品の保管及び取扱い上の注意に関する以下の記述の正誤について、正しい組み合わせを下から一つ選びなさい。,True,R4_Kyushu_Okinawa_TourokuHanbaisha_Verified(1).txt
KUM-R4-C5-Q08,4,5,8,【正解１】,一般用医薬品の添付文書の「してはいけないこと」の項に「服用後、乗物又は機械類の運転操作をしないこと」と記載される医薬品の成分として、正しいものの組み合わせを下から一つ選びなさい。,True,R4_Kyushu_Okinawa_TourokuHanbaisha_Verified(1).txt
KUM-R4-C5-Q09,4,5,9,【正解４】,緊急安全性情報に関する以下の記述について、（ ）の中に入れるべき字句の正しい組み合わせを下から一つ選びなさい。,True,R4_Kyushu_Okinawa_TourokuHanbaisha_Verified(1).txt
KUM-R4-C5-Q10,4,5,10,【正解１】,医薬品の適正使用情報と購入者に対する情報提供に関する以下の記述の正誤について、正しい組み合わせを下から一つ選びなさい。,True,R4_Kyushu_Okinawa_TourokuHanbaisha_Verified(1).txt
KUM-R4-C5-Q11,4,5,11,【正解５】,以下の記述にあてはまる機関として、最も適切なものを下から一つ選びなさい。,False,R4_Kyushu_Okinawa_TourokuHanbaisha_Verified(1).txt
KUM-R4-C5-Q12,4,5,12,【正解３】,医薬品・医療機器等安全性情報報告制度に関する以下の記述の正誤について、正しい組み合わせを下から一つ選びなさい。,True,R4_Kyushu_Okinawa_TourokuHanbaisha_Verified(1).txt
KUM-R4-C5-Q13,4,5,13,【正解１】,医薬品副作用被害救済制度に関する以下の記述のうち、正しいものの組み合わせを下から一つ選びなさい。,True,R4_Kyushu_Okinawa_TourokuHanbaisha_Verified(1).txt
KUM-R4-C5-Q14,4,5,14,【正解２】,医薬品副作用被害救済制度に関する以下の記述の正誤について、正しい組み合わせを下から一つ選びなさい。,True,R4_Kyushu_Okinawa_TourokuHanbaisha_Verified(1).txt
KUM-R4-C5-Q15,4,5,15,【正解２】,以下の事項のうち、医薬品副作用被害救済制度の給付対象となるものとして正しいものを一つ選びなさい。,False,R4_Kyushu_Okinawa_TourokuHanbaisha_Verified(1).txt
KUM-R4-C5-Q16,4,5,16,【正解１】,一般用医薬品の添付文書の「次の人は使用（服用）しないこと」の項に記載される基礎疾患等及び主な成分・薬効群等との関係について、正しい組み合わせを下から一つ選びなさい。,True,R4_Kyushu_Okinawa_TourokuHanbaisha_Verified(1).txt
KUM-R4-C5-Q17,4,5,17,【正解１】,医薬品ＰＬセンターに関する以下の記述の正誤について、正しい組み合わせを下から一つ選びなさい。,True,R4_Kyushu_Okinawa_TourokuHanbaisha_Verified(1).txt
KUM-R4-C5-Q18,4,5,18,【正解４】,イブプロフェンの「してはいけないこと」の項に関する以下の記述について、（ ）の中に入れるべき字句の正しい組み合わせを下から一つ選びなさい。,True,R4_Kyushu_Okinawa_TourokuHanbaisha_Verified(1).txt
KUM-R4-C5-Q19,4,5,19,【正解５】,一般用医薬品の安全対策に関する以下の記述について、（ ）の中に入れるべき字句の正しい組み合わせを下から一つ選びなさい。,True,R4_Kyushu_Okinawa_TourokuHanbaisha_Verified(1).txt
KUM-R4-C5-Q20,4,5,20,【正解１】,医薬品の適正使用及びその啓発活動に関する以下の記述のうち、正しいものの組み合わせを下から一つ選びなさい。,True,R4_Kyushu_Okinawa_TourokuHanbaisha_Verified(1).txt
KUM-R5-C1-Q01,5,1,1,【正解２】,医薬品に関する以下の記述の正誤について、正しい組み合わせを下から一つ選びなさい。,True,R5_Kyushu_Okinawa_TourokuHanbaisha_Verified(1).txt
KUM-R5-C1-Q02,5,1,2,【正解４】,医薬品及びその販売に従事する専門家に関する以下の記述のうち、誤っているものを一つ選びなさい。,True,R5_Kyushu_Okinawa_TourokuHanbaisha_Verified(1).txt
KUM-R5-C1-Q03,5,1,3,【正解２】,医薬品のリスク評価の基準及びその内容の関係について、正しい組み合わせを下から一つ選びなさい。,True,R5_Kyushu_Okinawa_TourokuHanbaisha_Verified(1).txt
KUM-R5-C1-Q04,5,1,4,【正解１】,いわゆる健康食品に関する以下の記述のうち、正しいものの組み合わせを下から一つ選びなさい。,True,R5_Kyushu_Okinawa_TourokuHanbaisha_Verified(1).txt
KUM-R5-C1-Q05,5,1,5,【正解２】,セルフメディケーションに関する以下の記述の正誤について、正しい組み合わせを下から一つ選びなさい。,True,R5_Kyushu_Okinawa_TourokuHanbaisha_Verified(1).txt
KUM-R5-C1-Q06,5,1,6,【正解３】,医薬品に関する以下の記述のうち、正しいものの組み合わせを下から一つ選びなさい。,True,R5_Kyushu_Okinawa_TourokuHanbaisha_Verified(1).txt
KUM-R5-C1-Q07,5,1,7,【正解１】,医薬品の適正使用に関する以下の記述の正誤について、正しい組み合わせを下から一つ選びなさい。,True,R5_Kyushu_Okinawa_TourokuHanbaisha_Verified(1).txt
KUM-R5-C1-Q08,5,1,8,【正解２】,医薬品の相互作用に関する以下の記述の正誤について、正しい組み合わせを下から一つ選びなさい。,True,R5_Kyushu_Okinawa_TourokuHanbaisha_Verified(1).txt
KUM-R5-C1-Q09,5,1,9,【正解４】,医薬品と食品との飲み合わせに関する以下の記述のうち、誤っているものを一つ選びなさい。,True,R5_Kyushu_Okinawa_TourokuHanbaisha_Verified(1).txt
KUM-R5-C1-Q10,5,1,10,【正解３】,小児及び高齢者の医薬品の使用に関する以下の記述の正誤について、正しい組み合わせを下から一つ選びなさい。,True,R5_Kyushu_Okinawa_TourokuHanbaisha_Verified(1).txt
KUM-R5-C1-Q11,5,1,11,【正解１】,妊婦及び授乳婦の医薬品の使用に関する以下の記述のうち、正しいものの組み合わせを下から一つ選びなさい。,True,R5_Kyushu_Okinawa_TourokuHanbaisha_Verified(1).txt
KUM-R5-C1-Q12,5,1,12,【正解４】,プラセボ効果に関する以下の記述について、（ ）の中に入れるべき字句の正しい組み合わせを下から一つ選びなさい。,True,R5_Kyushu_Okinawa_TourokuHanbaisha_Verified(1).txt
KUM-R5-C1-Q13,5,1,13,【正解４】,医薬品の品質に関する以下の記述のうち、正しいものの組み合わせを下から一つ選びなさい。,True,R5_Kyushu_Okinawa_TourokuHanbaisha_Verified(1).txt
KUM-R5-C1-Q14,5,1,14,【正解１】,一般用医薬品に関する以下の記述の正誤について、正しい組み合わせを下から一つ選びなさい。,True,R5_Kyushu_Okinawa_TourokuHanbaisha_Verified(1).txt
KUM-R5-C1-Q15,5,1,15,【正解３】,一般用医薬品を販売する際の登録販売者の姿勢に関する以下の記述のうち、正しいものを一つ選びなさい。,True,R5_Kyushu_Okinawa_TourokuHanbaisha_Verified(1).txt
KUM-R5-C1-Q16,5,1,16,【正解１】,医薬品の販売等に従事する専門家が購入者へ確認する基本的な事項に関する以下の記述の正誤について、正しい組み合わせを下から一つ選びなさい。,True,R5_Kyushu_Okinawa_TourokuHanbaisha_Verified(1).txt
KUM-R5-C1-Q17,5,1,17,【正解２】,以下の記述にあてはまる購入者への対応として、最も適切でないものを下から一つ選びなさい。,True,R5_Kyushu_Okinawa_TourokuHanbaisha_Verified(1).txt
KUM-R5-C1-Q18,5,1,18,【正解５】,サリドマイド及びサリドマイド訴訟に関する以下の記述について、（ ）の中に入れるべき字句の正しい組み合わせを下から一つ選びなさい。,True,R5_Kyushu_Okinawa_TourokuHanbaisha_Verified(1).txt
KUM-R5-C1-Q19,5,1,19,【正解１】,以下の医薬品等のうち、過去に一般用医薬品として販売され、医薬品等による副作用等にかかる訴訟の原因となったものとして、正しいものを一つ選びなさい。,True,R5_Kyushu_Okinawa_TourokuHanbaisha_Verified(1).txt
KUM-R5-C1-Q20,5,1,20,【正解４】,医薬品等による副作用等にかかる訴訟とその原因となった医薬品等に関する以下関係の正誤について、正しい組み合わせを下から一つ選びなさい。,True,R5_Kyushu_Okinawa_TourokuHanbaisha_Verified(1).txt
KUM-R5-C2-Q01,5,2,1,【正解２】,消化器系に関する以下の記述の正誤について、正しい組み合わせを下から一つ選びなさい。,True,R5_Kyushu_Okinawa_TourokuHanbaisha_Verified(1).txt
KUM-R5-C2-Q02,5,2,2,【正解１】,肝臓に関する以下の記述のうち、正しいものの組み合わせを下から一つ選びなさい。,True,R5_Kyushu_Okinawa_TourokuHanbaisha_Verified(1).txt
KUM-R5-C2-Q03,5,2,3,【正解２】,肺に関する以下の記述のうち、正しいものを一つ選びなさい。,True,R5_Kyushu_Okinawa_TourokuHanbaisha_Verified(1).txt
KUM-R5-C2-Q04,5,2,4,【正解１】,赤血球に関する以下の記述について、（ ）の中に入れるべき字句の正しい組み合わせを下から一つ選びなさい。,True,R5_Kyushu_Okinawa_TourokuHanbaisha_Verified(1).txt
KUM-R5-C2-Q05,5,2,5,【正解３】,泌尿器系に関する以下の記述のうち、誤っているものを一つ選びなさい。,True,R5_Kyushu_Okinawa_TourokuHanbaisha_Verified(1).txt
KUM-R5-C2-Q06,5,2,6,【正解３】,感覚器官に関する以下の記述の正誤について、正しい組み合わせを下から一つ選びなさい。,True,R5_Kyushu_Okinawa_TourokuHanbaisha_Verified(1).txt
KUM-R5-C2-Q07,5,2,7,【正解２】,外皮系に関する以下の記述のうち、正しいものの組み合わせを下から一つ選びなさい。,True,R5_Kyushu_Okinawa_TourokuHanbaisha_Verified(1).txt
KUM-R5-C2-Q08,5,2,8,【正解１】,筋組織に関する以下の記述のうち、正しいものを一つ選びなさい。,True,R5_Kyushu_Okinawa_TourokuHanbaisha_Verified(1).txt
KUM-R5-C2-Q09,5,2,9,【正解４】,中枢神経系に関する以下の記述のうち、正しいものの組み合わせを下から一つ選びなさい。,True,R5_Kyushu_Okinawa_TourokuHanbaisha_Verified(1).txt
KUM-R5-C2-Q10,5,2,10,【正解４】,交感神経系が副交感神経系より活発に働いたときの効果器とその反応に関する以下関係の正誤について、正しい組み合わせを下から一つ選びなさい。,True,R5_Kyushu_Okinawa_TourokuHanbaisha_Verified(1).txt
KUM-R5-C2-Q11,5,2,11,【正解２】,医薬品の吸収、代謝及び排泄に関する以下の記述のうち、正しいものの組み合わせを下から一つ選びなさい。,True,R5_Kyushu_Okinawa_TourokuHanbaisha_Verified(1).txt
KUM-R5-C2-Q12,5,2,12,【正解４】,薬の体内での働きに関する以下の記述のうち、誤っているものを一つ選びなさい。,True,R5_Kyushu_Okinawa_TourokuHanbaisha_Verified(1).txt
KUM-R5-C2-Q13,5,2,13,【正解３】,医薬品の剤形及び適切な使用方法に関する以下の記述の正誤について、正しい組み合わせを下から一つ選びなさい。,True,R5_Kyushu_Okinawa_TourokuHanbaisha_Verified(1).txt
KUM-R5-C2-Q14,5,2,14,【正解２】,皮膚粘膜眼症候群（スティーブンス・ジョンソン症候群）に関する以下の記述のうち、正しいものの組み合わせを下から一つ選びなさい。,True,R5_Kyushu_Okinawa_TourokuHanbaisha_Verified(1).txt
KUM-R5-C2-Q15,5,2,15,【正解４】,肝機能障害に関する以下の記述のうち、誤っているものを一つ選びなさい。,True,R5_Kyushu_Okinawa_TourokuHanbaisha_Verified(1).txt
KUM-R5-C2-Q16,5,2,16,【正解２】,精神神経系に現れる副作用に関する以下の記述のうち、誤っているものを一つ選びなさい。,True,R5_Kyushu_Okinawa_TourokuHanbaisha_Verified(1).txt
KUM-R5-C2-Q17,5,2,17,【正解５】,イレウス様症状に関する以下の記述について、（ ）の中に入れるべき字句の正しい組み合わせを下から一つ選びなさい。なお、同じ記号の（ ）内には同じ字句が入ります。,True,R5_Kyushu_Okinawa_TourokuHanbaisha_Verified(1).txt
KUM-R5-C2-Q18,5,2,18,【正解１】,医薬品の副作用としての喘息に関する以下の記述の正誤について、正しい組み合わせを下から一つ選びなさい。,True,R5_Kyushu_Okinawa_TourokuHanbaisha_Verified(1).txt
KUM-R5-C2-Q19,5,2,19,【正解１】,循環器系に現れる副作用に関する以下の記述のうち、誤っているものを一つ選びなさい。,True,R5_Kyushu_Okinawa_TourokuHanbaisha_Verified(1).txt
KUM-R5-C2-Q20,5,2,20,【正解１】,皮膚に現れる副作用に関する以下の記述のうち、正しいものの組み合わせを下から一つ選びなさい。,True,R5_Kyushu_Okinawa_TourokuHanbaisha_Verified(1).txt
KUM-R5-C3-Q01,5,3,1,【正解４】,かぜ薬及びその配合成分に関する以下の記述の正誤について、正しい組み合わせを下から一つ選びなさい。,True,R5_Kyushu_Okinawa_TourokuHanbaisha_Verified(1).txt
KUM-R5-C3-Q02,5,3,2,【正解５】,以下の記述にあてはまるかぜ薬の漢方処方製剤として、最も適切なものを下から一つ選びなさい。,True,R5_Kyushu_Okinawa_TourokuHanbaisha_Verified(1).txt
KUM-R5-C3-Q03,5,3,3,【正解２】,解熱鎮痛薬及びその配合成分に関する以下の記述のうち、正しいものの組み合わせを下から一つ選びなさい。,True,R5_Kyushu_Okinawa_TourokuHanbaisha_Verified(1).txt
KUM-R5-C3-Q04,5,3,4,【正解５】,眠気を促す薬及びその配合成分に関する以下の記述の正誤について、正しい組み合わせを下から一つ選びなさい。,True,R5_Kyushu_Okinawa_TourokuHanbaisha_Verified(1).txt
KUM-R5-C3-Q05,5,3,5,【正解２】,眠気を防ぐ薬及びその配合成分に関する以下の記述のうち、正しいものの組み合わせを下から一つ選びなさい。,True,R5_Kyushu_Okinawa_TourokuHanbaisha_Verified(1).txt
KUM-R5-C3-Q06,5,3,6,【正解３】,鎮暈薬（乗物酔い防止薬）及びその配合成分に関する以下の記述の正誤について、正しい組み合わせを下から一つ選びなさい。,True,R5_Kyushu_Okinawa_TourokuHanbaisha_Verified(1).txt
KUM-R5-C3-Q07,5,3,7,【正解２】,小児の疳及び小児の疳を適応症とする生薬製剤・漢方処方製剤（小児鎮静薬）に関する以下の記述の正誤について、正しい組み合わせを下から一つ選びなさい。,True,R5_Kyushu_Okinawa_TourokuHanbaisha_Verified(1).txt
KUM-R5-C3-Q08,5,3,8,【正解１】,鎮咳去痰薬に配合される成分及びその主な作用の関係について、正しい組み合わせを下から一つ選びなさい。,True,R5_Kyushu_Okinawa_TourokuHanbaisha_Verified(1).txt
KUM-R5-C3-Q09,5,3,9,【正解４】,鎮咳去痰薬及びその配合成分に関する以下の記述の正誤について、正しい組み合わせを下から一つ選びなさい。,True,R5_Kyushu_Okinawa_TourokuHanbaisha_Verified(1).txt
KUM-R5-C3-Q10,5,3,10,【正解３】,口腔咽喉薬、含嗽薬及びそれらの配合成分に関する以下の記述のうち、正しいものの組み合わせを下から一つ選びなさい。,True,R5_Kyushu_Okinawa_TourokuHanbaisha_Verified(1).txt
KUM-R5-C3-Q11,5,3,11,【正解１】,胃腸に作用する薬及びその配合成分に関する以下の記述の正誤について、正しい組み合わせを下から一つ選びなさい。,True,R5_Kyushu_Okinawa_TourokuHanbaisha_Verified(1).txt
KUM-R5-C3-Q12,5,3,12,【正解５】,以下の説明にあてはまる瀉下成分について、正しい組み合わせを下から一つ選びなさい。,False,R5_Kyushu_Okinawa_TourokuHanbaisha_Verified(1).txt
KUM-R5-C3-Q13,5,3,13,【正解３】,腸の薬及びその配合成分に関する以下の記述のうち、正しいものの組み合わせを下から一つ選びなさい。,True,R5_Kyushu_Okinawa_TourokuHanbaisha_Verified(1).txt
KUM-R5-C3-Q14,5,3,14,【正解３】,胃腸鎮痛鎮痙薬及びその配合成分に関する以下の記述の正誤について、正しい組み合わせを下から一つ選びなさい。,True,R5_Kyushu_Okinawa_TourokuHanbaisha_Verified(1).txt
KUM-R5-C3-Q15,5,3,15,【正解２】,浣腸薬及びその配合成分に関する以下の記述の正誤について、正しい組み合わせを下から一つ選びなさい。,True,R5_Kyushu_Okinawa_TourokuHanbaisha_Verified(1).txt
KUM-R5-C3-Q16,5,3,16,【正解３】,心臓などの器官や血液に作用する薬に関する以下の記述のうち、正しいものの組み合わせを下から一つ選びなさい。,True,R5_Kyushu_Okinawa_TourokuHanbaisha_Verified(1).txt
KUM-R5-C3-Q17,5,3,17,【正解４】,血中コレステロール、高コレステロール改善薬及びその配合成分に関する以下の記述の正誤について、正しい組み合わせを下から一つ選びなさい。,True,R5_Kyushu_Okinawa_TourokuHanbaisha_Verified(1).txt
KUM-R5-C3-Q18,5,3,18,【正解３】,貧血に関する以下の記述のうち、誤っているものを下から一つ選びなさい。,True,R5_Kyushu_Okinawa_TourokuHanbaisha_Verified(1).txt
KUM-R5-C3-Q19,5,3,19,【正解３】,循環器用薬及びその配合成分に関する以下の記述のうち、誤っているものを下から一つ選びなさい。,True,R5_Kyushu_Okinawa_TourokuHanbaisha_Verified(1).txt
KUM-R5-C3-Q20,5,3,20,【正解２】,痔の発症、痔疾用薬及びその配合成分に関する以下の記述のうち、正しいものの組み合わせを下から一つ選びなさい。,True,R5_Kyushu_Okinawa_TourokuHanbaisha_Verified(1).txt
KUM-R5-C3-Q21,5,3,21,【正解５】,点鼻薬の配合成分に関する以下の記述の正誤について、正しい組み合わせを下から一つ選びなさい。,True,R5_Kyushu_Okinawa_TourokuHanbaisha_Verified(1).txt
KUM-R5-C3-Q22,5,3,22,【正解３】,鼻炎用点鼻薬に関する以下の記述のうち、正しいものの組み合わせを下から一つ選びなさい。,True,R5_Kyushu_Okinawa_TourokuHanbaisha_Verified(1).txt
KUM-R5-C3-Q23,5,3,23,【正解２】,点眼薬に関する以下の記述の正誤について、正しい組み合わせを下から一つ選びなさい。,True,R5_Kyushu_Okinawa_TourokuHanbaisha_Verified(1).txt
KUM-R5-C3-Q24,5,3,24,【正解３】,眼科用薬の配合成分に関する以下の記述のうち、正しいものの組み合わせを下から一つ選びなさい。,True,R5_Kyushu_Okinawa_TourokuHanbaisha_Verified(1).txt
KUM-R5-C3-Q25,5,3,25,【正解４】,眼科用薬の配合成分に関する以下の記述の正誤について、正しい組み合わせを下から一つ選びなさい。,True,R5_Kyushu_Okinawa_TourokuHanbaisha_Verified(1).txt
KUM-R5-C3-Q26,5,3,26,【正解２】,皮膚に用いる薬に関する以下の記述のうち、正しいものの組み合わせを下から一つ選びなさい。,True,R5_Kyushu_Okinawa_TourokuHanbaisha_Verified(1).txt
KUM-R5-C3-Q27,5,3,27,【正解４】,殺菌消毒成分及びその製品に関する以下の記述の正誤について、正しい組み合わせを下から一つ選びなさい。,True,R5_Kyushu_Okinawa_TourokuHanbaisha_Verified(1).txt
KUM-R5-C3-Q28,5,3,28,【正解２】,皮膚に用いる薬の配合成分に関する以下の記述のうち、誤っているものを一つ選びなさい。,True,R5_Kyushu_Okinawa_TourokuHanbaisha_Verified(1).txt
KUM-R5-C3-Q29,5,3,29,【正解３】,皮膚に用いられる薬に配合される抗菌成分及び抗真菌成分に関する以下の記述の正誤について、正しい組み合わせを下から一つ選びなさい。,True,R5_Kyushu_Okinawa_TourokuHanbaisha_Verified(1).txt
KUM-R5-C3-Q30,5,3,30,【正解３】,毛髪用薬の配合成分に関する以下の記述のうち、正しいものの組み合わせを下から一つ選びなさい。,True,R5_Kyushu_Okinawa_TourokuHanbaisha_Verified(1).txt
KUM-R5-C3-Q31,5,3,31,【正解３】,歯痛・歯槽膿漏薬の配合成分に関する以下の記述のうち、正しいものの組み合わせを下から一つ選びなさい。,True,R5_Kyushu_Okinawa_TourokuHanbaisha_Verified(1).txt
KUM-R5-C3-Q32,5,3,32,【正解４】,禁煙補助剤に関する以下の記述の正誤について、正しい組み合わせを下から一つ選びなさい。,True,R5_Kyushu_Okinawa_TourokuHanbaisha_Verified(1).txt
KUM-R5-C3-Q33,5,3,33,【正解２】,滋養強壮保健薬に関する以下の記述のうち、正しいものを一つ選びなさい。,True,R5_Kyushu_Okinawa_TourokuHanbaisha_Verified(1).txt
KUM-R5-C3-Q34,5,3,34,【正解５】,ビタミン成分とその主な作用に関する以下関係の正誤について、正しい組み合わせを下から一つ選びなさい。,True,R5_Kyushu_Okinawa_TourokuHanbaisha_Verified(1).txt
KUM-R5-C3-Q35,5,3,35,【正解３】,漢方処方製剤に関する以下の記述の正誤について、正しい組み合わせを下から一つ選びなさい。,True,R5_Kyushu_Okinawa_TourokuHanbaisha_Verified(1).txt
KUM-R5-C3-Q36,5,3,36,【正解２】,漢方処方製剤に関する以下の記述のうち、正しいものの組み合わせを下から一つ選びなさい。,True,R5_Kyushu_Okinawa_TourokuHanbaisha_Verified(1).txt
KUM-R5-C3-Q37,5,3,37,【正解１】,生薬製剤の代表的な生薬とその目的とする作用に関する以下関係の正誤について、正しい組み合わせを下から一つ選びなさい。,True,R5_Kyushu_Okinawa_TourokuHanbaisha_Verified(1).txt
KUM-R5-C3-Q38,5,3,38,【正解１】,消毒薬及び殺菌消毒成分に関する以下の記述のうち、正しいものの組み合わせを下から一つ選びなさい。,True,R5_Kyushu_Okinawa_TourokuHanbaisha_Verified(1).txt
KUM-R5-C3-Q39,5,3,39,【正解４】,有機リン系殺虫成分に関する以下の記述について、（ ）の中に入れるべき字句の正しい組み合わせを下から一つ選びなさい。,True,R5_Kyushu_Okinawa_TourokuHanbaisha_Verified(1).txt
KUM-R5-C3-Q40,5,3,40,【正解５】,妊娠検査薬に関する以下の記述の正誤について、正しい組み合わせを下から一つ選びなさい。,True,R5_Kyushu_Okinawa_TourokuHanbaisha_Verified(1).txt
KUM-R5-C4-Q01,5,4,1,【正解２】,医薬品医療機器等法第１条の記載に関する以下の記述について、（ ）の中に入れるべき字句の正しい組み合わせを下から一つ選びなさい。なお、同じ記号の（ ）内には同じ字句が入ります。,True,R5_Kyushu_Okinawa_TourokuHanbaisha_Verified(1).txt
KUM-R5-C4-Q02,5,4,2,【正解２】,要指導医薬品に関する以下の記述のうち、正しいものを一つ選びなさい。,True,R5_Kyushu_Okinawa_TourokuHanbaisha_Verified(1).txt
KUM-R5-C4-Q03,5,4,3,【正解４】,毒薬及び劇薬に関する以下の記述のうち、正しいものの組み合わせを下から一つ選びなさい。,True,R5_Kyushu_Okinawa_TourokuHanbaisha_Verified(1).txt
KUM-R5-C4-Q04,5,4,4,【正解４】,一般用医薬品のリスク区分に関する以下の記述の正誤について、正しい組み合わせを下から一つ選びなさい。,True,R5_Kyushu_Okinawa_TourokuHanbaisha_Verified(1).txt
KUM-R5-C4-Q05,5,4,5,【正解１】,以下の事項のうち、一般用医薬品又は要指導医薬品の直接の容器又は被包に記載されていなければならないものとして、誤っているものを一つ選びなさい。,True,R5_Kyushu_Okinawa_TourokuHanbaisha_Verified(1).txt
KUM-R5-C4-Q06,5,4,6,【正解４】,医薬部外品に関する以下の記述の正誤について、正しい組み合わせを下から一つ選びなさい。,True,R5_Kyushu_Okinawa_TourokuHanbaisha_Verified(1).txt
KUM-R5-C4-Q07,5,4,7,【正解３】,化粧品に関する以下の記述のうち、正しいものの組み合わせを下から一つ選びなさい。,True,R5_Kyushu_Okinawa_TourokuHanbaisha_Verified(1).txt
KUM-R5-C4-Q08,5,4,8,【正解２】,栄養機能食品の栄養成分と栄養機能表示に関する以下関係の正誤について、正しい組み合わせを下から一つ選びなさい。,True,R5_Kyushu_Okinawa_TourokuHanbaisha_Verified(1).txt
KUM-R5-C4-Q09,5,4,9,【正解３】,これまでに認められている特定保健用食品の表示内容及び保健機能成分の関係について、正しい組み合わせを下から一つ選びなさい。,True,R5_Kyushu_Okinawa_TourokuHanbaisha_Verified(1).txt
KUM-R5-C4-Q10,5,4,10,【正解１】,医薬品の販売業に関する以下の記述のうち、誤っているものを一つ選びなさい。,True,R5_Kyushu_Okinawa_TourokuHanbaisha_Verified(1).txt
KUM-R5-C4-Q11,5,4,11,【正解２】,薬局に関する以下の記述の正誤について、正しい組み合わせを下から一つ選びなさい。,True,R5_Kyushu_Okinawa_TourokuHanbaisha_Verified(1).txt
KUM-R5-C4-Q12,5,4,12,【正解４】,薬局における薬剤師不在時間に関する以下の記述のうち、誤っているものを一つ選びなさい。,True,R5_Kyushu_Okinawa_TourokuHanbaisha_Verified(1).txt
KUM-R5-C4-Q13,5,4,13,【正解３】,店舗販売業に関する以下の記述のうち、正しいものの組み合わせを下から一つ選びなさい。,True,R5_Kyushu_Okinawa_TourokuHanbaisha_Verified(1).txt
KUM-R5-C4-Q14,5,4,14,【正解４】,配置販売業に関する以下の記述のうち、正しいものを一つ選びなさい。,True,R5_Kyushu_Okinawa_TourokuHanbaisha_Verified(1).txt
KUM-R5-C4-Q15,5,4,15,【正解５】,医薬品の陳列に関する以下の記述の正誤について、正しい組み合わせを下から一つ選びなさい。,True,R5_Kyushu_Okinawa_TourokuHanbaisha_Verified(1).txt
KUM-R5-C4-Q16,5,4,16,【正解２】,以下の事項のうち、医薬品医療機器等法及び医薬品医療機器等法施行規則に基づき、店舗販売業者が店舗の見やすい位置に掲示板で掲示しなければならないものの組み合わせを下から一つ選びなさい。,True,R5_Kyushu_Okinawa_TourokuHanbaisha_Verified(1).txt
KUM-R5-C4-Q17,5,4,17,【正解４】,以下の成分、その水和物及びそれらの塩類を有効成分として含有する製剤のうち、濫用等のおそれのあるものとして厚生労働大臣が指定する医薬品に該当するものの組み合わせを下から一つ選びなさい。,True,R5_Kyushu_Okinawa_TourokuHanbaisha_Verified(1).txt
KUM-R5-C4-Q18,5,4,18,【正解３】,特定販売に関する以下の記述のうち、誤っているものを一つ選びなさい。,True,R5_Kyushu_Okinawa_TourokuHanbaisha_Verified(1).txt
KUM-R5-C4-Q19,5,4,19,【正解１】,医薬品の広告に関する以下の記述のうち、正しいものの組み合わせを下から一つ選びなさい。,True,R5_Kyushu_Okinawa_TourokuHanbaisha_Verified(1).txt
KUM-R5-C4-Q20,5,4,20,【正解２】,医薬品の苦情相談窓口に関する以下の記述の正誤について、正しい組み合わせを下から一つ選びなさい。,True,R5_Kyushu_Okinawa_TourokuHanbaisha_Verified(1).txt
KUM-R5-C5-Q01,5,5,1,【正解３】,医薬品の適正使用に関する以下の記述のうち、誤っているものを一つ選びなさい。,True,R5_Kyushu_Okinawa_TourokuHanbaisha_Verified(1).txt
KUM-R5-C5-Q02,5,5,2,【正解１】,一般用医薬品の添付文書の記載に関する以下の記述のうち、誤っているものを一つ選びなさい。,True,R5_Kyushu_Okinawa_TourokuHanbaisha_Verified(1).txt
KUM-R5-C5-Q03,5,5,3,【正解２】,一般用医薬品の添付文書における「使用上の注意」に関する以下の記述の正誤について、正しい組み合わせを下から一つ選びなさい。,True,R5_Kyushu_Okinawa_TourokuHanbaisha_Verified(1).txt
KUM-R5-C5-Q04,5,5,4,【正解３】,以下の医薬品又は医薬品成分のうち、一般用医薬品の添付文書の「してはいけないこと」の項において「次の人は使用（服用）しないこと」の項目欄に「透析療法を受けている人」と記載されている成分等として、正しいものを一つ選びなさい。,True,R5_Kyushu_Okinawa_TourokuHanbaisha_Verified(1).txt
KUM-R5-C5-Q05,5,5,5,【正解３】,以下の医薬品成分のうち、一般用医薬品の添付文書の「してはいけないこと」の項において「次の人は使用（服用）しないこと」の項目欄に「喘息を起こしたことがある人」と記載されている成分として、正しいものの組み合わせを下から一つ選びなさい。,True,R5_Kyushu_Okinawa_TourokuHanbaisha_Verified(1).txt
KUM-R5-C5-Q06,5,5,6,【正解２】,一般用医薬品の添付文書における「してはいけないこと」の項において、「次の人は使用（服用）しないこと」の項目欄の「妊婦又は妊娠していると思われる人」に該当する主な成分・薬効群等及びその理由に関する以下の組み合わせについて、誤っているものを一つ選びなさい。,True,R5_Kyushu_Okinawa_TourokuHanbaisha_Verified(1).txt
KUM-R5-C5-Q07,5,5,7,【正解４】,以下の医薬品成分のうち、一般用医薬品の添付文書の「相談すること」の項において「次の診断を受けた人」の項目欄に「胃・十二指腸潰瘍」と記載されている成分として、誤っているものを一つ選びなさい。,True,R5_Kyushu_Okinawa_TourokuHanbaisha_Verified(1).txt
KUM-R5-C5-Q08,5,5,8,【正解１】,一般用医薬品の添付文書における「使用上の注意」に関する以下の記述のうち、誤っているものを一つ選びなさい。,True,R5_Kyushu_Okinawa_TourokuHanbaisha_Verified(1).txt
KUM-R5-C5-Q09,5,5,9,【正解３】,一般用医薬品の「保管及び取扱い上の注意」に関する以下の記述の正誤について、正しい組み合わせを下から一つ選びなさい。,True,R5_Kyushu_Okinawa_TourokuHanbaisha_Verified(1).txt
KUM-R5-C5-Q10,5,5,10,【正解２】,緊急安全性情報に関する以下の記述のうち、正しいものの組み合わせを下から一つ選びなさい。,True,R5_Kyushu_Okinawa_TourokuHanbaisha_Verified(1).txt
KUM-R5-C5-Q11,5,5,11,【正解３】,医薬品・医療機器等の情報提供に関する以下の記述のうち、正しいものの組み合わせを下から一つ選びなさい。,True,R5_Kyushu_Okinawa_TourokuHanbaisha_Verified(1).txt
KUM-R5-C5-Q12,5,5,12,【正解４】,以下の情報のうち、独立行政法人医薬品医療機器総合機構ホームページに掲載されているものとして、誤っているものを一つ選びなさい。,True,R5_Kyushu_Okinawa_TourokuHanbaisha_Verified(1).txt
KUM-R5-C5-Q13,5,5,13,【正解５】,医薬品の副作用等の報告に関する以下の記述の正誤について、正しい組み合わせを下から一つ選びなさい。,True,R5_Kyushu_Okinawa_TourokuHanbaisha_Verified(1).txt
KUM-R5-C5-Q14,5,5,14,【正解１】,企業からの副作用等の報告制度に関する以下の記述の正誤について、正しい組み合わせを下から一つ選びなさい。,True,R5_Kyushu_Okinawa_TourokuHanbaisha_Verified(1).txt
KUM-R5-C5-Q15,5,5,15,【正解５】,医薬品副作用被害救済制度に関する以下の記述の正誤について、正しい組み合わせを下から一つ選びなさい。,True,R5_Kyushu_Okinawa_TourokuHanbaisha_Verified(1).txt
KUM-R5-C5-Q16,5,5,16,【正解１】,以下の医薬品副作用被害救済制度における給付の種類のうち、請求期限が定められているものの組み合わせを下から一つ選びなさい。,True,R5_Kyushu_Okinawa_TourokuHanbaisha_Verified(1).txt
KUM-R5-C5-Q17,5,5,17,【正解２】,以下の医薬品のうち、医薬品副作用被害救済制度の対象となるものの組み合わせを下から一つ選びなさい。,True,R5_Kyushu_Okinawa_TourokuHanbaisha_Verified(1).txt
KUM-R5-C5-Q18,5,5,18,【正解３】,医薬品ＰＬセンターに関する以下の記述の正誤について、正しい組み合わせを下から一つ選びなさい。,True,R5_Kyushu_Okinawa_TourokuHanbaisha_Verified(1).txt
KUM-R5-C5-Q19,5,5,19,【正解２】,一般用医薬品の安全対策に関する以下の記述の正誤について、正しい組み合わせを下から一つ選びなさい。,True,R5_Kyushu_Okinawa_TourokuHanbaisha_Verified(1).txt
KUM-R5-C5-Q20,5,5,20,【正解２】,医薬品の適正使用及びその啓発活動に関する以下の記述のうち、正しいものを一つ選びなさい。,True,R5_Kyushu_Okinawa_TourokuHanbaisha_Verified(1).txt
KUM-R6-C1-Q01,6,1,1,【正解２】,医薬品に関する以下の記述の正誤について、正しい組み合わせを下から一つ選びなさい。,True,R6_Kyushu_Okinawa_TourokuHanbaisha_Verified(1).txt
KUM-R6-C1-Q02,6,1,2,【正解３】,医薬品のリスク評価に関する以下の記述の正誤について、正しい組み合わせを下から一つ選びなさい。,True,R6_Kyushu_Okinawa_TourokuHanbaisha_Verified(1).txt
KUM-R6-C1-Q03,6,1,3,【正解３】,以下の試験のうち、医薬品毒性試験法ガイドラインに沿って実施される毒性試験として、正しいものの組み合わせを下から一つ選びなさい。,True,R6_Kyushu_Okinawa_TourokuHanbaisha_Verified(1).txt
KUM-R6-C1-Q04,6,1,4,【正解３】,健康食品に関する以下の記述のうち、正しいものの組み合わせを下から一つ選びなさい。,True,R6_Kyushu_Okinawa_TourokuHanbaisha_Verified(1).txt
KUM-R6-C1-Q05,6,1,5,【正解２】,セルフメディケーションに関する以下の記述の正誤について、正しい組み合わせを下から一つ選びなさい。,True,R6_Kyushu_Okinawa_TourokuHanbaisha_Verified(1).txt
KUM-R6-C1-Q06,6,1,6,【正解３】,医薬品の副作用に関する以下の記述のうち、正しいものの組み合わせを下から一つ選びなさい。,True,R6_Kyushu_Okinawa_TourokuHanbaisha_Verified(1).txt
KUM-R6-C1-Q07,6,1,7,【正解１】,一般用医薬品の不適正な使用及び副作用に関する以下の記述の正誤について、正しい組み合わせを下から一つ選びなさい。,True,R6_Kyushu_Okinawa_TourokuHanbaisha_Verified(1).txt
KUM-R6-C1-Q08,6,1,8,【正解２】,医薬品の相互作用に関する以下の記述の正誤について、正しい組み合わせを下から一つ選びなさい。,True,R6_Kyushu_Okinawa_TourokuHanbaisha_Verified(1).txt
KUM-R6-C1-Q09,6,1,9,【正解３】,医薬品と食品との相互作用に関する以下の記述の正誤について、正しい組み合わせを下から一つ選びなさい。,True,R6_Kyushu_Okinawa_TourokuHanbaisha_Verified(1).txt
KUM-R6-C1-Q10,6,1,10,【正解３】,小児等の医薬品の使用に関する以下の記述の正誤について、正しい組み合わせを下から一つ選びなさい。,True,R6_Kyushu_Okinawa_TourokuHanbaisha_Verified(1).txt
KUM-R6-C1-Q11,6,1,11,【正解３】,高齢者の医薬品の使用に関する以下の記述のうち、正しいものの組み合わせを下から一つ選びなさい。,True,R6_Kyushu_Okinawa_TourokuHanbaisha_Verified(1).txt
KUM-R6-C1-Q12,6,1,12,【正解４】,妊婦及び授乳婦の医薬品の使用等に関する以下の記述のうち、正しいものの組み合わせを下から一つ選びなさい。,True,R6_Kyushu_Okinawa_TourokuHanbaisha_Verified(1).txt
KUM-R6-C1-Q13,6,1,13,【正解２】,プラセボ効果に関する以下の記述の正誤について、正しい組み合わせを下から一つ選びなさい。,True,R6_Kyushu_Okinawa_TourokuHanbaisha_Verified(1).txt
KUM-R6-C1-Q14,6,1,14,【正解３】,医薬品の品質に関する以下の記述の正誤について、正しい組み合わせを下から一つ選びなさい。,True,R6_Kyushu_Okinawa_TourokuHanbaisha_Verified(1).txt
KUM-R6-C1-Q15,6,1,15,【正解５】,一般用医薬品の選択及びセルフメディケーションに関する以下の記述の正誤について、正しい組み合わせを下から一つ選びなさい。,True,R6_Kyushu_Okinawa_TourokuHanbaisha_Verified(1).txt
KUM-R6-C1-Q16,6,1,16,【正解３】,一般用医薬品の販売時のコミュニケーションに関する以下の記述のうち、正しいものの組み合わせを下から一つ選びなさい。,True,R6_Kyushu_Okinawa_TourokuHanbaisha_Verified(1).txt
KUM-R6-C1-Q17,6,1,17,【正解１】,医薬品の販売等に従事する専門家が購入者等から確認しておきたい基本的な事項に関する以下の記述の正誤について、正しい組み合わせを下から一つ選びなさい。,True,R6_Kyushu_Okinawa_TourokuHanbaisha_Verified(1).txt
KUM-R6-C1-Q18,6,1,18,【正解２】,サリドマイド及びサリドマイド訴訟に関する以下の記述の正誤について、正しい組み合わせを下から一つ選びなさい。,True,R6_Kyushu_Okinawa_TourokuHanbaisha_Verified(1).txt
KUM-R6-C1-Q19,6,1,19,【正解２】,スモン及びスモン訴訟に関する以下の記述の正誤について、正しい組み合わせを下から一つ選びなさい。,True,R6_Kyushu_Okinawa_TourokuHanbaisha_Verified(1).txt
KUM-R6-C1-Q20,6,1,20,【正解２】,ヒト免疫不全ウイルス（以下「ＨＩＶ」という。）及びクロイツフェルト・ヤコブ病（以下「ＣＪＤ」という。）に関する以下の記述の正誤について、正しい組み合わせを下から一つ選びなさい。,True,R6_Kyushu_Okinawa_TourokuHanbaisha_Verified(1).txt
KUM-R6-C2-Q01,6,2,1,【正解２】,消化器系に関する以下の記述の正誤について、正しい組み合わせを下から一つ選びなさい。,True,R6_Kyushu_Okinawa_TourokuHanbaisha_Verified(1).txt
KUM-R6-C2-Q02,6,2,2,【正解１】,消化酵素及びそれに関連する物質に関する以下の記述のうち、正しいものを一つ選びなさい。,True,R6_Kyushu_Okinawa_TourokuHanbaisha_Verified(1).txt
KUM-R6-C2-Q03,6,2,3,【正解５】,大腸及び肛門に関する以下の記述の正誤について、正しい組み合わせを下から一つ選びなさい。,True,R6_Kyushu_Okinawa_TourokuHanbaisha_Verified(1).txt
KUM-R6-C2-Q04,6,2,4,【正解１】,呼吸器系に関する以下の記述のうち、正しいものの組み合わせを下から一つ選びなさい。,True,R6_Kyushu_Okinawa_TourokuHanbaisha_Verified(1).txt
KUM-R6-C2-Q05,6,2,5,【正解４】,循環器系に関する以下の記述の正誤について、正しい組み合わせを下から一つ選びなさい。,True,R6_Kyushu_Okinawa_TourokuHanbaisha_Verified(1).txt
KUM-R6-C2-Q06,6,2,6,【正解２】,血液に関する以下の記述のうち、誤っているものを一つ選びなさい。,True,R6_Kyushu_Okinawa_TourokuHanbaisha_Verified(1).txt
KUM-R6-C2-Q07,6,2,7,【正解２】,泌尿器系に関する以下の記述のうち、正しいものの組み合わせを下から一つ選びなさい。,True,R6_Kyushu_Okinawa_TourokuHanbaisha_Verified(1).txt
KUM-R6-C2-Q08,6,2,8,【正解３】,目に関する以下の記述の正誤について、正しい組み合わせを下から一つ選びなさい。,True,R6_Kyushu_Okinawa_TourokuHanbaisha_Verified(1).txt
KUM-R6-C2-Q09,6,2,9,【正解４】,感覚器官に関する以下の記述のうち、正しいものの組み合わせを下から一つ選びなさい。,True,R6_Kyushu_Okinawa_TourokuHanbaisha_Verified(1).txt
KUM-R6-C2-Q10,6,2,10,【正解１】,外皮系に関する以下の記述のうち、誤っているものを一つ選びなさい。,True,R6_Kyushu_Okinawa_TourokuHanbaisha_Verified(1).txt
KUM-R6-C2-Q11,6,2,11,【正解１】,筋組織に関する以下の記述について、（ ）の中に入れるべき字句の正しい組み合わせを下から一つ選びなさい。なお、同じ記号の（ ）内には同じ字句が入ります。,True,R6_Kyushu_Okinawa_TourokuHanbaisha_Verified(1).txt
KUM-R6-C2-Q12,6,2,12,【正解５】,脳や神経系の働きに関する以下の記述の正誤について、正しい組み合わせを下から一つ選びなさい。,True,R6_Kyushu_Okinawa_TourokuHanbaisha_Verified(1).txt
KUM-R6-C2-Q13,6,2,13,【正解２】,医薬品の有効成分の吸収に関する以下の記述の正誤について、正しい組み合わせを下から一つ選びなさい。,True,R6_Kyushu_Okinawa_TourokuHanbaisha_Verified(1).txt
KUM-R6-C2-Q14,6,2,14,【正解２】,以下の医薬品の成分のうち、主に口腔粘膜から吸収されて作用を現す剤形のあるものの組み合わせを下から一つ選びなさい。,True,R6_Kyushu_Okinawa_TourokuHanbaisha_Verified(1).txt
KUM-R6-C2-Q15,6,2,15,【正解４】,薬物の代謝及び排泄に関する以下の記述の正誤について、正しい組み合わせを下から一つ選びなさい。,True,R6_Kyushu_Okinawa_TourokuHanbaisha_Verified(1).txt
KUM-R6-C2-Q16,6,2,16,【正解３】,医薬品の剤形及び使用方法に関する以下の記述のうち、誤っているものを一つ選びなさい。,True,R6_Kyushu_Okinawa_TourokuHanbaisha_Verified(1).txt
KUM-R6-C2-Q17,6,2,17,【正解２】,全身的に現れる副作用に関する以下の記述の正誤について、正しい組み合わせを下から一つ選びなさい。,True,R6_Kyushu_Okinawa_TourokuHanbaisha_Verified(1).txt
KUM-R6-C2-Q18,6,2,18,【正解３】,消化器系に現れる副作用に関する以下の記述のうち、正しいものの組み合わせを下から一つ選びなさい。,True,R6_Kyushu_Okinawa_TourokuHanbaisha_Verified(1).txt
KUM-R6-C2-Q19,6,2,19,【正解４】,泌尿器系に現れる副作用に関する以下の記述の正誤について、正しい組み合わせを下から一つ選びなさい。,True,R6_Kyushu_Okinawa_TourokuHanbaisha_Verified(1).txt
KUM-R6-C2-Q20,6,2,20,【正解１】,皮膚に現れる副作用に関する以下の記述のうち、誤っているものを一つ選びなさい。,True,R6_Kyushu_Okinawa_TourokuHanbaisha_Verified(1).txt
KUM-R6-C3-Q01,6,3,1,【正解５】,かぜ薬に関する以下の記述の正誤について、正しい組み合わせを下から一つ選びなさい。,True,R6_Kyushu_Okinawa_TourokuHanbaisha_Verified(1).txt
KUM-R6-C3-Q02,6,3,2,【正解１】,次の表は、ある解熱鎮痛薬に含まれている成分の一覧である。この医薬品又は医薬品の成分に関する以下の記述のうち、正しいものの組み合わせを下から一つ選びなさい。,True,R6_Kyushu_Okinawa_TourokuHanbaisha_Verified(1).txt
KUM-R6-C3-Q03,6,3,3,【正解５】,かぜ薬の配合成分に関する以下の記述について、（ ）の中に入れるべき字句の正しい組み合わせを下から一つ選びなさい。,True,R6_Kyushu_Okinawa_TourokuHanbaisha_Verified(1).txt
KUM-R6-C3-Q04,6,3,4,【正解３】,鎮痛の目的で用いられる漢方処方製剤に関する以下の記述の正誤について、正しい組み合わせを下から一つ選びなさい。,True,R6_Kyushu_Okinawa_TourokuHanbaisha_Verified(1).txt
KUM-R6-C3-Q05,6,3,5,【正解１】,次の表は、あるかぜ薬に含まれている成分の一覧である。この医薬品の成分に関する以下の記述の正誤について、正しい組み合わせを下から一つ選びなさい。,True,R6_Kyushu_Okinawa_TourokuHanbaisha_Verified(1).txt
KUM-R6-C3-Q06,6,3,6,【正解２】,一般用医薬品に含まれる有効成分等とアルコールとの相互作用に関する以下の記述の正誤について、正しい組み合わせを下から一つ選びなさい。,True,R6_Kyushu_Okinawa_TourokuHanbaisha_Verified(1).txt
KUM-R6-C3-Q07,6,3,7,【正解２】,解熱鎮痛薬に関する以下の記述について、（ ）の中に入れるべき字句の正しい組み合わせを下から一つ選びなさい。,True,R6_Kyushu_Okinawa_TourokuHanbaisha_Verified(1).txt
KUM-R6-C3-Q08,6,3,8,【正解４】,鎮暈薬（乗物酔い防止薬）として使用されるジフェニドール塩酸塩に関する以下の記述のうち、誤っているものを一つ選びなさい。,True,R6_Kyushu_Okinawa_TourokuHanbaisha_Verified(1).txt
KUM-R6-C3-Q09,6,3,9,【正解なし】,小児の疳を適応症とする生薬製剤・漢方処方製剤（小児鎮静薬）及びその配合生薬に関する以下の記述のうち、正しいものの組み合わせを下から一つ選びなさい。,True,R6_Kyushu_Okinawa_TourokuHanbaisha_Verified(1).txt
KUM-R6-C3-Q10,6,3,10,【正解２】,呼吸器官に作用する一般用医薬品に配合される成分とその主な作用との関係について、正しい組み合わせを下から一つ選びなさい。,True,R6_Kyushu_Okinawa_TourokuHanbaisha_Verified(1).txt
KUM-R6-C3-Q11,6,3,11,【正解１】,胃腸鎮痛鎮痙薬に配合される成分に関する以下の記述の正誤について、正しい組み合わせを下から一つ選びなさい。,True,R6_Kyushu_Okinawa_TourokuHanbaisha_Verified(1).txt
KUM-R6-C3-Q12,6,3,12,【正解２】,眠気を促す薬及びその配合成分に関する以下の記述のうち、正しいものの組み合わせを下から一つ選びなさい。,True,R6_Kyushu_Okinawa_TourokuHanbaisha_Verified(1).txt
KUM-R6-C3-Q13,6,3,13,【正解５】,口腔咽喉薬及びうがい薬（含嗽薬）の一般的な注意事項に関する以下の記述の正誤について、正しい組み合わせを下から一つ選びなさい。,True,R6_Kyushu_Okinawa_TourokuHanbaisha_Verified(1).txt
KUM-R6-C3-Q14,6,3,14,【正解１】,瀉下薬の配合成分に関する以下の記述のうち、誤っているものを一つ選びなさい。,True,R6_Kyushu_Okinawa_TourokuHanbaisha_Verified(1).txt
KUM-R6-C3-Q15,6,3,15,【正解３】,貧血及び貧血用薬に関する以下の記述の正誤について、正しい組み合わせを下から一つ選びなさい。,True,R6_Kyushu_Okinawa_TourokuHanbaisha_Verified(1).txt
KUM-R6-C3-Q16,6,3,16,【正解４】,止瀉薬の配合成分に関する以下の記述の正誤について、正しい組み合わせを下から一つ選びなさい。,True,R6_Kyushu_Okinawa_TourokuHanbaisha_Verified(1).txt
KUM-R6-C3-Q17,6,3,17,【正解４】,以下の駆虫薬に用いられる成分のうち、 蟯虫の呼吸や栄養分の代謝を抑えて殺虫作用を示すとされるものとして正しいものを一つ選びなさい。,True,R6_Kyushu_Okinawa_TourokuHanbaisha_Verified(1).txt
KUM-R6-C3-Q18,6,3,18,【正解５】,強心薬に配合される生薬成分に関する以下の記述の正誤について、正しい組み合わせを下から一つ選びなさい。,True,R6_Kyushu_Okinawa_TourokuHanbaisha_Verified(1).txt
KUM-R6-C3-Q19,6,3,19,【正解３】,血中コレステロール及び高コレステロール改善薬に関する以下の記述の正誤について、正しい組み合わせを下から一つ選びなさい。,True,R6_Kyushu_Okinawa_TourokuHanbaisha_Verified(1).txt
KUM-R6-C3-Q20,6,3,20,【正解５】,次の表は、ある外用痔疾用薬の注入軟膏に含まれている成分の一覧である。この医薬品の成分に関する以下の記述の正誤について、正しい組み合わせを下から一つ選びなさい。,True,R6_Kyushu_Okinawa_TourokuHanbaisha_Verified(1).txt
KUM-R6-C3-Q21,6,3,21,【正解４】,婦人薬の代表的な生薬成分に関する以下の記述の正誤について、正しい組み合わせを下から一つ選びなさい。,True,R6_Kyushu_Okinawa_TourokuHanbaisha_Verified(1).txt
KUM-R6-C3-Q22,6,3,22,【正解４】,婦人薬に関する以下の記述のうち、誤っているものを一つ選びなさい。,True,R6_Kyushu_Okinawa_TourokuHanbaisha_Verified(1).txt
KUM-R6-C3-Q23,6,3,23,【正解２】,内服アレルギー用薬の配合成分に関する以下の記述の正誤について、正しい組み合わせを下から一つ選びなさい。,True,R6_Kyushu_Okinawa_TourokuHanbaisha_Verified(1).txt
KUM-R6-C3-Q24,6,3,24,【正解５】,内服アレルギー用薬及びその配合成分に関する以下の記述の正誤について、正しい組み合わせを下から一つ選びなさい。,True,R6_Kyushu_Okinawa_TourokuHanbaisha_Verified(1).txt
KUM-R6-C3-Q25,6,3,25,【正解２】,鼻炎用点鼻薬に配合される成分とその目的とする作用に関する以下の関係の正誤について、正しい組み合わせを下から一つ選びなさい。,True,R6_Kyushu_Okinawa_TourokuHanbaisha_Verified(1).txt
KUM-R6-C3-Q26,6,3,26,【正解５】,婦人薬に関する以下の記述の正誤について、正しい組み合わせを下から一つ選びなさい。,True,R6_Kyushu_Okinawa_TourokuHanbaisha_Verified(1).txt
KUM-R6-C3-Q27,6,3,27,【正解５】,点眼薬に関する以下の記述の正誤について、正しい組み合わせを下から一つ選びなさい。,True,R6_Kyushu_Okinawa_TourokuHanbaisha_Verified(1).txt
KUM-R6-C3-Q28,6,3,28,【正解４】,点眼薬の配合成分に関する以下の記述について、（ ）の中に入れるべき字句の正しい組み合わせを下から一つ選びなさい。,True,R6_Kyushu_Okinawa_TourokuHanbaisha_Verified(1).txt
KUM-R6-C3-Q29,6,3,29,【正解２】,点眼薬の配合成分に関する以下の記述の正誤について、正しい組み合わせを下から一つ選びなさい。,True,R6_Kyushu_Okinawa_TourokuHanbaisha_Verified(1).txt
KUM-R6-C3-Q30,6,3,30,【正解４】,皮膚に用いる薬及びその配合成分に関する以下の記述の正誤について、正しい組み合わせを下から一つ選びなさい。,True,R6_Kyushu_Okinawa_TourokuHanbaisha_Verified(1).txt
KUM-R6-C3-Q31,6,3,31,【正解４】,皮膚に用いる薬に関する以下の記述の正誤について、正しい組み合わせを下から一つ選びなさい。,True,R6_Kyushu_Okinawa_TourokuHanbaisha_Verified(1).txt
KUM-R6-C3-Q32,6,3,32,【正解４】,皮膚及びきず口等に用いる薬並びにその配合成分に関する以下の記述の正誤について、正しい組み合わせを下から一つ選びなさい。,True,R6_Kyushu_Okinawa_TourokuHanbaisha_Verified(1).txt
KUM-R6-C3-Q33,6,3,33,【正解３】,歯痛・歯槽膿漏薬及びその配合成分に関する以下の記述の正誤について、正しい組み合わせを下から一つ選びなさい。,True,R6_Kyushu_Okinawa_TourokuHanbaisha_Verified(1).txt
KUM-R6-C3-Q34,6,3,34,【正解５】,禁煙補助剤に関する以下の記述の正誤について、正しい組み合わせを下から一つ選びなさい。,True,R6_Kyushu_Okinawa_TourokuHanbaisha_Verified(1).txt
KUM-R6-C3-Q35,6,3,35,【正解１】,滋養強壮保健薬及びその配合成分に関する以下の記述のうち、正しいものの組み合わせを下から一つ選びなさい。,True,R6_Kyushu_Okinawa_TourokuHanbaisha_Verified(1).txt
KUM-R6-C3-Q36,6,3,36,【正解３】,漢方処方製剤に関する以下の記述について、（ ）の中に入れるべき字句の正しい組み合わせを下から一つ選びなさい。なお、同じ記号の（ ）内には同じ字句が入ります。,True,R6_Kyushu_Okinawa_TourokuHanbaisha_Verified(1).txt
KUM-R6-C3-Q37,6,3,37,【正解２】,生薬に関する以下の記述の正誤について、正しい組み合わせを下から一つ選びなさい。,True,R6_Kyushu_Okinawa_TourokuHanbaisha_Verified(1).txt
KUM-R6-C3-Q38,6,3,38,【正解４】,消毒薬の配合成分に関する以下の記述の正誤について、正しい組み合わせを下から一つ選びなさい。,True,R6_Kyushu_Okinawa_TourokuHanbaisha_Verified(1).txt
KUM-R6-C3-Q39,6,3,39,【正解２】,殺虫剤及びその配合成分に関する以下の記述のうち、誤っているものを一つ選びなさい。,True,R6_Kyushu_Okinawa_TourokuHanbaisha_Verified(1).txt
KUM-R6-C3-Q40,6,3,40,【正解４】,検査薬に関する以下の記述の正誤について、正しい組み合わせを下から一つ選びなさい。,True,R6_Kyushu_Okinawa_TourokuHanbaisha_Verified(1).txt
KUM-R6-C4-Q01,6,4,1,【正解３】,医薬品医療機器等法に関する以下の記述の正誤について、正しい組み合わせを下から一つ選びなさい。,True,R6_Kyushu_Okinawa_TourokuHanbaisha_Verified(1).txt
KUM-R6-C4-Q02,6,4,2,【正解２】,医薬品の定義に関する以下の記述の正誤について、正しい組み合わせを下から一つ選びなさい。,True,R6_Kyushu_Okinawa_TourokuHanbaisha_Verified(1).txt
KUM-R6-C4-Q03,6,4,3,【正解２】,毒薬又は劇薬に関する以下の記述のうち、誤っているものを一つ選びなさい。,True,R6_Kyushu_Okinawa_TourokuHanbaisha_Verified(1).txt
KUM-R6-C4-Q04,6,4,4,【正解３】,以下の事項のうち、一般用医薬品の直接の容器又は被包に記載されていなければならないものの組み合わせを下から一つ選びなさい。,True,R6_Kyushu_Okinawa_TourokuHanbaisha_Verified(1).txt
KUM-R6-C4-Q05,6,4,5,【正解４】,以下の効能効果のうち、化粧品において表示・標榜することが認められているものとして、誤っているものを一つ選びなさい。,True,R6_Kyushu_Okinawa_TourokuHanbaisha_Verified(1).txt
KUM-R6-C4-Q06,6,4,6,【正解５】,機能性表示食品に関する以下の記述について、（ ）の中に入れるべき字句の正しい組み合わせを下から一つ選びなさい。,True,R6_Kyushu_Okinawa_TourokuHanbaisha_Verified(1).txt
KUM-R6-C4-Q07,6,4,7,【正解２】,以下の保健機能成分のうち、特定保健用食品において、これまでに「血糖値が気になる方に適する」等の血糖値関係の表示が認められたものとして、誤っているものを一つ選びなさい。,True,R6_Kyushu_Okinawa_TourokuHanbaisha_Verified(1).txt
KUM-R6-C4-Q08,6,4,8,【正解２】,栄養機能食品における栄養成分と栄養機能表示に関する以下の関係の正誤について、正しい組み合わせを下から一つ選びなさい。,True,R6_Kyushu_Okinawa_TourokuHanbaisha_Verified(1).txt
KUM-R6-C4-Q09,6,4,9,【正解４】,薬局に関する以下の記述のうち、正しいものの組み合わせを下から一つ選びなさい。,True,R6_Kyushu_Okinawa_TourokuHanbaisha_Verified(1).txt
KUM-R6-C4-Q10,6,4,10,【正解３】,店舗販売業に関する以下の記述の正誤について、正しい組み合わせを下から一つ選びなさい。,True,R6_Kyushu_Okinawa_TourokuHanbaisha_Verified(1).txt
KUM-R6-C4-Q11,6,4,11,【正解２】,配置販売業に関する以下の記述のうち、正しいものの組み合わせを下から一つ選びなさい。,True,R6_Kyushu_Okinawa_TourokuHanbaisha_Verified(1).txt
KUM-R6-C4-Q12,6,4,12,【正解４】,以下のうち、配置販売業者が第一類医薬品を配置したときに、書面に記載し、２年間保存しなければならない事項として、誤っているものを一つ選びなさい。,True,R6_Kyushu_Okinawa_TourokuHanbaisha_Verified(1).txt
KUM-R6-C4-Q13,6,4,13,【正解３】,要指導医薬品又は一般用医薬品のリスク区分に応じた販売方法等に関する以下の記述の正誤について、正しい組み合わせを下から一つ選びなさい。,True,R6_Kyushu_Okinawa_TourokuHanbaisha_Verified(1).txt
KUM-R6-C4-Q14,6,4,14,【正解１】,薬局及び店舗販売業における医薬品の陳列方法に関する以下の記述の正誤について、正しい組み合わせを下から一つ選びなさい。,True,R6_Kyushu_Okinawa_TourokuHanbaisha_Verified(1).txt
KUM-R6-C4-Q15,6,4,15,【正解５】,以下のうち、リスク区分に応じた情報提供又は相談対応の実効性を高めるため、店舗販売業者が店舗の見やすい位置に掲示板で掲示しなければならない事項として、誤っているものを一つ選びなさい。,True,R6_Kyushu_Okinawa_TourokuHanbaisha_Verified(1).txt
KUM-R6-C4-Q16,6,4,16,【正解１】,店舗販売業者の遵守事項に関する以下の記述の正誤について、正しい組み合わせを下から一つ選びなさい。,True,R6_Kyushu_Okinawa_TourokuHanbaisha_Verified(1).txt
KUM-R6-C4-Q17,6,4,17,【正解３】,医薬品医療機器等法第６８条に関する以下の記述について、（ ）の中に入れるべき字句の正しい組み合わせを下から一つ選びなさい。,True,R6_Kyushu_Okinawa_TourokuHanbaisha_Verified(1).txt
KUM-R6-C4-Q18,6,4,18,【正解２】,医薬品等の広告に関する以下の記述のうち、誤っているものを一つ選びなさい。,True,R6_Kyushu_Okinawa_TourokuHanbaisha_Verified(1).txt
KUM-R6-C4-Q19,6,4,19,【正解１】,医薬品の販売方法に関する以下の記述のうち、正しいものの組み合わせを下から一つ選びなさい。,True,R6_Kyushu_Okinawa_TourokuHanbaisha_Verified(1).txt
KUM-R6-C4-Q20,6,4,20,【正解２】,行政庁の薬事に関する監視指導又は処分に関する以下の記述の正誤について、正しい組み合わせを下から一つ選びなさい。,True,R6_Kyushu_Okinawa_TourokuHanbaisha_Verified(1).txt
KUM-R6-C5-Q01,6,5,1,【正解４】,一般用医薬品の添付文書に関する以下の記述の正誤について、正しい組み合わせを下から一つ選びなさい。,True,R6_Kyushu_Okinawa_TourokuHanbaisha_Verified(1).txt
KUM-R6-C5-Q02,6,5,2,【正解３】,以下のうち、一般用医薬品の添付文書に記載すべき事項として、誤っているものを一つ選びなさい。,True,R6_Kyushu_Okinawa_TourokuHanbaisha_Verified(1).txt
KUM-R6-C5-Q03,6,5,3,【正解５】,以下の瀉下剤の成分のうち、一般用医薬品の添付文書の「してはいけないこと」の項に、腸管粘膜に炎症を生じるおそれがあることから、「大量に使用（服用）しないこと」と記載されるものとして、誤っているものを一つ選びなさい。,False,R6_Kyushu_Okinawa_TourokuHanbaisha_Verified(1).txt
KUM-R6-C5-Q04,6,5,4,【正解なし】,一般用検査薬の添付文書に関する以下の記述の正誤について、正しい組み合わせを下から一つ選びなさい。,True,R6_Kyushu_Okinawa_TourokuHanbaisha_Verified(1).txt
KUM-R6-C5-Q05,6,5,5,【正解３】,以下の胃腸薬又は胃腸鎮痛鎮痙薬に配合される成分のうち、一般用医薬品の添付文書の「次の人は使用（服用）しないこと」の項に「透析療法を受けている人」と記載され、長期間服用した場合に、アルミニウム脳症及びアルミニウム骨症を発症したとの報告があるものの組み合わせを下から一つ選びなさい。,True,R6_Kyushu_Okinawa_TourokuHanbaisha_Verified(1).txt
KUM-R6-C5-Q06,6,5,6,【正解４】,以下の成分のうち、一般用医薬品の添付文書の「次の人は使用（服用）しないこと」の項に「１５歳未満の小児」と記載されるものとして、誤っているものを一つ選びなさい。,True,R6_Kyushu_Okinawa_TourokuHanbaisha_Verified(1).txt
KUM-R6-C5-Q07,6,5,7,【正解１】,一般用医薬品の保管及び取扱い上の注意に関する以下の記述の正誤について、正しい組み合わせを下から一つ選びなさい。,True,R6_Kyushu_Okinawa_TourokuHanbaisha_Verified(1).txt
KUM-R6-C5-Q08,6,5,8,【正解１】,以下の成分又は薬効群のうち、一般用医薬品の添付文書の「次の人は使用（服用）しないこと」の項に「授乳中の人は本剤を服用しないか、本剤を服用する場合は授乳を避けること」と記載されるものとして、誤っているものを一つ選びなさい。,True,R6_Kyushu_Okinawa_TourokuHanbaisha_Verified(1).txt
KUM-R6-C5-Q09,6,5,9,【正解３】,一般用医薬品の添付文書の「次の人は使用（服用）しないこと」の項に「次の診断を受けた人」として記載される基礎疾患等と主な成分等に関する以下の関係の正誤について、正しい組み合わせを下から一つ選びなさい。,True,R6_Kyushu_Okinawa_TourokuHanbaisha_Verified(1).txt
KUM-R6-C5-Q10,6,5,10,【正解５】,以下の漢方処方製剤のうち、一般用医薬品の添付文書において、「本剤を使用している間は、次の医薬品を使用しないこと」の項に、他の瀉下薬（下剤）との併用を避ける注意がなされているものとして、誤っているものを一つ選びなさい。,True,R6_Kyushu_Okinawa_TourokuHanbaisha_Verified(1).txt
KUM-R6-C5-Q11,6,5,11,【正解１】,一般用医薬品の製品表示に関する以下の記述の正誤について、正しい組み合わせを下から一つ選びなさい。,True,R6_Kyushu_Okinawa_TourokuHanbaisha_Verified(1).txt
KUM-R6-C5-Q12,6,5,12,【正解２】,医薬品等の緊急安全性情報に関する以下の記述の正誤について、正しい組み合わせを下から一つ選びなさい。,True,R6_Kyushu_Okinawa_TourokuHanbaisha_Verified(1).txt
KUM-R6-C5-Q13,6,5,13,【正解１】,独立行政法人医薬品医療機器総合機構のホームページに関する以下の記述のうち、誤っているものを一つ選びなさい。,True,R6_Kyushu_Okinawa_TourokuHanbaisha_Verified(1).txt
KUM-R6-C5-Q14,6,5,14,【正解３】,医薬品医療機器等法に基づく企業からの副作用等の報告に関する以下の記述の正誤について、正しい組み合わせを下から一つ選びなさい。,True,R6_Kyushu_Okinawa_TourokuHanbaisha_Verified(1).txt
KUM-R6-C5-Q15,6,5,15,【正解５】,医薬品・医療機器等安全性情報報告制度に基づいて行う医薬品の副作用等が疑われる場合の報告に関する以下の記述の正誤について、正しい組み合わせを下から一つ選びなさい。,True,R6_Kyushu_Okinawa_TourokuHanbaisha_Verified(1).txt
KUM-R6-C5-Q16,6,5,16,【正解２】,以下の医薬品副作用被害救済制度における副作用救済給付のうち、給付額が定額でないものとして、正しいものを一つ選びなさい。,True,R6_Kyushu_Okinawa_TourokuHanbaisha_Verified(1).txt
KUM-R6-C5-Q17,6,5,17,【正解３】,以下の一般用医薬品等のうち、医薬品副作用被害救済制度の対象となるものとして、正しいものを一つ選びなさい。,True,R6_Kyushu_Okinawa_TourokuHanbaisha_Verified(1).txt
KUM-R6-C5-Q18,6,5,18,【正解４】,医薬品ＰＬセンターに関する以下の記述の正誤について、正しい組み合わせを下から一つ選びなさい。,True,R6_Kyushu_Okinawa_TourokuHanbaisha_Verified(1).txt
KUM-R6-C5-Q19,6,5,19,【正解２】,医薬品の安全対策に関する以下の記述の正誤について、正しい組み合わせを下から一つ選びなさい。,True,R6_Kyushu_Okinawa_TourokuHanbaisha_Verified(1).txt
KUM-R6-C5-Q20,6,5,20,【正解５】,医薬品の適正使用及びその啓発活動に関する以下の記述の正誤について、正しい組み合わせを下から一つ選びなさい。,True,R6_Kyushu_Okinawa_TourokuHanbaisha_Verified(1).txt
