source_index,chapter,chapter_question,app_id,app_part,app_part_number,source_answer,app_answer,answer_match,title_match,content_probe_match,status,source_title,app_title
1,1,1,R1-AM-01,午前,1,2,2,True,True,True,OK,医薬品の本質に関する記述のうち、正しいものの組み合わせはどれか。,医薬品の本質に関する記述のうち、正しいものの組み合わせはどれか。
2,1,2,R1-AM-02,午前,2,3,3,True,True,True,OK,医薬品のリスク評価に関する記述のうち、正しいものの組み合わせはどれか。,医薬品のリスク評価に関する記述のうち、正しいものの組み合わせはどれか。
3,1,3,R1-AM-03,午前,3,1,1,True,True,True,OK,健康食品及びセルフメディケーションに関する記述の正誤について、正しい組み合わせはどれか。,健康食品及びセルフメディケーションに関する記述の正誤について、正しい組み合わせはどれか。
4,1,4,R1-AM-04,午前,4,1,1,True,True,True,OK,医薬品の副作用に関する以下の記述について、（ ）の中に入れるべき字句の正しい組み合わせはどれか。,医薬品の副作用に関する以下の記述について、（ ）の中に入れるべき字句の正しい組み合わせはどれか。世界保健機関（ＷＨО）の定義によれば、医薬品の副作用とは、「疾病の予防、診断、（ ａ ）のため、又は身体の機能を正常化するために、人に（ ｂ ）で発現する医薬品の有害かつ（ ｃ ）反応」とされている。
5,1,5,R1-AM-05,午前,5,3,3,True,True,True,OK,医薬品の副作用に関する記述のうち、誤っているものはどれか。,医薬品の副作用に関する記述のうち、誤っているものはどれか。
6,1,6,R1-AM-06,午前,6,5,5,True,True,True,OK,医薬品の副作用に関する記述のうち、正しいものの組み合わせはどれか。,医薬品の副作用に関する記述のうち、正しいものの組み合わせはどれか。
7,1,7,R1-AM-07,午前,7,3,3,True,True,True,OK,医薬品の不適正な使用と有害事象に関する記述のうち、正しいものの組み合わせはどれか。,医薬品の不適正な使用と有害事象に関する記述のうち、正しいものの組み合わせはどれか。
8,1,8,R1-AM-08,午前,8,4,4,True,True,True,OK,医薬品等の相互作用に関する記述のうち、誤っているものはどれか。,医薬品等の相互作用に関する記述のうち、誤っているものはどれか。
9,1,9,R1-AM-09,午前,9,2,2,True,True,True,OK,小児等への医薬品の使用に関する記述のうち、正しいものの組み合わせはどれか。,小児等への医薬品の使用に関する記述のうち、正しいものの組み合わせはどれか。
10,1,10,R1-AM-10,午前,10,4,4,True,True,True,OK,妊婦又は妊娠していると思われる女性への医薬品の使用に関する以下の記述について、（ ）の中に入れるべき字句の正しい組み合わせはどれか。なお、２箇所の（ ａ ）内はいずれも同じ字句が入る。,妊婦又は妊娠していると思われる女性への医薬品の使用に関する以下の記述について、（ ）の中に入れるべき字句の正しい組み合わせはどれか。なお、２箇所の（ ａ ）内はいずれも同じ字句が入る。胎児は、誕生するまでの間は、母体との間に存在する胎盤を通じて栄養分を受け取っている。胎盤には、胎児の血液と母体の血液とが混ざらない仕組み（（ ａ ））がある。母体が医薬品を使用した場合に、（ ａ ）によって、どの程度医薬品の成分の胎児への移行が防御されるかは、未解明のことも多い。一般用医薬品においても、多くの場合、妊婦が使用した場合における（ ｂ ）に関する評価が困難である。さらに、ビタミンＡ含有製剤のように、妊娠前後の一定期間に通常の用量を超えて摂取すると胎児に（ ｃ ）を起こす危険性が高まるとされているものや、便秘薬のように、配合成分やその用量によっては流産や早産を誘発するおそれがあるものがある。
11,1,11,R1-AM-11,午前,11,1,1,True,True,True,OK,医療機関で治療を受けている人等への医薬品の使用に関する記述の正誤について、正しい組み合わせはどれか。,医療機関で治療を受けている人等への医薬品の使用に関する記述の正誤について、正しい組み合わせはどれか。
12,1,12,R1-AM-12,午前,12,5,5,True,True,True,OK,医薬品の品質に関する記述の正誤について、正しい組み合わせはどれか。,医薬品の品質に関する記述の正誤について、正しい組み合わせはどれか。
13,1,13,R1-AM-13,午前,13,5,5,True,True,True,OK,プラセボ効果に関する以下の記述について、（ ）の中に入れるべき字句の正しい組み合わせはどれか。,プラセボ効果に関する以下の記述について、（ ）の中に入れるべき字句の正しい組み合わせはどれか。医薬品を使用したとき、結果的又は偶発的に（ ａ ）によらない作用を生じることをプラセボ効果（（ ｂ ）効果）という。プラセボ効果は、医薬品を使用したこと自体による楽観的な結果への期待（暗示効果）や、条件付けによる生体反応、時間経過による（ ｃ ）な変化等が関与して生じると考えられている。
14,1,14,R1-AM-14,午前,14,4,4,True,True,True,OK,一般用医薬品で対処可能な症状等の範囲に関する記述の正誤について、正しい組み合わせはどれか。,一般用医薬品で対処可能な症状等の範囲に関する記述の正誤について、正しい組み合わせはどれか。
15,1,15,R1-AM-15,午前,15,5,5,True,True,True,OK,医薬品、医療機器等の品質、有効性及び安全性の確保等に関する法律（昭和３５年法律第１４５号）第４条第５項第４号に規定される一般用医薬品の定義に関する以下の記述について、（ ）の中に入れるべき字句の正しい組み合わせはどれか。,医薬品、医療機器等の品質、有効性及び安全性の確保等に関する法律（昭和３５年法律第１４５号）第４条第５項第４号に規定される一般用医薬品の定義に関する以下の記述について、（ ）の中に入れるべき字句の正しい組み合わせはどれか。医薬品のうち、その（ ａ ）において人体に対する作用が（ ｂ ）ものであって、薬剤師その他の医薬関係者から提供された情報に基づく需要者の選択により使用されることが目的とされているもの（（ ｃ ）を除く。）をいう。
16,1,16,R1-AM-16,午前,16,1,1,True,True,True,OK,一般用医薬品の販売等に従事する専門家が購入者から確認しておきたい事項に関する記述の正誤について、正しい組み合わせはどれか。,一般用医薬品の販売等に従事する専門家が購入者から確認しておきたい事項に関する記述の正誤について、正しい組み合わせはどれか。
17,1,17,R1-AM-17,午前,17,3,3,True,True,True,OK,クロイツフェルト・ヤコブ病（ＣＪＤ）訴訟を契機に国が講じた措置に関する記述のうち、正しいものの組み合わせはどれか。,クロイツフェルト・ヤコブ病（ＣＪＤ）訴訟を契機に国が講じた措置に関する記述のうち、正しいものの組み合わせはどれか。
18,1,18,R1-AM-18,午前,18,2,2,True,True,True,OK,ＨＩＶ訴訟に関する以下の記述について、（ ）の中に入れるべき字句の正しい,ＨＩＶ訴訟に関する以下の記述について、（ ）の中に入れるべき字句の正しい組み合わせはどれか。ＨＩＶ訴訟は、（ ａ ）患者が、ヒト免疫不全ウイルス（ＨＩＶ）が混入した原料（ ｂ ）から製造された（ ｃ ）製剤の投与を受けたことにより、ＨＩＶに感染したことに対する損害賠償訴訟である。
19,1,19,R1-AM-19,午前,19,4,4,True,True,True,OK,サリドマイド及びサリドマイド訴訟に関する記述のうち、正しいものはどれか。,サリドマイド及びサリドマイド訴訟に関する記述のうち、正しいものはどれか。
20,1,20,R1-AM-20,午前,20,2,2,True,True,True,OK,ヒト免疫不全ウイルス（ＨＩＶ）及びＨＩＶ訴訟に関する記述の正誤について、正しい組み合わせはどれか。,ヒト免疫不全ウイルス（ＨＩＶ）及びＨＩＶ訴訟に関する記述の正誤について、正しい組み合わせはどれか。
21,2,1,R1-AM-21,午前,21,3,3,True,True,True,OK,消化器系に関する記述の正誤について、正しい組み合わせはどれか。,消化器系に関する記述の正誤について、正しい組み合わせはどれか。
22,2,2,R1-AM-22,午前,22,3,3,True,True,True,OK,消化酵素に関する記述のうち、誤っているものはどれか。,消化酵素に関する記述のうち、誤っているものはどれか。
23,2,3,R1-AM-23,午前,23,4,4,True,True,True,OK,消化器系とビタミンの係わりに関する記述の正誤について、正しい組み合わせはどれか。,消化器系とビタミンの係わりに関する記述の正誤について、正しい組み合わせはどれか。
24,2,4,R1-AM-24,午前,24,2,2,True,True,True,OK,呼吸器系に関する記述のうち、正しいものの組み合わせはどれか。,呼吸器系に関する記述のうち、正しいものの組み合わせはどれか。
25,2,5,R1-AM-25,午前,25,4,4,True,True,True,OK,心臓及び血管系に関する以下の記述について、（ ）の中に入れるべき字句の正しい組み合わせはどれか。なお、２箇所の（ ａ ）及び３箇所の（ ｂ ）内はそれぞれ同じ字句が入る。,心臓及び血管系に関する以下の記述について、（ ）の中に入れるべき字句の正しい組み合わせはどれか。なお、２箇所の（ ａ ）及び３箇所の（ ｂ ）内はそれぞれ同じ字句が入る。心臓の内部は上部左右の（ ａ ）、下部左右の（ ｂ ）に分かれている。（ ａ ）で血液を集めて（ ｂ ）に送り、（ ｂ ）から血液を拍出する。心臓から拍出された血液を送る血管を（ ｃ ）といい、心臓へ戻る血液を送る血管を（ ｄ ）という。
26,2,6,R1-AM-26,午前,26,5,5,True,True,True,OK,赤血球及び白血球に関する記述の正誤について、正しい組み合わせはどれか。,赤血球及び白血球に関する記述の正誤について、正しい組み合わせはどれか。
27,2,7,R1-AM-27,午前,27,2,2,True,True,True,OK,リンパ系に関する記述のうち、正しいものの組み合わせはどれか。,リンパ系に関する記述のうち、正しいものの組み合わせはどれか。
28,2,8,R1-AM-28,午前,28,2,2,True,True,True,OK,泌尿器系に関する記述の正誤について、正しい組み合わせはどれか。,泌尿器系に関する記述の正誤について、正しい組み合わせはどれか。
29,2,9,R1-AM-29,午前,29,3,3,True,True,True,OK,目に関する記述のうち、正しいものの組み合わせはどれか。,目に関する記述のうち、正しいものの組み合わせはどれか。
30,2,10,R1-AM-30,午前,30,2,2,True,True,True,OK,鼻及び耳に関する記述の正誤について、正しい組み合わせはどれか。,鼻及び耳に関する記述の正誤について、正しい組み合わせはどれか。
31,2,11,R1-AM-31,午前,31,1,1,True,True,True,OK,外皮系に関する記述の正誤について、正しい組み合わせはどれか。,外皮系に関する記述の正誤について、正しい組み合わせはどれか。
32,2,12,R1-AM-32,午前,32,2,2,True,True,False,OK,骨の機能とその説明の組み合わせとして、誤っているものはどれか。,骨の機能とその説明の組み合わせとして、誤っているものはどれか。【機能】 【説明】
33,2,13,R1-AM-33,午前,33,4,4,True,True,True,OK,脳や神経系に関する記述の正誤について、正しい組み合わせはどれか。,脳や神経系に関する記述の正誤について、正しい組み合わせはどれか。
34,2,14,R1-AM-34,午前,34,5,5,True,True,False,OK,交感神経系が活発になっているときに効果器に及ぼす作用のうち、正しいものの組み合わせはどれか。,交感神経系が活発になっているときに効果器に及ぼす作用のうち、正しいものの組み合わせはどれか。【効果器】 【作用】
35,2,15,R1-AM-35,午前,35,2,2,True,True,True,OK,医薬品の吸収に関する記述の正誤について、正しい組み合わせはどれか。,医薬品の吸収に関する記述の正誤について、正しい組み合わせはどれか。
36,2,16,R1-AM-36,午前,36,3,3,True,True,True,OK,医薬品の代謝及び排泄に関する記述の正誤について、正しい組み合わせはどれか。,医薬品の代謝及び排泄に関する記述の正誤について、正しい組み合わせはどれか。
37,2,17,R1-AM-37,午前,37,5,5,True,True,True,OK,医薬品の剤形に関する記述の正誤について、正しい組み合わせはどれか。,医薬品の剤形に関する記述の正誤について、正しい組み合わせはどれか。
38,2,18,R1-AM-38,午前,38,3,3,True,True,True,OK,ショック（アナフィラキシー）に関する記述の正誤について、正しい組み合わせはどれか。,ショック（アナフィラキシー）に関する記述の正誤について、正しい組み合わせはどれか。
39,2,19,R1-AM-39,午前,39,5,5,True,True,True,OK,偽アルドステロン症に関する以下の記述について、（ ）の中に入れるべき字句の正しい組み合わせはどれか。,偽アルドステロン症に関する以下の記述について、（ ）の中に入れるべき字句の正しい組み合わせはどれか。体内に（ ａ ）と水が貯留し、体から（ ｂ ）が失われることによって生じる病態である。（ ｃ ）からのアルドステロン分泌が増加していないにもかかわらずこのような状態となることから、偽アルドステロン症と呼ばれている。主な症状に、手足の脱力、（ ｄ ）、筋肉痛、こむら返り、倦怠感、手足のしびれ、頭痛、むくみ（浮腫）、喉の渇き、吐きけ・嘔吐等があり、病態が進行すると、筋力低下、起立不能、歩行困難、痙攣等が生じる。
40,2,20,R1-AM-40,午前,40,1,1,True,True,True,OK,目に現れる医薬品の副作用に関する以下の記述について、（ ）の中に入れるべき字句の正しい組み合わせはどれか。なお、２箇所の（ ｂ ）内はいずれも同じ字句が入る。,目に現れる医薬品の副作用に関する以下の記述について、（ ）の中に入れるべき字句の正しい組み合わせはどれか。なお、２箇所の（ ｂ ）内はいずれも同じ字句が入る。眼球内の角膜と水晶体の間を満たしている（ ａ ）が排出されにくくなると、眼圧が（ ｂ ）して視覚障害を生じることがある。例えば、抗コリン作用がある成分が配合された医薬品によって眼圧が（ ｂ ）し、眼痛や眼の充血に加え、急激な視力低下を来すことがあるため、特に（ ｃ ）がある人では厳重な注意が必要である。
41,3,1,R1-PM-01,午後,1,5,5,True,True,True,OK,かぜ（感冒）及びかぜ薬に関する記述の正誤について、正しい組み合わせはどれか。,かぜ（感冒）及びかぜ薬に関する記述の正誤について、正しい組み合わせはどれか。
42,3,2,R1-PM-02,午後,2,3,3,True,True,False,OK,かぜ薬の配合成分とその配合目的の関係が正しいものはどれか。,かぜ薬の配合成分とその配合目的の関係が正しいものはどれか。【配合成分】 【配合目的】
43,3,3,R1-PM-03,午後,3,1,1,True,True,True,OK,かぜ薬の配合成分に関する記述のうち、正しいものの組み合わせはどれか。,かぜ薬の配合成分に関する記述のうち、正しいものの組み合わせはどれか。
44,3,4,R1-PM-04,午後,4,5,5,True,True,True,OK,かぜ薬に配合される次の成分のうち、依存性を有するものの正誤について、正しい組み合わせはどれか。,かぜ薬に配合される次の成分のうち、依存性を有するものの正誤について、正しい組み合わせはどれか。
45,3,5,R1-PM-05,午後,5,4,4,True,True,True,OK,かぜの症状緩和に用いられる漢方処方製剤に関する記述のうち、誤っているものはどれか。,かぜの症状緩和に用いられる漢方処方製剤に関する記述のうち、誤っているものはどれか。
46,3,6,R1-PM-06,午後,6,4,4,True,True,True,OK,解熱鎮痛薬に関する記述の正誤について、正しい組み合わせはどれか。,解熱鎮痛薬に関する記述の正誤について、正しい組み合わせはどれか。
47,3,7,R1-PM-07,午後,7,5,5,True,True,True,OK,解熱鎮痛成分に関する記述のうち、正しいものの組み合わせはどれか。,解熱鎮痛成分に関する記述のうち、正しいものの組み合わせはどれか。
48,3,8,R1-PM-08,午後,8,2,2,True,True,True,OK,眠気を促す薬とその配合成分に関する記述の正誤について、正しい組み合わせはどれか。,眠気を促す薬とその配合成分に関する記述の正誤について、正しい組み合わせはどれか。
49,3,9,R1-PM-09,午後,9,5,5,True,True,True,OK,カフェイン及びカフェインを含む医薬品に関する記述のうち、正しいものの組み合わせはどれか。,カフェイン及びカフェインを含む医薬品に関する記述のうち、正しいものの組み合わせはどれか。
50,3,10,R1-PM-10,午後,10,3,3,True,True,True,OK,鎮暈薬（乗物酔い防止薬）の配合成分に関する記述の正誤について、正しい組み合わせはどれか。,鎮暈薬（乗物酔い防止薬）の配合成分に関する記述の正誤について、正しい組み合わせはどれか。
51,3,11,R1-PM-11,午後,11,1,1,True,True,True,OK,咳や痰及び鎮咳去痰薬に関する記述のうち、誤っているものはどれか。,咳や痰及び鎮咳去痰薬に関する記述のうち、誤っているものはどれか。
52,3,12,R1-PM-12,午後,12,2,2,True,True,True,OK,鎮咳去痰薬の配合成分に関する記述のうち、正しいものの組み合わせはどれか。,鎮咳去痰薬の配合成分に関する記述のうち、正しいものの組み合わせはどれか。
53,3,13,R1-PM-13,午後,13,4,4,True,True,True,OK,以下の漢方処方製剤のうち、咳止めや痰を出しやすくする目的で用いられ、構成生薬としてマオウを含むものはどれか。,以下の漢方処方製剤のうち、咳止めや痰を出しやすくする目的で用いられ、構成生薬としてマオウを含むものはどれか。
54,3,14,R1-PM-14,午後,14,1,1,True,True,True,OK,口腔咽喉薬及びうがい薬（含嗽薬）に関する記述の正誤について、正しい組み合わせはどれか。,口腔咽喉薬及びうがい薬（含嗽薬）に関する記述の正誤について、正しい組み合わせはどれか。
55,3,15,R1-PM-15,午後,15,2,2,True,True,True,OK,ヨウ素系殺菌消毒成分が配合されたうがい薬（含嗽薬）に関する記述の正誤について、正しい組み合わせはどれか。,ヨウ素系殺菌消毒成分が配合されたうがい薬（含嗽薬）に関する記述の正誤について、正しい組み合わせはどれか。
56,3,16,R1-PM-16,午後,16,3,3,True,True,True,OK,胃の薬とその配合成分に関する記述のうち、正しいものの組み合わせはどれか。,胃の薬とその配合成分に関する記述のうち、正しいものの組み合わせはどれか。
57,3,17,R1-PM-17,午後,17,1,1,True,True,False,OK,胃の薬の配合成分とその配合目的の関係が正しいものはどれか。,胃の薬の配合成分とその配合目的の関係が正しいものはどれか。【配合成分】 【配合目的】
58,3,18,R1-PM-18,午後,18,5,5,True,True,True,OK,止瀉薬の配合成分に関する記述のうち、正しいものの組み合わせはどれか。,止瀉薬の配合成分に関する記述のうち、正しいものの組み合わせはどれか。
59,3,19,R1-PM-19,午後,19,5,5,True,True,True,OK,瀉下薬の配合成分に関する記述の正誤について、正しい組み合わせはどれか。,瀉下薬の配合成分に関する記述の正誤について、正しい組み合わせはどれか。
60,3,20,R1-PM-20,午後,20,4,4,True,True,False,OK,瀉下薬に配合される生薬とその基原の関係が正しいものの組み合わせはどれか。,瀉下薬に配合される生薬とその基原の関係が正しいものの組み合わせはどれか。【生薬名】 【基原】
61,3,21,R1-PM-21,午後,21,1,1,True,True,True,OK,胃腸鎮痛鎮痙薬の配合成分に関する記述のうち、正しいものの組み合わせはどれか。,胃腸鎮痛鎮痙薬の配合成分に関する記述のうち、正しいものの組み合わせはどれか。
62,3,22,R1-PM-22,午後,22,1,1,True,True,True,OK,浣腸薬に関する記述の正誤について、正しい組み合わせはどれか。,浣腸薬に関する記述の正誤について、正しい組み合わせはどれか。
63,3,23,R1-PM-23,午後,23,3,3,True,True,True,OK,強心薬の配合成分に関する記述のうち、正しいものの組み合わせはどれか。,強心薬の配合成分に関する記述のうち、正しいものの組み合わせはどれか。
64,3,24,R1-PM-24,午後,24,4,4,True,True,True,OK,血中コレステロールと高コレステロール改善薬の配合成分に関する記述の正誤について、正しい組み合わせはどれか。,血中コレステロールと高コレステロール改善薬の配合成分に関する記述の正誤について、正しい組み合わせはどれか。
65,3,25,R1-PM-25,午後,25,5,5,True,True,True,OK,貧血用薬（鉄製剤）に関する記述の正誤について、正しい組み合わせはどれか。,貧血用薬（鉄製剤）に関する記述の正誤について、正しい組み合わせはどれか。
66,3,26,R1-PM-26,午後,26,5,5,True,True,True,OK,痔に関する記述の正誤について、正しい組み合わせはどれか。,痔に関する記述の正誤について、正しい組み合わせはどれか。
67,3,27,R1-PM-27,午後,27,2,2,True,True,True,OK,外用痔疾用薬の配合成分に関する記述の正誤について、正しい組み合わせはどれか。,外用痔疾用薬の配合成分に関する記述の正誤について、正しい組み合わせはどれか。
68,3,28,R1-PM-28,午後,28,1,1,True,True,True,OK,婦人薬として用いられる漢方処方製剤に関する記述のうち、正しいものの組み合わせはどれか。,婦人薬として用いられる漢方処方製剤に関する記述のうち、正しいものの組み合わせはどれか。
69,3,29,R1-PM-29,午後,29,4,4,True,True,True,OK,アレルギー及びアレルギー用薬に関する記述のうち、正しいものの組み合わせはどれか。,アレルギー及びアレルギー用薬に関する記述のうち、正しいものの組み合わせはどれか。
70,3,30,R1-PM-30,午後,30,4,4,True,True,True,OK,眼科用薬に関する記述の正誤について、正しい組み合わせはどれか。,眼科用薬に関する記述の正誤について、正しい組み合わせはどれか。
71,3,31,R1-PM-31,午後,31,3,3,True,True,True,OK,眼科用薬の配合成分に関する記述のうち、誤っているものはどれか。,眼科用薬の配合成分に関する記述のうち、誤っているものはどれか。
72,3,32,R1-PM-32,午後,32,4,4,True,True,True,OK,外皮用薬に関する記述のうち、正しいものの組み合わせはどれか。,外皮用薬に関する記述のうち、正しいものの組み合わせはどれか。
73,3,33,R1-PM-33,午後,33,5,5,True,True,True,OK,外皮用薬に用いられるステロイド性抗炎症成分に関する記述のうち、正しいものの組み合わせはどれか。,外皮用薬に用いられるステロイド性抗炎症成分に関する記述のうち、正しいものの組み合わせはどれか。
74,3,34,R1-PM-34,午後,34,2,2,True,True,True,OK,外皮用薬の配合成分に関する記述の正誤について、正しい組み合わせはどれか。,外皮用薬の配合成分に関する記述の正誤について、正しい組み合わせはどれか。
75,3,35,R1-PM-35,午後,35,2,2,True,True,True,OK,歯痛・歯槽膿漏薬及び口内炎用薬に関する記述の正誤について、正しい組み合わせはどれか。,歯痛・歯槽膿漏薬及び口内炎用薬に関する記述の正誤について、正しい組み合わせはどれか。
76,3,36,R1-PM-36,午後,36,5,5,True,True,True,OK,ニコチン及び禁煙補助剤（咀嚼剤）に関する記述について、（ ）の中に入れるべき字句の正しい組み合わせはどれか。,ニコチン及び禁煙補助剤（咀 嚼 剤）に関する記述について、（ ）の中に入れるべき字句の正しい組み合わせはどれか。タバコの煙に含まれるニコチンは、肺胞の毛細血管から血液中に取り込まれると、すみやかに脳内に到達し、脳の情報を司る部位に働いて（ ａ ）、リラックス効果などをもたらす。また、ニコチンは、（ ｂ ）を興奮させる作用を示し、アドレナリン作動成分が配合された医薬品との併用により、その作用を（ ｃ ）させるおそれがある。口腔内が酸性になるとニコチンの吸収が（ ｄ ）するため、禁煙補助剤（咀 嚼 剤）を使用する際には注意が必要である。
77,3,37,R1-PM-37,午後,37,1,1,True,True,True,OK,ビタミン成分に関する記述のうち、誤っているものはどれか。,ビタミン成分に関する記述のうち、誤っているものはどれか。
78,3,38,R1-PM-38,午後,38,3,3,True,True,True,OK,漢方の特徴・漢方薬使用における基本的な考え方に関する記述のうち、正しいものの組み合わせはどれか。,漢方の特徴・漢方薬使用における基本的な考え方に関する記述のうち、正しいものの組み合わせはどれか。
79,3,39,R1-PM-39,午後,39,3,3,True,True,True,OK,殺虫剤に関する記述について、（ ）の中に入れるべき字句の正しい組み合わせはどれか。,殺虫剤に関する記述について、（ ）の中に入れるべき字句の正しい組み合わせはどれか。ジクロルボスは、（ ａ ）系殺虫成分であり、殺虫作用は、アセチルコリンを分解する酵素（アセチルコリンエステラーゼ）と（ ｂ ）に結合してその働きを阻害することによる。ほ乳類において、高濃度又は多量に曝露した場合（特に、誤って飲み込んでしまった場合）には、神経の異常な興奮が起こり、（ ｃ ）、呼吸困難、筋肉麻痺等の症状が現れるおそれがある。
80,3,40,R1-PM-40,午後,40,4,4,True,True,True,OK,一般用検査薬に関する記述のうち、誤っているものはどれか。,一般用検査薬に関する記述のうち、誤っているものはどれか。
81,4,1,R1-AM-41,午前,41,2,2,True,True,True,OK,医薬品、医療機器等の品質、有効性及び安全性の確保等に関する法律（昭和３５年法律第１４５号）に関する以下の記述について、（ ）の中に入れるべき字句の正しい組み合わせはどれか。,医薬品、医療機器等の品質、有効性及び安全性の確保等に関する法律（昭和３５年法律第１４５号）に関する以下の記述について、（ ）の中に入れるべき字句の正しい組み合わせはどれか。法第１条において、「この法律は、医薬品、医薬部外品、（ ａ ）、医療機器及び再生医療等製品の品質、有効性及び安全性の確保並びにこれらの使用による保健衛生上の危害の発生及び拡大の防止のために必要な（ ｂ ）を行うとともに、（ ｃ ）の規制に関する措置を講ずるほか、医療上特にその必要性が高い医薬品、医療機器及び再生医療等製品の（ ｄ ）の促進のために必要な措置を講ずることにより、保健衛生の向上を図ることを目的とする。」ことを定めている。
82,4,2,R1-AM-42,午前,42,5,5,True,True,True,OK,日本薬局方に関する記述のうち、正しいものの組み合わせはどれか。,日本薬局方に関する記述のうち、正しいものの組み合わせはどれか。
83,4,3,R1-AM-43,午前,43,3,3,True,True,True,OK,要指導医薬品に関する記述の正誤について、正しい組み合わせはどれか。,要指導医薬品に関する記述の正誤について、正しい組み合わせはどれか。
84,4,4,R1-AM-44,午前,44,3,3,True,True,True,OK,一般用医薬品のリスク区分に関する記述のうち、正しいものの組み合わせはどれか。,一般用医薬品のリスク区分に関する記述のうち、正しいものの組み合わせはどれか。
85,4,5,R1-AM-45,午前,45,5,5,True,True,True,OK,医薬品の容器、外箱及び添付文書等への記載事項に関する記述の正誤について、正しい組み合わせはどれか。,医薬品の容器、外箱及び添付文書等への記載事項に関する記述の正誤について、正しい組み合わせはどれか。
86,4,6,R1-AM-46,午前,46,2,2,True,True,True,OK,医薬部外品に関する記述のうち、正しいものはどれか。,医薬部外品に関する記述のうち、正しいものはどれか。
87,4,7,R1-AM-47,午前,47,3,3,True,True,True,OK,保健機能食品等に関する記述の正誤について、正しい組み合わせはどれか。,保健機能食品等に関する記述の正誤について、正しい組み合わせはどれか。
88,4,8,R1-AM-48,午前,48,2,2,True,True,True,OK,医薬品の販売業の許可に関する記述の正誤について、正しい組み合わせはどれか。,医薬品の販売業の許可に関する記述の正誤について、正しい組み合わせはどれか。
89,4,9,R1-AM-49,午前,49,4,4,True,True,True,OK,医薬品の販売業の許可行為の範囲に関する記述のうち、誤っているものはどれか。,医薬品の販売業の許可行為の範囲に関する記述のうち、誤っているものはどれか。
90,4,10,R1-AM-50,午前,50,3,3,True,True,True,OK,薬局に関する記述のうち、正しいものはどれか。,薬局に関する記述のうち、正しいものはどれか。
91,4,11,R1-AM-51,午前,51,4,4,True,True,True,OK,店舗販売業に関する記述の正誤について、正しい組み合わせはどれか。,店舗販売業に関する記述の正誤について、正しい組み合わせはどれか。
92,4,12,R1-AM-52,午前,52,1,1,True,True,True,OK,配置販売業に関する記述のうち、誤っているものはどれか。,配置販売業に関する記述のうち、誤っているものはどれか。
93,4,13,R1-AM-53,午前,53,4,4,True,True,True,OK,医薬品のリスク区分に応じた情報提供について、薬局開設者又は店舗販売業者が従事する薬剤師等に行わせる対応に関する記述の正誤について、正しい組み合わせはどれか。,医薬品のリスク区分に応じた情報提供について、薬局開設者又は店舗販売業者が従事する薬剤師等に行わせる対応に関する記述の正誤について、正しい組み合わせはどれか。
94,4,14,R1-AM-54,午前,54,2,2,True,True,True,OK,薬局開設者又は店舗販売業者が薬局又は店舗の見やすい場所に掲示板で掲示しなければならない事項の正誤について、正しい組み合わせはどれか。,薬局開設者又は店舗販売業者が薬局又は店舗の見やすい場所に掲示板で掲示しなければならない事項の正誤について、正しい組み合わせはどれか。
95,4,15,R1-AM-55,午前,55,3,3,True,True,True,OK,店舗販売業者が特定販売を行う場合に関する記述の正誤について、正しい組み合わせはどれか。,店舗販売業者が特定販売を行う場合に関する記述の正誤について、正しい組み合わせはどれか。
96,4,16,R1-AM-56,午前,56,4,4,True,True,True,OK,店舗販売業者が遵守すべき事項等に関する記述の正誤について、正しい組み合わせはどれか。,店舗販売業者が遵守すべき事項等に関する記述の正誤について、正しい組み合わせはどれか。
97,4,17,R1-AM-57,午前,57,3,3,True,True,True,OK,医薬品の広告に関する記述の正誤について、正しい組み合わせはどれか。,医薬品の広告に関する記述の正誤について、正しい組み合わせはどれか。
98,4,18,R1-AM-58,午前,58,1,1,True,True,True,OK,医薬品の販売方法に関する記述のうち、正しいものの組み合わせはどれか。,医薬品の販売方法に関する記述のうち、正しいものの組み合わせはどれか。
99,4,19,R1-AM-59,午前,59,5,5,True,True,True,OK,医薬品等適正広告基準（平成２９年９月２９日付け薬生発０９２９第４号厚生労働省医薬・生活衛生局長通知）に関する記述のうち、正しいものの組み合わせはどれか。,医薬品等適正広告基準（平成２９年９月２９日付け薬生発０９２９第４号厚生労働省医薬・生活衛生局長通知）に関する記述のうち、正しいものの組み合わせはどれか。
100,4,20,R1-AM-60,午前,60,1,1,True,True,True,OK,行政庁が行う監視指導及び処分に関する記述の正誤について、正しい組み合わせはどれか。,行政庁が行う監視指導及び処分に関する記述の正誤について、正しい組み合わせはどれか。
101,5,1,R1-PM-41,午後,41,2,2,True,True,True,OK,一般用医薬品の添付文書の記載に関する記述の正誤について、正しい組み合わせはどれか。,一般用医薬品の添付文書の記載に関する記述の正誤について、正しい組み合わせはどれか。
102,5,2,R1-PM-42,午後,42,1,1,True,True,True,OK,一般用医薬品の添付文書の記載に関する記述の正誤について、正しい組み合わせはどれか。,一般用医薬品の添付文書の記載に関する記述の正誤について、正しい組み合わせはどれか。
103,5,3,R1-PM-43,午後,43,1,1,True,True,True,OK,以下の医薬品成分のうち、それを含有する一般用医薬品の添付文書の使用上の注意において、「次の人は使用（服用）しないこと」の項目中に、「１５歳未満の小児」と記載することとされているものはどれか。,以下の医薬品成分のうち、それを含有する一般用医薬品の添付文書の使用上の注意において、「次の人は使用（服用）しないこと」の項目中に、「１５歳未満の小児」と記載することとされているものはどれか。
104,5,4,R1-PM-44,午後,44,4,4,True,True,True,OK,以下の医薬品成分のうち、それを含有する一般用医薬品の添付文書の使用上の注意において、「次の人は使用（服用）しないこと」の項目中に、「妊婦又は妊娠していると思われる人」と記載することとされているものはどれか。,以下の医薬品成分のうち、それを含有する一般用医薬品の添付文書の使用上の注意において、「次の人は使用（服用）しないこと」の項目中に、「妊婦又は妊娠していると思われる人」と記載することとされているものはどれか。
105,5,5,R1-PM-45,午後,45,5,5,True,True,True,OK,以下の医薬品成分のうち、それを含有する一般用医薬品の添付文書の使用上の注意において、「次の人は使用（服用）しないこと」の項目中に、「授乳中の人は本剤を服用しないか、本剤を服用する場合は授乳を避けること」と記載することとされているものとして、正しいものの組み合わせはどれか。,以下の医薬品成分のうち、それを含有する一般用医薬品の添付文書の使用上の注意において、「次の人は使用（服用）しないこと」の項目中に、「授乳中の人は本剤を服用しないか、本剤を服用する場合は授乳を避けること」と記載することとされているものとして、正しいものの組み合わせはどれか。
106,5,6,R1-PM-46,午後,46,3,3,True,True,True,OK,医薬品成分と一般用医薬品の添付文書における使用上の注意の記載に関する記述の正誤について、正しい組み合わせはどれか。,医薬品成分と一般用医薬品の添付文書における使用上の注意の記載に関する記述の正誤について、正しい組み合わせはどれか。
107,5,7,R1-PM-47,午後,47,2,2,True,True,True,OK,医薬品成分と一般用医薬品の添付文書における使用上の注意の記載に関する記述のうち、誤っているものはどれか。,医薬品成分と一般用医薬品の添付文書における使用上の注意の記載に関する記述のうち、誤っているものはどれか。
108,5,8,R1-PM-48,午後,48,3,3,True,True,True,OK,医薬品成分と一般用医薬品の添付文書における使用上の注意の記載に関する記述の正誤について、正しい組み合わせはどれか。,医薬品成分と一般用医薬品の添付文書における使用上の注意の記載に関する記述の正誤について、正しい組み合わせはどれか。
109,5,9,R1-PM-49,午後,49,1,1,True,True,True,OK,一般用検査薬の添付文書の記載に関する記述の正誤について、正しい組み合わせはどれか。,一般用検査薬の添付文書の記載に関する記述の正誤について、正しい組み合わせはどれか。
110,5,10,R1-PM-50,午後,50,4,4,True,True,True,OK,一般用医薬品の保管及び取扱い上の注意に関する記述の正誤について、正しい組み合わせはどれか。,一般用医薬品の保管及び取扱い上の注意に関する記述の正誤について、正しい組み合わせはどれか。
111,5,11,R1-PM-51,午後,51,1,1,True,True,True,OK,一般用医薬品の製品表示に関する記述の正誤について、正しい組み合わせはどれか。,一般用医薬品の製品表示に関する記述の正誤について、正しい組み合わせはどれか。
112,5,12,R1-PM-52,午後,52,5,5,True,True,True,OK,安全性情報に関する記述の正誤について、正しい組み合わせはどれか。,安全性情報に関する記述の正誤について、正しい組み合わせはどれか。
113,5,13,R1-PM-53,午後,53,5,5,True,True,True,OK,医薬品の副作用情報等の収集、評価及び措置に関する記述の正誤について、正しい組み合わせはどれか。,医薬品の副作用情報等の収集、評価及び措置に関する記述の正誤について、正しい組み合わせはどれか。
114,5,14,R1-PM-54,午後,54,1,1,True,True,True,OK,医薬品副作用被害救済制度に関する記述の正誤について、正しい組み合わせはどれか。,医薬品副作用被害救済制度に関する記述の正誤について、正しい組み合わせはどれか。
115,5,15,R1-PM-55,午後,55,2,2,True,True,True,OK,以下の医薬品副作用被害救済制度による給付の種類のうち、給付額が定額でないものはどれか。,以下の医薬品副作用被害救済制度による給付の種類のうち、給付額が定額でないものはどれか。
116,5,16,R1-PM-56,午後,56,4,4,True,True,True,OK,医薬品副作用被害救済制度による給付に関する記述の正誤について、正しい組み合わせはどれか。,医薬品副作用被害救済制度による給付に関する記述の正誤について、正しい組み合わせはどれか。
117,5,17,R1-PM-57,午後,57,3,3,True,True,True,OK,医薬品ＰＬセンターに関する以下の記述について、（ ）の中に入れるべき字句の正しい組み合わせはどれか。,医薬品ＰＬセンターに関する以下の記述について、（ ）の中に入れるべき字句の正しい組み合わせはどれか。医薬品ＰＬセンターは、（ ａ ）において、平成７年７月の製造物責任法（平成６年法律第８５号）の施行と同時に開設された。消費者が、（ ｂ ）に関する苦情について製造販売元の企業と交渉するに当たって、公平・中立な立場で申立ての相談を受け付け、交渉の仲介や調整・あっせんを行い、裁判によらずに迅速な解決に導くことを目的としている。
118,5,18,R1-PM-58,午後,58,4,4,True,True,True,OK,一般用医薬品の安全対策に関する以下の記述について、（ ）の中に入れるべき字句の正しい組み合わせはどれか。,一般用医薬品の安全対策に関する以下の記述について、（ ）の中に入れるべき字句の正しい組み合わせはどれか。解熱鎮痛成分として（ ａ ）が配合されたアンプル入りかぜ薬の使用による重篤な副作用で、１９５９年から１９６５年までの間に計３８名の死亡例が発生した。アンプル剤は、他の剤形（錠剤、散剤等）に比べて吸収が（ ｂ ）、血中濃度が（ ｃ ）高値に達するため、通常用量でも副作用を生じやすいことが確認されたことから、１９６５年、厚生省（当時）より関係製薬企業に対し、アンプル入りかぜ薬製品の回収が要請された。
119,5,19,R1-PM-59,午後,59,5,5,True,True,True,OK,一般用医薬品の安全対策に関する記述の正誤について、正しい組み合わせはどれか。,一般用医薬品の安全対策に関する記述の正誤について、正しい組み合わせはどれか。
120,5,20,R1-PM-60,午後,60,2,2,True,True,True,OK,医薬品の適正使用のための啓発活動に関する記述の正誤について、正しい組み合わせはどれか。,医薬品の適正使用のための啓発活動に関する記述の正誤について、正しい組み合わせはどれか。
