year,source_index,source_question_no,app_id,chapter,part,part_no,source_answer,app_answer,official_answer,answer_match,title_match,source_heading,app_title
2,1,1,R2-AM-01,1,午前,1,2,2,2,OK,OK,医薬品の本質に関する記述の正誤について、正しい組み合わせはどれか。,医薬品の本質に関する記述の正誤について、正しい組み合わせはどれか。
2,2,2,R2-AM-02,1,午前,2,2,2,2,OK,OK,医薬品の本質に関する記述のうち、誤っているものはどれか。,医薬品の本質に関する記述のうち、誤っているものはどれか。
2,3,3,R2-AM-03,1,午前,3,5,5,5,OK,OK,医薬品のリスク評価に関する記述の正誤について、正しい組み合わせはどれか。,医薬品のリスク評価に関する記述の正誤について、正しい組み合わせはどれか。
2,4,4,R2-AM-04,1,午前,4,1,1,1,OK,OK,健康食品に関する記述の正誤について、正しい組み合わせはどれか。,健康食品に関する記述の正誤について、正しい組み合わせはどれか。
2,5,5,R2-AM-05,1,午前,5,4,4,4,OK,OK,医薬品の副作用に関する記述のうち、正しいものの組み合わせはどれか。,医薬品の副作用に関する記述のうち、正しいものの組み合わせはどれか。
2,6,6,R2-AM-06,1,午前,6,4,4,4,OK,OK,アレルギー（過敏反応）に関する記述の正誤について、正しい組み合わせはどれか。,アレルギー（過敏反応）に関する記述の正誤について、正しい組み合わせはどれか。
2,7,7,R2-AM-07,1,午前,7,4,4,4,OK,OK,医薬品の不適正な使用と有害事象に関する記述の正誤について、正しい組み合わせはどれか。,医薬品の不適正な使用と有害事象に関する記述の正誤について、正しい組み合わせはどれか。
2,8,8,R2-AM-08,1,午前,8,3,3,3,OK,OK,医薬品等の相互作用に関する記述のうち、正しいものの組み合わせはどれか。,医薬品等の相互作用に関する記述のうち、正しいものの組み合わせはどれか。
2,9,9,R2-AM-09,1,午前,9,5,5,5,OK,OK,小児への医薬品の使用や保健衛生上のリスクに関する記述の正誤について、正しい組み合わせはどれか。,小児への医薬品の使用や保健衛生上のリスクに関する記述の正誤について、正しい組み合わせはどれか。
2,10,10,R2-AM-10,1,午前,10,5,5,5,OK,OK,高齢者への医薬品の使用に関する記述の正誤について、正しい組み合わせはどれか。,高齢者への医薬品の使用に関する記述の正誤について、正しい組み合わせはどれか。
2,11,11,R2-AM-11,1,午前,11,1,1,1,OK,OK,妊婦又は妊娠していると思われる女性及び母乳を与える女性（授乳婦）への医薬品の使用等に関する記述のうち、誤っているものはどれか。,妊婦又は妊娠していると思われる女性及び母乳を与える女性（授乳婦）への医薬品の使用等に関する記述のうち、誤っているものはどれか。
2,12,12,R2-AM-12,1,午前,12,2,2,2,OK,OK,プラセボ効果（偽薬効果）に関する記述の正誤について、正しい組み合わせはどれか。,プラセボ効果（偽薬効果）に関する記述の正誤について、正しい組み合わせはどれか。
2,13,13,R2-AM-13,1,午前,13,1,1,1,OK,OK,医薬品の品質に関する記述のうち、正しいものの組み合わせはどれか。,医薬品の品質に関する記述のうち、正しいものの組み合わせはどれか。
2,14,14,R2-AM-14,1,午前,14,1,1,1,OK,OK,一般用医薬品の役割として、誤っているものはどれか。,一般用医薬品の役割として、誤っているものはどれか。
2,15,15,R2-AM-15,1,午前,15,5,5,5,OK,OK,適切な医薬品の選択に関する記述の正誤について、正しい組み合わせはどれか。,適切な医薬品の選択に関する記述の正誤について、正しい組み合わせはどれか。
2,16,16,R2-AM-16,1,午前,16,4,4,4,OK,OK,一般用医薬品の販売時のコミュニケーションに関する記述のうち、正しいものの組み合わせはどれか。,一般用医薬品の販売時のコミュニケーションに関する記述のうち、正しいものの組み合わせはどれか。
2,17,17,R2-AM-17,1,午前,17,1,1,1,OK,OK,サリドマイド製剤及びサリドマイド訴訟に関する記述のうち、誤っているものはどれか。,サリドマイド製剤及びサリドマイド訴訟に関する記述のうち、誤っているものはどれか。
2,18,18,R2-AM-18,1,午前,18,2,2,2,OK,OK,以下のうち、亜急性脊髄視神経症（スモン）の原因となったものはどれか。,以下のうち、亜急性脊髄視神経症（スモン）の原因となったものはどれか。
2,19,19,R2-AM-19,1,午前,19,4,4,4,OK,OK,ＨＩＶ訴訟に関する以下の記述について、（ ）の中に入れるべき字句の正しい組み合わせはどれか。,ＨＩＶ訴訟に関する以下の記述について、（ ）の中に入れるべき字句の正しい組み合わせはどれか。ＨＩＶ訴訟とは、ヒト免疫不全ウイルス（ＨＩＶ）が混入した原料血 漿 から製造された血液凝固因子製剤が（ ａ ）患者に投与されたことにより、ＨＩＶに感染したことに対する損害賠償訴訟である。国は、ＨＩＶ感染者に対する恒久対策として、エイズ治療研究開発センター及び拠点病院の整備や（ ｂ ）等の様々な取組みを推進してきている。また、血液製剤の安全確保対策として検査や（ ｃ ）時の問診の充実が図られた。
2,20,20,R2-AM-20,1,午前,20,1,1,1,OK,OK,クロイツフェルト・ヤコブ病（ＣＪＤ）及びＣＪＤ訴訟に関する記述の正誤について、正しい組み合わせはどれか。,クロイツフェルト・ヤコブ病（ＣＪＤ）及びＣＪＤ訴訟に関する記述の正誤について、正しい組み合わせはどれか。
2,21,1,R2-AM-21,2,午前,21,1,1,1,OK,OK,消化器系に関する記述の正誤について、正しい組み合わせはどれか。,消化器系に関する記述の正誤について、正しい組み合わせはどれか。
2,22,2,R2-AM-22,2,午前,22,5,5,5,OK,OK,消化及び消化酵素に関する記述の正誤について、正しい組み合わせはどれか。,消化及び消化酵素に関する記述の正誤について、正しい組み合わせはどれか。
2,23,3,R2-AM-23,2,午前,23,2,2,2,OK,OK,呼吸器系に関する記述の正誤について、正しい組み合わせはどれか。,呼吸器系に関する記述の正誤について、正しい組み合わせはどれか。
2,24,4,R2-AM-24,2,午前,24,3,3,3,OK,OK,循環器系に関する記述のうち、正しいものの組み合わせはどれか。,循環器系に関する記述のうち、正しいものの組み合わせはどれか。
2,25,5,R2-AM-25,2,午前,25,1,1,1,OK,OK,泌尿器系に関する記述のうち、誤っているものはどれか。,泌尿器系に関する記述のうち、誤っているものはどれか。
2,26,6,R2-AM-26,2,午前,26,1,1,1,OK,OK,目に関する記述の正誤について、正しい組み合わせはどれか。,目に関する記述の正誤について、正しい組み合わせはどれか。
2,27,7,R2-AM-27,2,午前,27,5,5,5,OK,OK,鼻及び耳に関する記述の正誤について、正しい組み合わせはどれか。,鼻及び耳に関する記述の正誤について、正しい組み合わせはどれか。
2,28,8,R2-AM-28,2,午前,28,5,5,5,OK,OK,外皮系に関する記述のうち、正しいものの組み合わせはどれか。,外皮系に関する記述のうち、正しいものの組み合わせはどれか。
2,29,9,R2-AM-29,2,午前,29,4,4,4,OK,OK,骨格系に関する記述の正誤について、正しい組み合わせはどれか。,骨格系に関する記述の正誤について、正しい組み合わせはどれか。
2,30,10,R2-AM-30,2,午前,30,3,3,3,OK,OK,筋組織に関する記述の正誤について、正しい組み合わせはどれか。,筋組織に関する記述の正誤について、正しい組み合わせはどれか。
2,31,11,R2-AM-31,2,午前,31,1,1,1,OK,OK,脳及び神経系に関する記述のうち、誤っているものはどれか。,脳及び神経系に関する記述のうち、誤っているものはどれか。
2,32,12,R2-AM-32,2,午前,32,5,5,5,OK,OK,交感神経及び副交感神経に関する記述の正誤について、正しい組み合わせはどれか。,交感神経及び副交感神経に関する記述の正誤について、正しい組み合わせはどれか。
2,33,13,R2-AM-33,2,午前,33,3,3,3,OK,OK,医薬品の吸収に関する記述の正誤について、正しい組み合わせはどれか。,医薬品の吸収に関する記述の正誤について、正しい組み合わせはどれか。
2,34,14,R2-AM-34,2,午前,34,3,3,3,OK,OK,医薬品の代謝及び排泄に関する記述のうち、誤っているものはどれか。,医薬品の代謝及び排泄に関する記述のうち、誤っているものはどれか。
2,35,15,R2-AM-35,2,午前,35,4,4,4,OK,OK,以下の記述にあてはまる医薬品の剤形として、最も適するものはどれか。,以下の記述にあてはまる医薬品の剤形として、最も適するものはどれか。この剤形は、口の中の唾液で速やかに溶ける工夫がなされているため、水なしで服用することができる。固形物を飲み込むことが困難な高齢者や乳幼児、水分摂取が制限されている場合でも、口の中で溶かした後に、唾液と一緒に容易に飲み込むことができる。
2,36,16,R2-AM-36,2,午前,36,1,1,1,OK,OK,皮膚粘膜眼症候群に関する記述の正誤について、正しい組み合わせはどれか。,皮膚粘膜眼症候群に関する記述の正誤について、正しい組み合わせはどれか。
2,37,17,R2-AM-37,2,午前,37,1,1,1,OK,OK,医薬品の副作用として生じる肝機能障害に関する記述の正誤について、正しい組み合わせはどれか。,医薬品の副作用として生じる肝機能障害に関する記述の正誤について、正しい組み合わせはどれか。
2,38,18,R2-AM-38,2,午前,38,5,5,5,OK,OK,呼吸器系に現れる医薬品の副作用に関する記述のうち、正しいものの組み合わせはどれか。,呼吸器系に現れる医薬品の副作用に関する記述のうち、正しいものの組み合わせはどれか。
2,39,19,R2-AM-39,2,午前,39,3,3,3,OK,OK,消化器系に現れる医薬品の副作用に関する記述の正誤について、正しい組み合わせはどれか。,消化器系に現れる医薬品の副作用に関する記述の正誤について、正しい組み合わせはどれか。
2,40,20,R2-AM-40,2,午前,40,5,5,5,OK,OK,循環器系に現れる医薬品の副作用に関する記述の正誤について、正しい組み合わせはどれか。,循環器系に現れる医薬品の副作用に関する記述の正誤について、正しい組み合わせはどれか。
2,41,1,R2-PM-01,3,午後,1,5,5,5,OK,OK,かぜ薬の配合成分とその配合目的に関する記述のうち、正しいものの組み合わせはどれか。,かぜ薬の配合成分とその配合目的に関する記述のうち、正しいものの組み合わせはどれか。【配合成分】 【配合目的】
2,42,2,R2-PM-02,3,午後,2,2,2,2,OK,OK,かぜ及びかぜ薬に関する記述の正誤について、正しい組み合わせはどれか。,かぜ及びかぜ薬に関する記述の正誤について、正しい組み合わせはどれか。
2,43,3,R2-PM-03,3,午後,3,3,3,3,OK,OK,プロスタグランジンに関する記述の正誤について、正しい組み合わせはどれか。,プロスタグランジンに関する記述の正誤について、正しい組み合わせはどれか。
2,44,4,R2-PM-04,3,午後,4,1,1,1,OK,OK,解熱鎮痛薬の解熱鎮痛成分に関する記述のうち、正しいものの組み合わせはどれか。,解熱鎮痛薬の解熱鎮痛成分に関する記述のうち、正しいものの組み合わせはどれか。
2,45,5,R2-PM-05,3,午後,5,4,4,4,OK,OK,一般用検査薬に関する記述のうち、誤っているものはどれか。,一般用検査薬に関する記述のうち、誤っているものはどれか。
2,46,6,R2-PM-06,3,午後,6,4,4,4,OK,OK,以下の記述にあてはまる漢方処方製剤として、最も適するものはどれか。,以下の記述にあてはまる漢方処方製剤として、最も適するものはどれか。体力に関わらず、筋肉の急激な痙攣を伴う痛みのあるもののこむらがえり、筋肉の痙攣、腹痛、腰痛に適すとされる。
2,47,7,R2-PM-07,3,午後,7,2,2,2,OK,OK,眠気及び眠気を促す薬に関する記述の正誤について、正しい組み合わせはどれか。,眠気及び眠気を促す薬に関する記述の正誤について、正しい組み合わせはどれか。
2,48,8,R2-PM-08,3,午後,8,2,2,2,OK,OK,以下の漢方処方製剤のうち、小児の疳又は夜なきのいずれにも用いないものはどれか。,以下の漢方処方製剤のうち、小児の疳又は夜なきのいずれにも用いないものはどれか。
2,49,9,R2-PM-09,3,午後,9,3,3,3,OK,OK,鎮咳去痰薬の配合成分に関する記述の正誤について、正しい組み合わせはどれか。,鎮咳去痰薬の配合成分に関する記述の正誤について、正しい組み合わせはどれか。
2,50,10,R2-PM-10,3,午後,10,4,4,4,OK,OK,鎮咳去痰薬に配合される去痰作用のある生薬として、正しいものの組み合わせはどれか。,鎮咳去痰薬に配合される去痰作用のある生薬として、正しいものの組み合わせはどれか。
2,51,11,R2-PM-11,3,午後,11,5,5,5,OK,OK,口腔咽喉薬及びうがい薬（含嗽薬）に関する記述の正誤について、正しい組み合わせはどれか。,口腔咽喉薬及びうがい薬（含嗽薬）に関する記述の正誤について、正しい組み合わせはどれか。
2,52,12,R2-PM-12,3,午後,12,2,2,2,OK,OK,吐きけ及び嘔吐に関する以下の記述について、（ ）の中に入れるべき字句の正しい組み合わせはどれか。,吐きけ及び嘔吐に関する以下の記述について、（ ）の中に入れるべき字句の正しい組み合わせはどれか。吐きけや嘔吐は、（ ａ ）にある嘔吐中枢の働きによって起こる。嘔吐中枢が刺激される経路はいくつかあるが、消化管での刺激が（ ｂ ）系を通じて嘔吐中枢を刺激する経路や、内耳の前庭にある（ ｃ ）の不調によって生じる刺激によって嘔吐中枢を刺激する経路がある。
2,53,13,R2-PM-13,3,午後,13,3,3,3,OK,OK,胃の薬の配合成分とその配合目的に関する記述のうち、正しいものの組み合わせはどれか。,胃の薬の配合成分とその配合目的に関する記述のうち、正しいものの組み合わせはどれか。【配合成分】 【配合目的】
2,54,14,R2-PM-14,3,午後,14,1,1,1,OK,OK,以下の症状のうち、抗コリン作用による副作用に含まれないものはどれか。,以下の症状のうち、抗コリン作用による副作用に含まれないものはどれか。
2,55,15,R2-PM-15,3,午後,15,1,1,1,OK,OK,腸の薬に関する記述のうち、誤っているものはどれか。,腸の薬に関する記述のうち、誤っているものはどれか。
2,56,16,R2-PM-16,3,午後,16,3,3,3,OK,OK,瀉下薬の配合成分に関する以下の記述について、（ ）の中に入れるべき字句の正しい組み合わせはどれか。,瀉下薬の配合成分に関する以下の記述について、（ ）の中に入れるべき字句の正しい組み合わせはどれか。刺激性瀉下成分が配合された瀉下薬のうち、ヒマシ油は（ ａ ）を刺激し、腸内容物の（ ｂ ）排除を目的として用いられる。なお、（ ｃ ）では使用を避けることとされている。
2,57,17,R2-PM-17,3,午後,17,1,1,1,OK,OK,胃腸鎮痛鎮痙薬の鎮痙成分に関する記述のうち、正しいものの組み合わせはどれか。,胃腸鎮痛鎮痙薬の鎮痙成分に関する記述のうち、正しいものの組み合わせはどれか。
2,58,18,R2-PM-18,3,午後,18,5,5,5,OK,OK,駆虫薬及びその配合成分に関する記述の正誤について、正しい組み合わせはどれか。,駆虫薬及びその配合成分に関する記述の正誤について、正しい組み合わせはどれか。
2,59,19,R2-PM-19,3,午後,19,5,5,5,OK,OK,強心作用を期待して用いられる生薬成分に関する以下の記述について、（ ）の中に入れるべき字句の正しい組み合わせはどれか。,強心作用を期待して用いられる生薬成分に関する以下の記述について、（ ）の中に入れるべき字句の正しい組み合わせはどれか。（ ａ ）は、ウシ科のウシの胆嚢中に生じた結石を基原とする生薬で、強心作用のほか、末梢血管の拡張による血圧降下、興奮を鎮める等の作用があるとされる。（ ｂ ）は、シカ科のマンシュウアカジカ又はマンシュウジカの雄のまだ角化していない、若しくは、わずかに角化した幼角を基原とする生薬で、強心作用の他、強壮、血行促進等の作用があるとされる。（ ｃ ）は、ヒキガエル科のシナヒキガエル等の毒腺の分泌物を集めたものを基原とする生薬で、皮膚や粘膜に触れると局所麻酔作用を示す。
2,60,20,R2-PM-20,3,午後,20,4,4,4,OK,OK,コレステロール及び高コレステロール改善薬に関する記述のうち、正しいものの組み合わせはどれか。,コレステロール及び高コレステロール改善薬に関する記述のうち、正しいものの組み合わせはどれか。
2,61,21,R2-PM-21,3,午後,21,2,2,2,OK,OK,貧血及び貧血用薬（鉄製剤）に関する記述の正誤について、正しい組み合わせはどれか。,貧血及び貧血用薬（鉄製剤）に関する記述の正誤について、正しい組み合わせはどれか。
2,62,22,R2-PM-22,3,午後,22,3,3,3,OK,OK,循環器用薬及びその配合成分に関する記述のうち、誤っているものはどれか。,循環器用薬及びその配合成分に関する記述のうち、誤っているものはどれか。
2,63,23,R2-PM-23,3,午後,23,3,3,3,OK,OK,痔及び痔疾用薬に関する記述の正誤について、正しい組み合わせはどれか。,痔及び痔疾用薬に関する記述の正誤について、正しい組み合わせはどれか。
2,64,24,R2-PM-24,3,午後,24,3,3,3,OK,OK,痔疾用薬の配合成分に関する記述のうち、誤っているものはどれか。,痔疾用薬の配合成分に関する記述のうち、誤っているものはどれか。
2,65,25,R2-PM-25,3,午後,25,4,4,4,OK,OK,泌尿器用薬として使用される配合成分に関する記述のうち、正しいものの組み合わせはどれか。,泌尿器用薬として使用される配合成分に関する記述のうち、正しいものの組み合わせはどれか。
2,66,26,R2-PM-26,3,午後,26,4,4,4,OK,OK,婦人薬及びその適用対象に関する記述の正誤について、正しい組み合わせはどれか。,婦人薬及びその適用対象に関する記述の正誤について、正しい組み合わせはどれか。
2,67,27,R2-PM-27,3,午後,27,1,1,1,OK,OK,以下の記述にあてはまる婦人薬の漢方処方製剤として、最も適するものはどれか。,以下の記述にあてはまる婦人薬の漢方処方製剤として、最も適するものはどれか。体力中等度以下で、冷え症、貧血気味、神経過敏で、動悸、息切れ、ときにねあせ、頭部の発汗、口の渇きがあるものの更年期障害、血の道症、不眠症、神経症、動悸、息切れ、かぜの後期の症状、気管支炎に適すとされる。
2,68,28,R2-PM-28,3,午後,28,4,4,4,OK,OK,アレルギー（過敏反応）及び内服アレルギー用薬の配合成分に関する記述のうち、正しいものの組み合わせはどれか。,アレルギー（過敏反応）及び内服アレルギー用薬の配合成分に関する記述のうち、正しいものの組み合わせはどれか。
2,69,29,R2-PM-29,3,午後,29,2,2,2,OK,OK,内服アレルギー用薬の配合成分に関する記述の正誤について、正しい組み合わせはどれか。,内服アレルギー用薬の配合成分に関する記述の正誤について、正しい組み合わせはどれか。
2,70,30,R2-PM-30,3,午後,30,2,2,2,OK,OK,鼻に用いる薬に関する記述の正誤について、正しい組み合わせはどれか。,鼻に用いる薬に関する記述の正誤について、正しい組み合わせはどれか。
2,71,31,R2-PM-31,3,午後,31,1,1,1,OK,OK,眼科用薬に関する記述の正誤について、正しい組み合わせはどれか。,眼科用薬に関する記述の正誤について、正しい組み合わせはどれか。
2,72,32,R2-PM-32,3,午後,32,4,4,4,OK,OK,眼科用薬の配合成分に関する以下の記述について、（ ）の中に入れるべき字句の正しい組み合わせはどれか。,眼科用薬の配合成分に関する以下の記述について、（ ）の中に入れるべき字句の正しい組み合わせはどれか。（ ａ ）は、視細胞が光を感受する反応に関与していることから、視力調整等の反応を改善する効果を期待して用いられる。自律神経系の伝達物質の産生に重要な成分である（ ｂ ）等は、目の調節機能の回復を促す効果を期待して用いられる。
2,73,33,R2-PM-33,3,午後,33,4,4,4,OK,OK,皮膚に用いる薬に関する記述の正誤について、正しい組み合わせはどれか。,皮膚に用いる薬に関する記述の正誤について、正しい組み合わせはどれか。
2,74,34,R2-PM-34,3,午後,34,3,3,3,OK,OK,皮膚に用いる薬の抗炎症成分に関する記述のうち、正しいものの組み合わせはどれか。,皮膚に用いる薬の抗炎症成分に関する記述のうち、正しいものの組み合わせはどれか。
2,75,35,R2-PM-35,3,午後,35,3,3,3,OK,OK,歯や口中に用いる薬に関する記述のうち、誤っているものはどれか。,歯や口中に用いる薬に関する記述のうち、誤っているものはどれか。
2,76,36,R2-PM-36,3,午後,36,3,3,3,OK,OK,禁煙補助剤に関する記述の正誤について、正しい組み合わせはどれか。,禁煙補助剤に関する記述の正誤について、正しい組み合わせはどれか。
2,77,37,R2-PM-37,3,午後,37,1,1,1,OK,OK,以下の記述にあてはまる漢方処方製剤として、最も適するものはどれか。,以下の記述にあてはまる漢方処方製剤として、最も適するものはどれか。比較的体力のあるものの鼻づまり、蓄膿症、慢性鼻炎に適すとされるが、体の虚弱な人（体力の衰えている人、体の弱い人）、胃腸が弱い人、発汗傾向の著しい人では、悪心、胃部不快感等の副作用が現れやすい等、不向きとされる。
2,78,38,R2-PM-38,3,午後,38,5,5,5,OK,OK,滋養強壮保健薬に関する記述の正誤について、正しい組み合わせはどれか。,滋養強壮保健薬に関する記述の正誤について、正しい組み合わせはどれか。
2,79,39,R2-PM-39,3,午後,39,2,2,2,OK,OK,以下の消毒薬の成分のうち、専ら器具、設備等の殺菌・消毒に用いられる成分の正しいものの組み合わせはどれか。,以下の消毒薬の成分のうち、専ら器具、設備等の殺菌・消毒に用いられる成分の正しいものの組み合わせはどれか。
2,80,40,R2-PM-40,3,午後,40,1,1,1,OK,OK,殺虫剤・忌避剤及び衛生害虫の種類と防除に関する記述の正誤について、正しい組み合わせはどれか。,殺虫剤・忌避剤及び衛生害虫の種類と防除に関する記述の正誤について、正しい組み合わせはどれか。
2,81,1,R2-AM-41,4,午前,41,4,4,4,OK,OK,医薬品、医療機器等の品質、有効性及び安全性の確保等に関する法律（昭和３５年法律第１４５号）の目的に関する以下の記述について、（ ）の中に入れるべき字句の正しい組み合わせはどれか。,医薬品、医療機器等の品質、有効性及び安全性の確保等に関する法律（昭和３５年法律第１４５号）の目的に関する以下の記述について、（ ）の中に入れるべき字句の正しい組み合わせはどれか。「この法律は、医薬品、医薬部外品、化粧品、医療機器及び再生医療等製品の品質、有効性及び安全性の確保並びにこれらの使用による保健衛生上の（ ａ ）及び（ ｂ ）のために必要な規制を行うとともに、指定薬物の規制に関する措置を講ずるほか、医療上特にその必要性が高い医薬品、医療機器及び再生医療等製品の（ ｃ ）のために必要な措置を講ずることにより、保健衛生の向上を図ることを目的とする。」ことを定めている。
2,82,2,R2-AM-42,4,午前,42,3,3,3,OK,OK,登録販売者に関する記述のうち、正しいものの組み合わせはどれか。,登録販売者に関する記述のうち、正しいものの組み合わせはどれか。
2,83,3,R2-AM-43,4,午前,43,1,1,1,OK,OK,医薬品の定義と範囲及び取扱いに関する記述の正誤について、正しい組み合わせはどれか。,医薬品の定義と範囲及び取扱いに関する記述の正誤について、正しい組み合わせはどれか。
2,84,4,R2-AM-44,4,午前,44,1,1,1,OK,OK,一般用医薬品及び要指導医薬品に関する記述のうち、正しいものはどれか。,一般用医薬品及び要指導医薬品に関する記述のうち、正しいものはどれか。
2,85,5,R2-AM-45,4,午前,45,4,4,4,OK,OK,一般用医薬品のリスク区分に関する記述の正誤について、正しい組み合わせはどれか。,一般用医薬品のリスク区分に関する記述の正誤について、正しい組み合わせはどれか。
2,86,6,R2-AM-46,4,午前,46,4,4,4,OK,OK,直接の容器又は被包に記載しなければならない事項のうち、正しいものの組み合わせはどれか。,直接の容器又は被包に記載しなければならない事項のうち、正しいものの組み合わせはどれか。
2,87,7,R2-AM-47,4,午前,47,3,3,3,OK,OK,医薬部外品及び化粧品に関する記述の正誤について、正しい組み合わせはどれか。,医薬部外品及び化粧品に関する記述の正誤について、正しい組み合わせはどれか。
2,88,8,R2-AM-48,4,午前,48,5,5,5,OK,OK,保健機能食品等の食品に関する記述の正誤について、正しい組み合わせはどれか。,保健機能食品等の食品に関する記述の正誤について、正しい組み合わせはどれか。
2,89,9,R2-AM-49,4,午前,49,2,2,2,OK,OK,医薬品の販売業の許可に関する記述のうち、正しいものはどれか。,医薬品の販売業の許可に関する記述のうち、正しいものはどれか。
2,90,10,R2-AM-50,4,午前,50,1,1,1,OK,OK,要指導医薬品及び一般用医薬品の情報提供に関する記述のうち、正しいものの組み合わせはどれか。,要指導医薬品及び一般用医薬品の情報提供に関する記述のうち、正しいものの組み合わせはどれか。
2,91,11,R2-AM-51,4,午前,51,1,1,1,OK,OK,医薬品の陳列に関する記述の正誤について、正しい組み合わせはどれか。,医薬品の陳列に関する記述の正誤について、正しい組み合わせはどれか。
2,92,12,R2-AM-52,4,午前,52,2,2,2,OK,OK,特定販売に関する記述のうち、誤っているものはどれか。,特定販売に関する記述のうち、誤っているものはどれか。
2,93,13,R2-AM-53,4,午前,53,5,5,5,OK,OK,医薬品の購入の記録及び陳列設備に関する記述の正誤について、正しい組み合わせはどれか。,医薬品の購入の記録及び陳列設備に関する記述の正誤について、正しい組み合わせはどれか。
2,94,14,R2-AM-54,4,午前,54,2,2,2,OK,OK,薬局開設者及び店舗販売業者の遵守事項に関する記述のうち、正しいものの組み合わせはどれか。,薬局開設者及び店舗販売業者の遵守事項に関する記述のうち、正しいものの組み合わせはどれか。
2,95,15,R2-AM-55,4,午前,55,2,2,2,OK,OK,毒薬及び劇薬に関する記述のうち、正しいものの組み合わせはどれか。,毒薬及び劇薬に関する記述のうち、正しいものの組み合わせはどれか。
2,96,16,R2-AM-56,4,午前,56,1,1,1,OK,OK,以下の医薬品のうち、医薬品、医療機器等の品質、有効性及び安全性の確保等に関する法律（昭和３５年法律第１４５号）第５６条又は第５７条の規定により、販売、授与、製造等が禁止されているものとして、正しいものの組み合わせはどれか。,以下の医薬品のうち、医薬品、医療機器等の品質、有効性及び安全性の確保等に関する法律（昭和３５年法律第１４５号）第５６条又は第５７条の規定により、販売、授与、製造等が禁止されているものとして、正しいものの組み合わせはどれか。
2,97,17,R2-AM-57,4,午前,57,4,4,4,OK,OK,医薬品の販売方法に関する記述の正誤について、正しい組み合わせはどれか。,医薬品の販売方法に関する記述の正誤について、正しい組み合わせはどれか。
2,98,18,R2-AM-58,4,午前,58,3,3,3,OK,OK,医薬品の広告に関する記述のうち、正しいものはどれか。,医薬品の広告に関する記述のうち、正しいものはどれか。
2,99,19,R2-AM-59,4,午前,59,3,3,3,OK,OK,医薬品等適正広告基準（平成２９年９月２９日付け薬生発０９２９第４号厚生労働省医薬・生活衛生局長通知）に関する記述のうち、誤っているものはどれか。,医薬品等適正広告基準（平成２９年９月２９日付け薬生発０９２９第４号厚生労働省医薬・生活衛生局長通知）に関する記述のうち、誤っているものはどれか。
2,100,20,R2-AM-60,4,午前,60,5,5,5,OK,OK,行政庁が行う監視指導及び処分に関する記述の正誤について、正しい組み合わせはどれか。,行政庁が行う監視指導及び処分に関する記述の正誤について、正しい組み合わせはどれか。
2,101,1,R2-PM-41,5,午後,41,2,2,2,OK,OK,医薬品の適正使用情報に関する記述の正誤について、正しい組み合わせはどれか。,医薬品の適正使用情報に関する記述の正誤について、正しい組み合わせはどれか。
2,102,2,R2-PM-42,5,午後,42,1,1,1,OK,OK,一般用医薬品の添付文書の記載に関する記述の正誤について、正しい組み合わせはどれか。,一般用医薬品の添付文書の記載に関する記述の正誤について、正しい組み合わせはどれか。
2,103,3,R2-PM-43,5,午後,43,3,3,3,OK,OK,医薬品成分と一般用医薬品の添付文書における使用上の注意の記載に関する記述のうち、誤っているものはどれか。,医薬品成分と一般用医薬品の添付文書における使用上の注意の記載に関する記述のうち、誤っているものはどれか。
2,104,4,R2-PM-44,5,午後,44,2,2,2,OK,OK,一般用医薬品の添付文書の使用上の注意において、「次の人は使用（服用）しないこと」の項目中に、「本剤又は他のかぜ薬、解熱鎮痛薬を使用（服用）してぜんそくを起こしたことがある人」と記載することとされているものとして、正しいものの組み合わせはどれか。,一般用医薬品の添付文書の使用上の注意において、「次の人は使用（服用）しないこと」の項目中に、「本剤又は他のかぜ薬、解熱鎮痛薬を使用（服用）してぜんそくを起こしたことがある人」と記載することとされているものとして、正しいものの組み合わせはどれか。
2,105,5,R2-PM-45,5,午後,45,3,3,3,OK,OK,一般用医薬品の添付文書の使用上の注意において、「次の人は使用（服用）しないこと」の項目中に、「次の診断を受けた人」として、「透析療法を受けている人」と記載することとされているものとして、正しいものの組み合わせはどれか。,一般用医薬品の添付文書の使用上の注意において、「次の人は使用（服用）しないこと」の項目中に、「次の診断を受けた人」として、「透析療法を受けている人」と記載することとされているものとして、正しいものの組み合わせはどれか。
2,106,6,R2-PM-46,5,午後,46,4,4,4,OK,OK,一般用医薬品の添付文書の使用上の注意において、「次の人は使用（服用）しないこと」の項目中に、「小児における年齢制限」として、「６歳未満の小児」と記載することとされているものはどれか。,一般用医薬品の添付文書の使用上の注意において、「次の人は使用（服用）しないこと」の項目中に、「小児における年齢制限」として、「６歳未満の小児」と記載することとされているものはどれか。
2,107,7,R2-PM-47,5,午後,47,3,3,3,OK,OK,一般用医薬品の添付文書における使用上の注意の記載に関する記述のうち、誤っているものはどれか。,一般用医薬品の添付文書における使用上の注意の記載に関する記述のうち、誤っているものはどれか。
2,108,8,R2-PM-48,5,午後,48,4,4,4,OK,OK,一般用医薬品の添付文書の使用上の注意において、「授乳中の人は本剤を服用しないか、本剤を服用する場合は授乳を避けること」と記載しなければならない主な成分と、それにより乳児に懸念される症状の組み合わせとして、誤っているものはどれか。,一般用医薬品の添付文書の使用上の注意において、「授乳中の人は本剤を服用しないか、本剤を服用する場合は授乳を避けること」と記載しなければならない主な成分と、それにより乳児に懸念される症状の組み合わせとして、誤っているものはどれか。【主な成分】 【懸念される症状】
2,109,9,R2-PM-49,5,午後,49,1,1,1,OK,OK,一般用医薬品の製品表示に関する記述の正誤について、正しい組み合わせはどれか。,一般用医薬品の製品表示に関する記述の正誤について、正しい組み合わせはどれか。
2,110,10,R2-PM-50,5,午後,50,4,4,4,OK,OK,一般用医薬品の保管及び取扱い上の注意に関する記述の正誤について、正しい組み合わせはどれか。,一般用医薬品の保管及び取扱い上の注意に関する記述の正誤について、正しい組み合わせはどれか。
2,111,11,R2-PM-51,5,午後,51,3,3,3,OK,OK,一般用医薬品の添付文書の記載に関する記述の正誤について、正しい組み合わせはどれか。,一般用医薬品の添付文書の記載に関する記述の正誤について、正しい組み合わせはどれか。
2,112,12,R2-PM-52,5,午後,52,1,1,1,OK,OK,安全性情報に関する記述の正誤について、正しい組み合わせはどれか。,安全性情報に関する記述の正誤について、正しい組み合わせはどれか。
2,113,13,R2-PM-53,5,午後,53,5,5,5,OK,OK,医薬品の安全対策に関する記述のうち、正しいものの組み合わせはどれか。,医薬品の安全対策に関する記述のうち、正しいものの組み合わせはどれか。
2,114,14,R2-PM-54,5,午後,54,5,5,5,OK,OK,一般用医薬品の安全対策に関する以下の記述について、（ ）の中に入れるべき字句の正しい組み合わせはどれか。,一般用医薬品の安全対策に関する以下の記述について、（ ）の中に入れるべき字句の正しい組み合わせはどれか。塩酸フェニルプロパノールアミンが配合された一般用医薬品による（ ａ ）等の副作用症例が複数報告され、それらの多くが用法・用量の範囲を超えた使用又は禁忌とされている（ ｂ ）患者の使用によるものであった。そのため、厚生労働省から関係製薬企業等に対して、使用上の注意の改訂、情報提供の徹底等を行うとともに、代替成分として（ ｃ ）等への速やかな切替えにつき指示がなされた。
2,115,15,R2-PM-55,5,午後,55,3,3,3,OK,OK,医薬品の副作用情報等の収集、評価及び措置に関する以下の記述について、（ ）の中に入れるべき字句の正しい組み合わせはどれか。,医薬品の副作用情報等の収集、評価及び措置に関する以下の記述について、（ ）の中に入れるべき字句の正しい組み合わせはどれか。収集された副作用等の情報は、その医薬品の製造販売業者等において評価・検討され、必要な安全対策が図られる。各制度により集められた副作用情報については、（ ａ ）において専門委員の意見を聴きながら調査検討が行われ、その結果に基づき、（ ｂ ）は、（ ｃ ）の意見を聴いて、使用上の注意の改訂の指示等を通じた注意喚起のための情報提供や、効能・効果や用法・用量の一部変更、調査・実験の実施の指示、製造・販売の中止、製品の回収等の安全対策上必要な行政措置を講じている。
2,116,16,R2-PM-56,5,午後,56,2,2,2,OK,OK,医薬品副作用被害救済制度に関する記述の正誤について、正しい組み合わせはどれか。,医薬品副作用被害救済制度に関する記述の正誤について、正しい組み合わせはどれか。
2,117,17,R2-PM-57,5,午後,57,4,4,4,OK,OK,以下のうち、使用により生じた健康被害事例が医薬品副作用被害救済制度の対象となるものはどれか。,以下のうち、使用により生じた健康被害事例が医薬品副作用被害救済制度の対象となるものはどれか。
2,118,18,R2-PM-58,5,午後,58,5,5,5,OK,OK,医薬品ＰＬセンターに関する記述の正誤について、正しい組み合わせはどれか。,医薬品ＰＬセンターに関する記述の正誤について、正しい組み合わせはどれか。
2,119,19,R2-PM-59,5,午後,59,1,1,1,OK,OK,以下の医薬品副作用被害救済制度による給付の種類のうち、請求期限がないものはどれか。,以下の医薬品副作用被害救済制度による給付の種類のうち、請求期限がないものはどれか。
2,120,20,R2-PM-60,5,午後,60,2,2,2,OK,OK,医薬品の適正使用のための啓発活動に関する記述の正誤について、正しい組み合わせはどれか。,医薬品の適正使用のための啓発活動に関する記述の正誤について、正しい組み合わせはどれか。
3,1,1,R3-AM-01,1,午前,1,4,4,4,OK,OK,医薬品に関する記述の正誤について、正しい組み合わせはどれか。,医薬品に関する記述の正誤について、正しい組み合わせはどれか。
3,2,2,R3-AM-02,1,午前,2,4,4,4,OK,OK,医薬品に関する記述の正誤について、正しい組み合わせはどれか。,医薬品に関する記述の正誤について、正しい組み合わせはどれか。
3,3,3,R3-AM-03,1,午前,3,3,3,3,OK,OK,新規に開発される医薬品のリスク評価に関する記述の正誤について、正しい組み合わせはどれか。,新規に開発される医薬品のリスク評価に関する記述の正誤について、正しい組み合わせはどれか。
3,4,4,R3-AM-04,1,午前,4,2,2,2,OK,OK,いわゆる健康食品に関する記述の正誤について、正しい組み合わせはどれか。,いわゆる健康食品に関する記述の正誤について、正しい組み合わせはどれか。
3,5,5,R3-AM-05,1,午前,5,1,1,1,OK,OK,医薬品の副作用に関する記述のうち、正しいものの組み合わせはどれか。,医薬品の副作用に関する記述のうち、正しいものの組み合わせはどれか。
3,6,6,R3-AM-06,1,午前,6,1,1,1,OK,OK,アレルギー（過敏反応）に関する記述の正誤について、正しい組み合わせはどれか。,アレルギー（過敏反応）に関する記述の正誤について、正しい組み合わせはどれか。
3,7,7,R3-AM-07,1,午前,7,4,4,4,OK,OK,医薬品の不適正な使用と有害事象に関する記述の正誤について、正しい組み合わせはどれか。,医薬品の不適正な使用と有害事象に関する記述の正誤について、正しい組み合わせはどれか。
3,8,8,R3-AM-08,1,午前,8,1,1,1,OK,OK,医薬品等の相互作用に関する記述のうち、正しいものの組み合わせはどれか。,医薬品等の相互作用に関する記述のうち、正しいものの組み合わせはどれか。
3,9,9,R3-AM-09,1,午前,9,5,5,5,OK,OK,小児が医薬品を使用する際に留意すべき事項に関する以下の記述について、（ ）の中に入れるべき字句の正しい組み合わせはどれか。,小児が医薬品を使用する際に留意すべき事項に関する以下の記述について、（ ）の中に入れるべき字句の正しい組み合わせはどれか。小児は大人と比べて、身体の大きさに対して腸が（ ａ ）、服用した医薬品の吸収率が相対的に（ ｂ ）。また、血液脳関門が未発達であるため、（ ｃ ）に影響を与える医薬品で副作用を起こしやすい。
3,10,10,R3-AM-10,1,午前,10,3,3,3,OK,OK,高齢者の医薬品の使用に関する記述の正誤について、正しい組み合わせはどれか。,高齢者の医薬品の使用に関する記述の正誤について、正しい組み合わせはどれか。
3,11,11,R3-AM-11,1,午前,11,2,2,2,OK,OK,妊婦又は妊娠していると思われる女性の医薬品の使用に関する記述のうち、正しいものの組み合わせはどれか。,妊婦又は妊娠していると思われる女性の医薬品の使用に関する記述のうち、正しいものの組み合わせはどれか。
3,12,12,R3-AM-12,1,午前,12,5,5,5,OK,OK,プラセボ効果（偽薬効果）に関する記述の正誤について、正しい組み合わせはどれか。,プラセボ効果（偽薬効果）に関する記述の正誤について、正しい組み合わせはどれか。
3,13,13,R3-AM-13,1,午前,13,3,3,3,OK,OK,医薬品の品質に関する記述の正誤について、正しい組み合わせはどれか。,医薬品の品質に関する記述の正誤について、正しい組み合わせはどれか。
3,14,14,R3-AM-14,1,午前,14,4,4,4,OK,OK,医薬品、医療機器等の品質、有効性及び安全性の確保等に関する法律（昭和３５年法律第１４５号）第４条第５項第４号に規定されている一般用医薬品の定義に関する以下の記述について、（ ）の中に入れるべき字句の正しい組み合わせはどれか。,医薬品、医療機器等の品質、有効性及び安全性の確保等に関する法律（昭和３５年法律第１４５号）第４条第５項第４号に規定されている一般用医薬品の定義に関する以下の記述について、（ ）の中に入れるべき字句の正しい組み合わせはどれか。医薬品のうち、その効能及び効果において人体に対する作用が（ ａ ）ものであって、薬剤師その他の医薬関係者から提供された情報に基づく（ ｂ ）の選択により使用されることが目的とされているもの（（ ｃ ）を除く。）をいう。
3,15,15,R3-AM-15,1,午前,15,1,1,1,OK,OK,セルフメディケーションに関する記述の正誤について、正しい組み合わせはどれか。,セルフメディケーションに関する記述の正誤について、正しい組み合わせはどれか。
3,16,16,R3-AM-16,1,午前,16,3,3,3,OK,OK,一般用医薬品の販売時のコミュニケーションに関する記述のうち、正しいものの組み合わせはどれか。,一般用医薬品の販売時のコミュニケーションに関する記述のうち、正しいものの組み合わせはどれか。
3,17,17,R3-AM-17,1,午前,17,5,5,5,OK,OK,サリドマイドに関する記述の正誤について、正しい組み合わせはどれか。,サリドマイドに関する記述の正誤について、正しい組み合わせはどれか。
3,18,18,R3-AM-18,1,午前,18,3,3,3,OK,OK,スモン訴訟に関する以下の記述について、（ ）の中に入れるべき字句の正しい組み合わせはどれか。,スモン訴訟に関する以下の記述について、（ ）の中に入れるべき字句の正しい組み合わせはどれか。スモン訴訟は、（ ａ ）として販売されていたキノホルム製剤を使用したことにより、（ ｂ ）に罹患したことに対する損害賠償訴訟である。１９７９年、スモン訴訟等を契機として（ ｃ ）が創設された。
3,19,19,R3-AM-19,1,午前,19,2,2,2,OK,OK,ＨＩＶ訴訟に関する記述のうち、誤っているものはどれか。,ＨＩＶ訴訟に関する記述のうち、誤っているものはどれか。
3,20,20,R3-AM-20,1,午前,20,5,5,5,OK,OK,クロイツフェルト・ヤコブ病（ＣＪＤ）に関する記述の正誤について、正しい組み合わせはどれか。,クロイツフェルト・ヤコブ病（ＣＪＤ）に関する記述の正誤について、正しい組み合わせはどれか。
3,21,1,R3-AM-21,2,午前,21,5,5,5,OK,OK,消化器系に関する記述の正誤について、正しい組み合わせはどれか。,消化器系に関する記述の正誤について、正しい組み合わせはどれか。
3,22,2,R3-AM-22,2,午前,22,3,3,3,OK,OK,消化器系に関する記述のうち、誤っているものはどれか。,消化器系に関する記述のうち、誤っているものはどれか。
3,23,3,R3-AM-23,2,午前,23,4,4,4,OK,OK,消化器系に関する記述の正誤について、正しい組み合わせはどれか。,消化器系に関する記述の正誤について、正しい組み合わせはどれか。
3,24,4,R3-AM-24,2,午前,24,4,4,4,OK,OK,呼吸器系に関する記述のうち、正しいものの組み合わせはどれか。,呼吸器系に関する記述のうち、正しいものの組み合わせはどれか。
3,25,5,R3-AM-25,2,午前,25,1,1,1,OK,OK,心臓及び血管系に関する記述の正誤について、正しい組み合わせはどれか。,心臓及び血管系に関する記述の正誤について、正しい組み合わせはどれか。
3,26,6,R3-AM-26,2,午前,26,2,2,2,OK,OK,腎臓に関する以下の記述について、（ ）の中に入れるべき字句の正しい組み合わせはどれか。なお、２箇所の（ ａ ）、（ ｂ ）内はいずれも同じ字句が入る。,腎臓に関する以下の記述について、（ ）の中に入れるべき字句の正しい組み合わせはどれか。なお、２箇所の（ ａ ）、（ ｂ ）内はいずれも同じ字句が入る。腎臓に入る動脈は細かく枝分かれして、毛細血管が小さな球状になった（ ａ ）を形成する。（ ａ ）の外側を袋状の（ ｂ ）が包み込んでおり、これを腎小体という。（ ｂ ）から 1 本の尿細管が伸びて、腎小体と尿細管とで腎臓の基本的な機能単位である（ ｃ ）を構成している。
3,27,7,R3-AM-27,2,午前,27,4,4,4,OK,OK,眼球に関する記述のうち、正しいものの組み合わせはどれか。,眼球に関する記述のうち、正しいものの組み合わせはどれか。
3,28,8,R3-AM-28,2,午前,28,1,1,1,OK,OK,耳に関する記述の正誤について、正しい組み合わせはどれか。,耳に関する記述の正誤について、正しい組み合わせはどれか。
3,29,9,R3-AM-29,2,午前,29,2,2,2,OK,OK,外皮系に関する記述のうち、正しいものの組み合わせはどれか。,外皮系に関する記述のうち、正しいものの組み合わせはどれか。
3,30,10,R3-AM-30,2,午前,30,1,1,1,OK,OK,骨格系及び筋組織に関する記述の正誤について、正しい組み合わせはどれか。,骨格系及び筋組織に関する記述の正誤について、正しい組み合わせはどれか。
3,31,11,R3-AM-31,2,午前,31,4,4,4,OK,OK,有効成分の吸収及び代謝に関する記述の正誤について、正しい組み合わせはどれか。,有効成分の吸収及び代謝に関する記述の正誤について、正しい組み合わせはどれか。
3,32,12,R3-AM-32,2,午前,32,2,2,2,OK,OK,効果器と交感神経系による作動の組み合わせとして、誤っているものはどれか。,効果器と交感神経系による作動の組み合わせとして、誤っているものはどれか。【効果器】 【交感神経系による作動】
3,33,13,R3-AM-33,2,午前,33,3,3,3,OK,OK,医薬品の剤形の違いや適切な使用方法及び薬の体内での働きに関する記述の正誤について、正しい組み合わせはどれか。,医薬品の剤形の違いや適切な使用方法及び薬の体内での働きに関する記述の正誤について、正しい組み合わせはどれか。
3,34,14,R3-AM-34,2,午前,34,3,3,3,OK,OK,医薬品の剤形とその特徴に関する記述のうち、正しいものの組み合わせはどれか。,医薬品の剤形とその特徴に関する記述のうち、正しいものの組み合わせはどれか。【剤形】 【特徴】
3,35,15,R3-AM-35,2,午前,35,4,4,4,OK,OK,外用局所に適用する剤形の特徴に関する記述の正誤について、正しい組み合わせはどれか。,外用局所に適用する剤形の特徴に関する記述の正誤について、正しい組み合わせはどれか。
3,36,16,R3-AM-36,2,午前,36,4,4,4,OK,OK,医薬品の副作用に関する記述の正誤について、正しい組み合わせはどれか。,医薬品の副作用に関する記述の正誤について、正しい組み合わせはどれか。
3,37,17,R3-AM-37,2,午前,37,2,2,2,OK,OK,重篤な皮膚粘膜障害に関する記述の正誤について、正しい組み合わせはどれか。,重篤な皮膚粘膜障害に関する記述の正誤について、正しい組み合わせはどれか。
3,38,18,R3-AM-38,2,午前,38,1,1,1,OK,OK,精神神経系に現れる医薬品の副作用に関する記述の正誤について、正しい組み合わせはどれか。,精神神経系に現れる医薬品の副作用に関する記述の正誤について、正しい組み合わせはどれか。
3,39,19,R3-AM-39,2,午前,39,5,5,5,OK,OK,呼吸器系に現れる副作用に関する以下の記述について、（ ）の中に入れるべき字句の正しい組み合わせはどれか。,呼吸器系に現れる副作用に関する以下の記述について、（ ）の中に入れるべき字句の正しい組み合わせはどれか。間質性肺炎を発症すると、息切れ・息苦しさ等の呼吸困難、（ ａ ）、発熱等の症状を呈する。一般的に、医薬品の使用開始から（ ｂ ）程度で起きることが多い。症状が一過性に現れ、自然と回復することもあるが、悪化すると（ ｃ ）に移行することがある。
3,40,20,R3-AM-40,2,午前,40,4,4,4,OK,OK,皮膚に現れる副作用に関する記述の正誤について、正しい組み合わせはどれか。,皮膚に現れる副作用に関する記述の正誤について、正しい組み合わせはどれか。
3,41,1,R3-PM-01,3,午後,1,2,2,2,OK,OK,かぜ（感冒）に関する記述のうち、正しいものの組み合わせはどれか。,かぜ（感冒）に関する記述のうち、正しいものの組み合わせはどれか。
3,42,2,R3-PM-02,3,午後,2,1,1,1,OK,OK,かぜ薬の配合成分とその配合目的のうち、正しいものの組み合わせはどれか。,かぜ薬の配合成分とその配合目的のうち、正しいものの組み合わせはどれか。【配合成分】 【配合目的】
3,43,3,R3-PM-03,3,午後,3,5,5,5,OK,OK,炎症による腫れを和らげる成分に関する記述の正誤について、正しい組み合わせはどれか。,炎症による腫れを和らげる成分に関する記述の正誤について、正しい組み合わせはどれか。
3,44,4,R3-PM-04,3,午後,4,4,4,4,OK,OK,かぜの症状緩和に用いられる漢方処方製剤に関する記述のうち、誤っているものはどれか。,かぜの症状緩和に用いられる漢方処方製剤に関する記述のうち、誤っているものはどれか。
3,45,5,R3-PM-05,3,午後,5,2,2,2,OK,OK,かぜ薬の配合成分とその副作用のうち、正しいものの組み合わせはどれか。,かぜ薬の配合成分とその副作用のうち、正しいものの組み合わせはどれか。【配合成分】 【副作用】
3,46,6,R3-PM-06,3,午後,6,3,3,3,OK,OK,痛みや発熱が起こる仕組み及び解熱鎮痛薬の働きに関する記述の正誤について、正しい組み合わせはどれか。,痛みや発熱が起こる仕組み及び解熱鎮痛薬の働きに関する記述の正誤について、正しい組み合わせはどれか。
3,47,7,R3-PM-07,3,午後,7,4,4,4,OK,OK,解熱鎮痛成分に関する記述の正誤について、正しい組み合わせはどれか。,解熱鎮痛成分に関する記述の正誤について、正しい組み合わせはどれか。
3,48,8,R3-PM-08,3,午後,8,2,2,2,OK,OK,眠気を促す薬に関する記述の正誤について、正しい組み合わせはどれか。,眠気を促す薬に関する記述の正誤について、正しい組み合わせはどれか。
3,49,9,R3-PM-09,3,午後,9,1,1,1,OK,OK,カフェインに関する記述のうち、正しいものの組み合わせはどれか。,カフェインに関する記述のうち、正しいものの組み合わせはどれか。
3,50,10,R3-PM-10,3,午後,10,1,1,1,OK,OK,鎮暈薬の配合成分に関する記述の正誤について、正しい組み合わせはどれか。,鎮暈薬の配合成分に関する記述の正誤について、正しい組み合わせはどれか。
3,51,11,R3-PM-11,3,午後,11,3,3,3,OK,OK,小児の疳を適応症とする生薬製剤・漢方処方製剤に関する記述の正誤について、正しい組み合わせはどれか。,小児の疳を適応症とする生薬製剤・漢方処方製剤に関する記述の正誤について、正しい組み合わせはどれか。
3,52,12,R3-PM-12,3,午後,12,4,4,4,OK,OK,咳止め・痰を出しやすくする薬（鎮咳去痰薬）及びその配合成分に関する記述のうち、誤っているものはどれか。,咳止め・痰を出しやすくする薬（鎮咳去痰薬）及びその配合成分に関する記述のうち、誤っているものはどれか。
3,53,13,R3-PM-13,3,午後,13,2,2,2,OK,OK,口腔咽喉薬、うがい薬（含嗽薬）及びその配合成分に関する記述の正誤について、正しい組み合わせはどれか。,口腔咽喉薬、うがい薬（含嗽薬）及びその配合成分に関する記述の正誤について、正しい組み合わせはどれか。
3,54,14,R3-PM-14,3,午後,14,1,1,1,OK,OK,胃の薬に関する記述の正誤について、正しい組み合わせはどれか。,胃の薬に関する記述の正誤について、正しい組み合わせはどれか。
3,55,15,R3-PM-15,3,午後,15,1,1,1,OK,OK,胃腸に作用する薬の配合成分に関する記述のうち、正しいものの組み合わせはどれか。,胃腸に作用する薬の配合成分に関する記述のうち、正しいものの組み合わせはどれか。
3,56,16,R3-PM-16,3,午後,16,3,3,3,OK,OK,以下の記述にあてはまる漢方処方製剤はどれか。,以下の記述にあてはまる漢方処方製剤はどれか。体力中等度以下で腹部筋肉が弛緩する傾向にあり、胃痛又は腹痛があって、ときに胸やけや、げっぷ、食欲不振、吐きけなどを伴うものの神経性胃炎、慢性胃炎、胃腸虚弱に適するとされる。
3,57,17,R3-PM-17,3,午後,17,5,5,5,OK,OK,腸の不調及び薬が症状を抑える仕組みに関する記述の正誤について、正しい組み合わせはどれか。,腸の不調及び薬が症状を抑える仕組みに関する記述の正誤について、正しい組み合わせはどれか。
3,58,18,R3-PM-18,3,午後,18,2,2,2,OK,OK,腸の薬及びその配合成分に関する記述の正誤について、正しい組み合わせはどれか。,腸の薬及びその配合成分に関する記述の正誤について、正しい組み合わせはどれか。
3,59,19,R3-PM-19,3,午後,19,1,1,1,OK,OK,胃腸鎮痛鎮痙薬の症状を抑える仕組みに関する以下の記述について、（ ）の中に入れるべき字句の正しい組み合わせはどれか。なお、３箇所の（ ａ ）及び２箇所の（ ｂ ）内はいずれも同じ字句が入る。,胃腸鎮痛鎮痙薬の症状を抑える仕組みに関する以下の記述について、（ ）の中に入れるべき字句の正しい組み合わせはどれか。なお、３箇所の（ ａ ）及び２箇所の（ ｂ ）内はいずれも同じ字句が入る。消化管の運動は（ ａ ）系の刺激により（ ｂ ）し、また、（ ａ ）系は胃液分泌の（ ｂ ）にも働く。そのため、（ ａ ）の伝達物質である（ ｃ ）と受容体の反応を妨げることで、その働きを抑える成分が、胃痛、腹痛、さしこみを鎮めることのほか、胃酸過多や胸やけに対する効果も期待して用いられる。
3,60,20,R3-PM-20,3,午後,20,3,3,3,OK,OK,浣腸薬及びその配合成分に関する記述のうち、誤っているものはどれか。,浣腸薬及びその配合成分に関する記述のうち、誤っているものはどれか。
3,61,21,R3-PM-21,3,午後,21,5,5,5,OK,OK,駆虫薬及びその配合成分に関する記述のうち、正しいものの組み合わせはどれか。,駆虫薬及びその配合成分に関する記述のうち、正しいものの組み合わせはどれか。
3,62,22,R3-PM-22,3,午後,22,2,2,2,OK,OK,強心薬、その配合成分及び動悸や息切れの症状に関する記述の正誤について、正しい組み合わせはどれか。,強心薬、その配合成分及び動悸や息切れの症状に関する記述の正誤について、正しい組み合わせはどれか。
3,63,23,R3-PM-23,3,午後,23,1,1,1,OK,OK,高コレステロール改善薬に関する記述の正誤について、正しい組み合わせはどれか。,高コレステロール改善薬に関する記述の正誤について、正しい組み合わせはどれか。
3,64,24,R3-PM-24,3,午後,24,3,3,3,OK,OK,貧血症状及び貧血用薬に関する記述のうち、正しいものの組み合わせはどれか。,貧血症状及び貧血用薬に関する記述のうち、正しいものの組み合わせはどれか。
3,65,25,R3-PM-25,3,午後,25,2,2,2,OK,OK,循環器用薬の配合成分に関する記述のうち、誤っているものはどれか。,循環器用薬の配合成分に関する記述のうち、誤っているものはどれか。
3,66,26,R3-PM-26,3,午後,26,3,3,3,OK,OK,痔及び痔疾用薬に関する記述の正誤について、正しい組み合わせはどれか。,痔及び痔疾用薬に関する記述の正誤について、正しい組み合わせはどれか。
3,67,27,R3-PM-27,3,午後,27,1,1,1,OK,OK,泌尿器用薬とその配合成分に関する記述の正誤について、正しい組み合わせはどれか。,泌尿器用薬とその配合成分に関する記述の正誤について、正しい組み合わせはどれか。
3,68,28,R3-PM-28,3,午後,28,4,4,4,OK,OK,婦人薬に配合される生薬成分と女性に現れる特有な諸症状に関する記述のうち、誤っているものはどれか。,婦人薬に配合される生薬成分と女性に現れる特有な諸症状に関する記述のうち、誤っているものはどれか。
3,69,29,R3-PM-29,3,午後,29,2,2,2,OK,OK,内服アレルギー用薬の配合成分に関する記述の正誤について、正しい組み合わせはどれか。,内服アレルギー用薬の配合成分に関する記述の正誤について、正しい組み合わせはどれか。
3,70,30,R3-PM-30,3,午後,30,2,2,2,OK,OK,鼻に用いる薬及びその配合成分に関する記述のうち、誤っているものはどれか。,鼻に用いる薬及びその配合成分に関する記述のうち、誤っているものはどれか。
3,71,31,R3-PM-31,3,午後,31,1,1,1,OK,OK,眼科用薬に配合されている成分とその配合目的に関する記述のうち、正しい組み合わせはどれか。,眼科用薬に配合されている成分とその配合目的に関する記述のうち、正しい組み合わせはどれか。【配合成分】 【配合目的】
3,72,32,R3-PM-32,3,午後,32,3,3,3,OK,OK,殺菌消毒成分に関する記述の正誤について、正しい組み合わせはどれか。,殺菌消毒成分に関する記述の正誤について、正しい組み合わせはどれか。
3,73,33,R3-PM-33,3,午後,33,3,3,3,OK,OK,皮膚に用いる薬の配合成分に関する記述のうち、正しいものはどれか。,皮膚に用いる薬の配合成分に関する記述のうち、正しいものはどれか。
3,74,34,R3-PM-34,3,午後,34,5,5,5,OK,OK,歯や口中の症状及び歯や口中に用いる薬に関する記述の正誤について、正しい組み合わせはどれか。,歯や口中の症状及び歯や口中に用いる薬に関する記述の正誤について、正しい組み合わせはどれか。
3,75,35,R3-PM-35,3,午後,35,2,2,2,OK,OK,禁煙及び禁煙補助剤に関する記述のうち、正しいものの組み合わせはどれか。,禁煙及び禁煙補助剤に関する記述のうち、正しいものの組み合わせはどれか。
3,76,36,R3-PM-36,3,午後,36,1,1,1,OK,OK,ビタミン成分に関する記述のうち、誤っているものはどれか。,ビタミン成分に関する記述のうち、誤っているものはどれか。
3,77,37,R3-PM-37,3,午後,37,2,2,2,OK,OK,一般用医薬品として使用される漢方処方製剤に関する記述のうち、正しいものはどれか。,一般用医薬品として使用される漢方処方製剤に関する記述のうち、正しいものはどれか。
3,78,38,R3-PM-38,3,午後,38,4,4,4,OK,OK,公衆衛生用薬及び感染症の防止に関する記述の正誤について、正しい組み合わせはどれか。,公衆衛生用薬及び感染症の防止に関する記述の正誤について、正しい組み合わせはどれか。
3,79,39,R3-PM-39,3,午後,39,3,3,3,OK,OK,衛生害虫、殺虫剤・忌避剤及びその配合成分に関する記述のうち、誤っているものはどれか。,衛生害虫、殺虫剤・忌避剤及びその配合成分に関する記述のうち、誤っているものはどれか。
3,80,40,R3-PM-40,3,午後,40,2,2,2,OK,OK,一般用検査薬及びその使用方法に関する記述のうち、正しいものの組み合わせはどれか。,一般用検査薬及びその使用方法に関する記述のうち、正しいものの組み合わせはどれか。
3,81,1,R3-AM-41,4,午前,41,5,5,5,OK,OK,次の文章は、医薬品、医療機器等の品質、有効性及び安全性の確保等に関する法律（昭和３５年法律第１４５号）第１条である。（ ）の中に入れるべき字句の正しい組み合わせはどれか。なお、２箇所の（ ａ ）内はいずれも同じ字句が入る。,次の文章は、医薬品、医療機器等の品質、有効性及び安全性の確保等に関する法律（昭和３５年法律第１４５号）第１条である。（ ）の中に入れるべき字句の正しい組み合わせはどれか。なお、２箇所の（ ａ ）内はいずれも同じ字句が入る。第１条 この法律は、医薬品、医薬部外品、化粧品、医療機器及び（ ａ ）の品質、有効性及び安全性の確保並びにこれらの（ ｂ ）による保健衛生上の危害の発生及び拡大の防止のために必要な規制を行うとともに、（ ｃ ）の規制に関する措置を講ずるほか、医療上特にその必要性が高い医薬品、医療機器及び（ ａ ）の研究開発の促進のために必要な措置を講ずることにより、保健衛生の向上を図ることを目的とする。
3,82,2,R3-AM-42,4,午前,42,3,3,3,OK,OK,登録販売者に関する記述のうち、正しいものの組み合わせはどれか。,登録販売者に関する記述のうち、正しいものの組み合わせはどれか。
3,83,3,R3-AM-43,4,午前,43,5,5,5,OK,OK,日本薬局方に関する記述のうち、正しいものの組み合わせはどれか。,日本薬局方に関する記述のうち、正しいものの組み合わせはどれか。
3,84,4,R3-AM-44,4,午前,44,1,1,1,OK,OK,要指導医薬品に関する記述の正誤について、正しい組み合わせはどれか。,要指導医薬品に関する記述の正誤について、正しい組み合わせはどれか。
3,85,5,R3-AM-45,4,午前,45,3,3,3,OK,OK,毒薬又は劇薬に関する記述のうち、正しいものの組み合わせはどれか。,毒薬又は劇薬に関する記述のうち、正しいものの組み合わせはどれか。
3,86,6,R3-AM-46,4,午前,46,4,4,4,OK,OK,医薬部外品に関する記述のうち、正しいものはどれか。,医薬部外品に関する記述のうち、正しいものはどれか。
3,87,7,R3-AM-47,4,午前,47,1,1,1,OK,OK,化粧品に関する記述の正誤について、正しい組み合わせはどれか。,化粧品に関する記述の正誤について、正しい組み合わせはどれか。
3,88,8,R3-AM-48,4,午前,48,4,4,4,OK,OK,保健機能食品等に関する記述の正誤について、正しい組み合わせはどれか。,保健機能食品等に関する記述の正誤について、正しい組み合わせはどれか。
3,89,9,R3-AM-49,4,午前,49,3,3,3,OK,OK,医薬品の販売業の許可に関する記述のうち、正しいものの組み合わせはどれか。,医薬品の販売業の許可に関する記述のうち、正しいものの組み合わせはどれか。
3,90,10,R3-AM-50,4,午前,50,5,5,5,OK,OK,薬局における医薬品の陳列方法に関する記述の正誤について、正しい組み合わせはどれか。,薬局における医薬品の陳列方法に関する記述の正誤について、正しい組み合わせはどれか。
3,91,11,R3-AM-51,4,午前,51,2,2,2,OK,OK,店舗販売業に関する記述のうち、誤っているものはどれか。,店舗販売業に関する記述のうち、誤っているものはどれか。
3,92,12,R3-AM-52,4,午前,52,4,4,4,OK,OK,配置販売業に関する記述の正誤について、正しい組み合わせはどれか。,配置販売業に関する記述の正誤について、正しい組み合わせはどれか。
3,93,13,R3-AM-53,4,午前,53,1,1,1,OK,OK,薬局開設者又は店舗販売業者が、その薬局又は店舗に従事する薬剤師等に行わせる医薬品のリスク区分に応じた情報提供に関する記述の正誤について、正しい組み合わせはどれか。,薬局開設者又は店舗販売業者が、その薬局又は店舗に従事する薬剤師等に行わせる医薬品のリスク区分に応じた情報提供に関する記述の正誤について、正しい組み合わせはどれか。
3,94,14,R3-AM-54,4,午前,54,4,4,4,OK,OK,店舗販売業者が店舗の見やすい位置に掲示板で掲示しなければならない事項の正誤について、正しい組み合わせはどれか。,店舗販売業者が店舗の見やすい位置に掲示板で掲示しなければならない事項の正誤について、正しい組み合わせはどれか。
3,95,15,R3-AM-55,4,午前,55,4,4,4,OK,OK,特定販売に関する記述の正誤について、正しい組み合わせはどれか。,特定販売に関する記述の正誤について、正しい組み合わせはどれか。
3,96,16,R3-AM-56,4,午前,56,1,1,1,OK,OK,濫用のおそれがあるものとして厚生労働大臣が指定する医薬品（平成２６年厚生労働省告示第２５２号）に該当する有効成分として、正しいものの組み合わせはどれか。,濫用のおそれがあるものとして厚生労働大臣が指定する医薬品（平成２６年厚生労働省告示第２５２号）に該当する有効成分として、正しいものの組み合わせはどれか。
3,97,17,R3-AM-57,4,午前,57,2,2,2,OK,OK,医薬品の広告に関する記述の正誤について、正しい組み合わせはどれか。,医薬品の広告に関する記述の正誤について、正しい組み合わせはどれか。
3,98,18,R3-AM-58,4,午前,58,2,2,2,OK,OK,医薬品の販売方法に関する記述のうち、誤っているものはどれか。,医薬品の販売方法に関する記述のうち、誤っているものはどれか。
3,99,19,R3-AM-59,4,午前,59,5,5,5,OK,OK,医薬品等適正広告基準（平成２９年９月２９日薬生発０９２９第４号厚生労働省医薬・生活衛生局長通知）に関する記述のうち、正しいものの組み合わせはどれか。,医薬品等適正広告基準（平成２９年９月２９日薬生発０９２９第４号厚生労働省医薬・生活衛生局長通知）に関する記述のうち、正しいものの組み合わせはどれか。
3,100,20,R3-AM-60,4,午前,60,4,4,4,OK,OK,行政庁が行う監視指導及び処分に関する記述のうち、誤っているものはどれか。,行政庁が行う監視指導及び処分に関する記述のうち、誤っているものはどれか。
3,101,1,R3-PM-41,5,午後,41,4,4,4,OK,OK,医薬品の適正使用情報に関する記述のうち、正しいものはどれか。,医薬品の適正使用情報に関する記述のうち、正しいものはどれか。
3,102,2,R3-PM-42,5,午後,42,5,5,5,OK,OK,一般用医薬品の添付文書における「使用上の注意」に関する記述のうち、正しいものの組み合わせはどれか。,一般用医薬品の添付文書における「使用上の注意」に関する記述のうち、正しいものの組み合わせはどれか。
3,103,3,R3-PM-43,5,午後,43,3,3,3,OK,OK,一般用医薬品の添付文書の使用上の注意において、「相談すること」の項目中に、「次の診断を受けた人」と記載される基礎疾患等と主な成分の組み合わせのうち、正しいものはどれか。,一般用医薬品の添付文書の使用上の注意において、「相談すること」の項目中に、「次の診断を受けた人」と記載される基礎疾患等と主な成分の組み合わせのうち、正しいものはどれか。【診断された基礎疾患等】 【主な成分】
3,104,4,R3-PM-44,5,午後,44,2,2,2,OK,OK,一般用医薬品に関する記述について、（ ）の中に入れるべき字句の正しい組み合わせはどれか。なお、２箇所の（ ａ ）内には同じ字句が入る。,一般用医薬品に関する記述について、（ ）の中に入れるべき字句の正しい組み合わせはどれか。なお、２箇所の（ ａ ）内には同じ字句が入る。（ ａ ）は、ある程度の期間継続して使用されることにより効果が得られるとされているものが多いが、（ ｂ ）をする場合には、専門家に相談する旨が記載されている（本記載がない（ ａ ）は、（ ｃ ）に限られるもの）。
3,105,5,R3-PM-45,5,午後,45,3,3,3,OK,OK,一般用医薬品の製品表示に関する記述のうち、正しいものの組み合わせはどれか。,一般用医薬品の製品表示に関する記述のうち、正しいものの組み合わせはどれか。
3,106,6,R3-PM-46,5,午後,46,2,2,2,OK,OK,医薬品の適正使用情報に関する記述のうち、正しいものの組み合わせはどれか。,医薬品の適正使用情報に関する記述のうち、正しいものの組み合わせはどれか。
3,107,7,R3-PM-47,5,午後,47,3,3,3,OK,OK,医薬品の適正使用情報の活用に関する記述のうち、誤っているものはどれか。,医薬品の適正使用情報の活用に関する記述のうち、誤っているものはどれか。
3,108,8,R3-PM-48,5,午後,48,1,1,1,OK,OK,一般用医薬品の添付文書の使用上の注意において、「してはいけないこと」の項目中に「長期連用しないこと」と記載することとされている成分として、正しいものの組み合わせはどれか。,一般用医薬品の添付文書の使用上の注意において、「してはいけないこと」の項目中に「長期連用しないこと」と記載することとされている成分として、正しいものの組み合わせはどれか。
3,109,9,R3-PM-49,5,午後,49,5,5,5,OK,OK,以下の漢方処方製剤について、一般用医薬品の添付文書の使用上の注意において、「してはいけないこと」の項目中に「症状があるときのみの服用にとどめ、連用しないこと」と記載することとされているものはどれか。,以下の漢方処方製剤について、一般用医薬品の添付文書の使用上の注意において、「してはいけないこと」の項目中に「症状があるときのみの服用にとどめ、連用しないこと」と記載することとされているものはどれか。
3,110,10,R3-PM-50,5,午後,50,3,3,3,OK,OK,以下の成分・薬効群のうち、一般用医薬品の添付文書の使用上の注意において、「次の人は使用（服用）しないこと」の項目中に「授乳中の人は服用しないか、服用する場合は授乳を避けること」と記載することとされているものとして正しいものはどれか。,以下の成分・薬効群のうち、一般用医薬品の添付文書の使用上の注意において、「次の人は使用（服用）しないこと」の項目中に「授乳中の人は服用しないか、服用する場合は授乳を避けること」と記載することとされているものとして正しいものはどれか。
3,111,11,R3-PM-51,5,午後,51,4,4,4,OK,OK,以下の医薬品の成分のうち、メトヘモグロビン血症を起こすおそれがあるため、一般用医薬品の添付文書の使用上の注意において、「次の人は使用（服用）しないこと」の項目中に「６歳未満の小児」と記載することとされているものとして正しいものはどれか。,以下の医薬品の成分のうち、メトヘモグロビン血症を起こすおそれがあるため、一般用医薬品の添付文書の使用上の注意において、「次の人は使用（服用）しないこと」の項目中に「６歳未満の小児」と記載することとされているものとして正しいものはどれか。
3,112,12,R3-PM-52,5,午後,52,4,4,4,OK,OK,次の表は、ある一般用医薬品の制酸薬に含まれている成分の一覧である。この制酸薬の添付文書の「相談すること」の項において、「次の診断を受けた人」の項目欄に記載されている事項として、正しいものはどれか。,"次の表は、ある一般用医薬品の制酸薬に含まれている成分の一覧である。この制酸薬の添付文書の「相談すること」の項において、「次の診断を受けた人」の項目欄に記載されている事項として、正しいものはどれか。３包中スクラルファート水和物 1,500 mgケイ酸アルミン酸マグネシウム 1,125 mgロートエキス 30 mgアズレンスルホン酸ナトリウム ６ mgＬ－グルタミン 400 mg合成ヒドロタルサイト 270 mg"
3,113,13,R3-PM-53,5,午後,53,3,3,3,OK,OK,一般用医薬品の添付文書の使用上の注意において、「相談すること」の項目中に「甲状腺機能障害又は甲状腺機能亢進症の診断を受けた人」を記載することとされている医薬品の成分とその理由の組み合わせについて、正しいものはどれか。,一般用医薬品の添付文書の使用上の注意において、「相談すること」の項目中に「甲状腺機能障害又は甲状腺機能亢進症の診断を受けた人」を記載することとされている医薬品の成分とその理由の組み合わせについて、正しいものはどれか。成分 理由
3,114,14,R3-PM-54,5,午後,54,5,5,5,OK,OK,次の表は、ある一般用医薬品のかぜ薬に含まれている成分の一覧である。このかぜ薬に関する記述について、正しいものはどれか。,次の表は、ある一般用医薬品のかぜ薬に含まれている成分の一覧である。このかぜ薬に関する記述について、正しいものはどれか。６錠中イブプロフェン 450 mgプソイドエフェドリン塩酸塩 135 mgＬ－カルボシステイン 750 mgｄ－クロルフェニラミンマレイン酸塩 3.5 mgジヒドロコデインリン酸塩 24 mg無水カフェイン 75 mg
3,115,15,R3-PM-55,5,午後,55,1,1,1,OK,OK,安全性情報に関する記述のうち、誤っているものはどれか。,安全性情報に関する記述のうち、誤っているものはどれか。
3,116,16,R3-PM-56,5,午後,56,1,1,1,OK,OK,企業からの副作用報告に関する以下の表について、（ ）の中に入れるべき字句の正しい組み合わせはどれか。,企業からの副作用報告に関する以下の表について、（ ）の中に入れるべき字句の正しい組み合わせはどれか。○ 副作用症例報告 報告期限重篤性 国内事例重篤（死亡を除く）：新有効成分含有医薬品とし １５日以内使用上の注意から て承認後（ ａ ）予測できるもの市販直後調査などによ医薬品によるも （ ｂ ）って得られたもののと疑われる副作用症例の発生 発生傾向が使用上の注意等から予測重篤（死亡を含む） （ ｃ ）することが出来な
3,117,17,R3-PM-57,5,午後,57,2,2,2,OK,OK,医薬品、医療機器等の品質、有効性及び安全性の確保等に関する法律（昭和３５年法律第１４５号）第６８条の１０第２項の規定に基づく医薬品の副作用等の報告に関する記述のうち、正しいものはどれか。,医薬品、医療機器等の品質、有効性及び安全性の確保等に関する法律（昭和３５年法律第１４５号）第６８条の１０第２項の規定に基づく医薬品の副作用等の報告に関する記述のうち、正しいものはどれか。
3,118,18,R3-PM-58,5,午後,58,5,5,5,OK,OK,以下の記述は、医薬品副作用被害救済制度に基づく救済給付に関するものである。該当する給付費として正しいものはどれか。,以下の記述は、医薬品副作用被害救済制度に基づく救済給付に関するものである。該当する給付費として正しいものはどれか。医薬品の副作用による疾病の治療（入院治療を必要とする程度）に伴う医療費以外の費用の負担に着目して給付されるものである。請求に係る医療が行われた日の属する月の翌月の初日から５年以内に請求がなされる必要がある。
3,119,19,R3-PM-59,5,午後,59,4,4,4,OK,OK,塩酸フェニルプロパノールアミン（ＰＰＡ）含有医薬品に関する記述のうち、正しいものの組み合わせはどれか。,塩酸フェニルプロパノールアミン（ＰＰＡ）含有医薬品に関する記述のうち、正しいものの組み合わせはどれか。
3,120,20,R3-PM-60,5,午後,60,2,2,2,OK,OK,医薬品の適正使用のための啓発活動に関する記述のうち、誤っているものはどれか。,医薬品の適正使用のための啓発活動に関する記述のうち、誤っているものはどれか。
4,1,1,R4-AM-01,1,午前,1,3,3,3,OK,OK,医薬品の本質に関する記述の正誤について、正しい組み合わせはどれか。,医薬品の本質に関する記述の正誤について、正しい組み合わせはどれか。
4,2,2,R4-AM-02,1,午前,2,4,4,4,OK,OK,医薬品に関する記述のうち、誤っているものはどれか。,医薬品に関する記述のうち、誤っているものはどれか。
4,3,3,R4-AM-03,1,午前,3,5,5,5,OK,OK,いわゆる健康食品に関する記述の正誤について、正しい組み合わせはどれか。,いわゆる健康食品に関する記述の正誤について、正しい組み合わせはどれか。
4,4,4,R4-AM-04,1,午前,4,1,1,1,OK,OK,薬理作用やアレルギーに関する記述のうち、正しいものの組み合わせはどれか。,薬理作用やアレルギーに関する記述のうち、正しいものの組み合わせはどれか。
4,5,5,R4-AM-05,1,午前,5,3,3,3,OK,OK,医薬品の副作用に関する記述の正誤について、正しい組み合わせはどれか。,医薬品の副作用に関する記述の正誤について、正しい組み合わせはどれか。
4,6,6,R4-AM-06,1,午前,6,3,3,3,OK,OK,医薬品の不適正な使用に関する記述の正誤について、正しい組み合わせはどれか。,医薬品の不適正な使用に関する記述の正誤について、正しい組み合わせはどれか。
4,7,7,R4-AM-07,1,午前,7,1,1,1,OK,OK,医薬品等との相互作用に関する記述のうち、正しいものの組み合わせはどれか。,医薬品等との相互作用に関する記述のうち、正しいものの組み合わせはどれか。
4,8,8,R4-AM-08,1,午前,8,4,4,4,OK,OK,医薬品と食品との飲み合わせに関する記述の正誤について、正しい組み合わせはどれか。,医薬品と食品との飲み合わせに関する記述の正誤について、正しい組み合わせはどれか。
4,9,9,R4-AM-09,1,午前,9,5,5,5,OK,OK,小児等への医薬品の使用に関する記述の正誤について、正しい組み合わせはどれか。,小児等への医薬品の使用に関する記述の正誤について、正しい組み合わせはどれか。
4,10,10,R4-AM-10,1,午前,10,4,4,4,OK,OK,「医療用医薬品の添付文書等の記載要領の留意事項」（平成 29 年６月８日付け薬生安発 0608 第１号厚生労働省医薬・生活衛生局安全対策課長通知別添）に示されている年齢区分のおおよその目安について、（ ）の中に入れるべき字句の正しい組み合わせはどれか。なお、２か所の（ ａ ）内及び（ ｂ ）内はそれぞれ同じ字句が入る。,「医療用医薬品の添付文書等の記載要領の留意事項」（平成 29 年６月８日付け薬生安発 0608 第１号厚生労働省医薬・生活衛生局安全対策課長通知別添）に示されている年齢区分のおおよその目安について、（ ）の中に入れるべき字句の正しい組み合わせはどれか。なお、２か所の（ ａ ）内及び（ ｂ ）内はそれぞれ同じ字句が入る。乳 児：生後４週以上 （ ａ ）未満幼 児：（ ａ ）以上（ ｂ ）未満小 児：（ ｂ ）以上（ ｃ ）未満
4,11,11,R4-AM-11,1,午前,11,3,3,3,OK,OK,高齢者の医薬品使用に関する記述の正誤について、正しい組み合わせはどれか。,高齢者の医薬品使用に関する記述の正誤について、正しい組み合わせはどれか。
4,12,12,R4-AM-12,1,午前,12,2,2,2,OK,OK,妊婦又は妊娠していると思われる女性の医薬品使用に関する記述のうち、誤っているものはどれか。,妊婦又は妊娠していると思われる女性の医薬品使用に関する記述のうち、誤っているものはどれか。
4,13,13,R4-AM-13,1,午前,13,3,3,3,OK,OK,医療機関で治療を受けている人の医薬品使用に関する記述のうち、正しいものの組み合わせはどれか。,医療機関で治療を受けている人の医薬品使用に関する記述のうち、正しいものの組み合わせはどれか。
4,14,14,R4-AM-14,1,午前,14,1,1,1,OK,OK,プラセボ効果（偽薬効果）に関する記述の正誤について、正しい組み合わせはどれか。,プラセボ効果（偽薬効果）に関する記述の正誤について、正しい組み合わせはどれか。
4,15,15,R4-AM-15,1,午前,15,2,2,2,OK,OK,医薬品の品質に関する記述のうち、正しいものの組み合わせはどれか。,医薬品の品質に関する記述のうち、正しいものの組み合わせはどれか。
4,16,16,R4-AM-16,1,午前,16,4,4,4,OK,OK,セルフメディケーション等に関する記述のうち、正しいものの組み合わせはどれか。,セルフメディケーション等に関する記述のうち、正しいものの組み合わせはどれか。
4,17,17,R4-AM-17,1,午前,17,3,3,3,OK,OK,医薬品販売時のコミュニケーションに関する記述の正誤について、正しい組み合わせはどれか。,医薬品販売時のコミュニケーションに関する記述の正誤について、正しい組み合わせはどれか。
4,18,18,R4-AM-18,1,午前,18,2,2,2,OK,OK,医薬品販売時のコミュニケーションに関する記述のうち、正しいものの組み合わせはどれか。,医薬品販売時のコミュニケーションに関する記述のうち、正しいものの組み合わせはどれか。
4,19,19,R4-AM-19,1,午前,19,3,3,3,OK,OK,サリドマイド製剤及びサリドマイド訴訟に関する記述のうち、正しいものはどれか。,サリドマイド製剤及びサリドマイド訴訟に関する記述のうち、正しいものはどれか。
4,20,20,R4-AM-20,1,午前,20,4,4,4,OK,OK,ＨＩＶ（ヒト免疫不全ウイルス）訴訟に関する記述の正誤について、正しい組み合わせはどれか。,ＨＩＶ（ヒト免疫不全ウイルス）訴訟に関する記述の正誤について、正しい組み合わせはどれか。
4,21,1,R4-AM-21,2,午前,21,5,5,5,OK,OK,消化器系に関する記述の正誤について、正しい組み合わせはどれか。,消化器系に関する記述の正誤について、正しい組み合わせはどれか。
4,22,2,R4-AM-22,2,午前,22,2,2,2,OK,OK,胆嚢及び肝臓に関する記述のうち、正しいものの組み合わせはどれか。,胆嚢及び肝臓に関する記述のうち、正しいものの組み合わせはどれか。
4,23,3,R4-AM-23,2,午前,23,3,3,3,OK,OK,呼吸器系に関する記述の正誤について、正しい組み合わせはどれか。,呼吸器系に関する記述の正誤について、正しい組み合わせはどれか。
4,24,4,R4-AM-24,2,午前,24,3,3,3,OK,OK,循環器系に関する記述の正誤について、正しい組み合わせはどれか。,循環器系に関する記述の正誤について、正しい組み合わせはどれか。
4,25,5,R4-AM-25,2,午前,25,5,5,5,OK,OK,血液に関する記述の正誤について、正しい組み合わせはどれか。,血液に関する記述の正誤について、正しい組み合わせはどれか。
4,26,6,R4-AM-26,2,午前,26,1,1,1,OK,OK,目に関する記述の正誤について、正しい組み合わせはどれか。,目に関する記述の正誤について、正しい組み合わせはどれか。
4,27,7,R4-AM-27,2,午前,27,2,2,2,OK,OK,耳に関する記述の正誤について、正しい組み合わせはどれか。,耳に関する記述の正誤について、正しい組み合わせはどれか。
4,28,8,R4-AM-28,2,午前,28,4,4,4,OK,OK,外皮系に関する記述の正誤について、正しい組み合わせはどれか。,外皮系に関する記述の正誤について、正しい組み合わせはどれか。
4,29,9,R4-AM-29,2,午前,29,2,2,2,OK,OK,骨格系に関する記述の正誤について、正しい組み合わせはどれか。,骨格系に関する記述の正誤について、正しい組み合わせはどれか。
4,30,10,R4-AM-30,2,午前,30,2,2,2,OK,OK,筋組織に関する記述の正誤について、正しい組み合わせはどれか。,筋組織に関する記述の正誤について、正しい組み合わせはどれか。
4,31,11,R4-AM-31,2,午前,31,3,3,3,OK,OK,中枢神経系に関する記述の正誤について、正しい組み合わせはどれか。,中枢神経系に関する記述の正誤について、正しい組み合わせはどれか。
4,32,12,R4-AM-32,2,午前,32,4,4,4,OK,OK,交感神経系が活発になっているとき、効果器とその効果器に及ぼす作用について、正しいものの組み合わせはどれか。,交感神経系が活発になっているとき、効果器とその効果器に及ぼす作用について、正しいものの組み合わせはどれか。【効果器】 【作用】
4,33,13,R4-AM-33,2,午前,33,2,2,2,OK,OK,医薬品の吸収に関する記述の正誤について、正しい組み合わせはどれか。,医薬品の吸収に関する記述の正誤について、正しい組み合わせはどれか。
4,34,14,R4-AM-34,2,午前,34,5,5,5,OK,OK,医薬品の代謝及び排泄に関する記述の正誤について、正しい組み合わせはどれか。,医薬品の代謝及び排泄に関する記述の正誤について、正しい組み合わせはどれか。
4,35,15,R4-AM-35,2,午前,35,2,2,2,OK,OK,医薬品の剤形に関する記述のうち、正しいものの組み合わせはどれか。,医薬品の剤形に関する記述のうち、正しいものの組み合わせはどれか。
4,36,16,R4-AM-36,2,午前,36,5,5,5,OK,OK,医薬品の副作用として生じる肝機能障害に関する記述の正誤について、正しい組み合わせはどれか。,医薬品の副作用として生じる肝機能障害に関する記述の正誤について、正しい組み合わせはどれか。
4,37,17,R4-AM-37,2,午前,37,5,5,5,OK,OK,偽アルドステロン症に関する記述の正誤について、正しい組み合わせはどれか。,偽アルドステロン症に関する記述の正誤について、正しい組み合わせはどれか。
4,38,18,R4-AM-38,2,午前,38,1,1,1,OK,OK,呼吸器系に現れる医薬品の副作用に関する記述の正誤について、正しい組み合わせはどれか。,呼吸器系に現れる医薬品の副作用に関する記述の正誤について、正しい組み合わせはどれか。
4,39,19,R4-AM-39,2,午前,39,3,3,3,OK,OK,泌尿器系に現れる医薬品の副作用に関する記述の正誤について、正しい組み合わせはどれか。,泌尿器系に現れる医薬品の副作用に関する記述の正誤について、正しい組み合わせはどれか。
4,40,20,R4-AM-40,2,午前,40,4,4,4,OK,OK,皮膚に現れる医薬品の副作用に関する記述の正誤について、正しい組み合わせはどれか。,皮膚に現れる医薬品の副作用に関する記述の正誤について、正しい組み合わせはどれか。
4,41,1,R4-PM-01,3,午後,1,2,2,2,OK,OK,次の成分を含むかぜ薬に関する記述のうち、正しいものの組み合わせはどれか。,次の成分を含むかぜ薬に関する記述のうち、正しいものの組み合わせはどれか。９錠中アセトアミノフェン 900mg d-クロルフェニラミンマレイン酸塩 3.5mgデキストロメトルファン臭化水素酸塩水和物 48mg dl-メチルエフェドリン塩酸塩 60mg無水カフェイン 75mgへスペリジン 60mgトラネキサム酸 420mg
4,42,2,R4-PM-02,3,午後,2,1,1,1,OK,OK,問１のかぜ薬の配合成分とその配合目的に関する記述について、正しいものの組み合わせはどれか。,問１のかぜ薬の配合成分とその配合目的に関する記述について、正しいものの組み合わせはどれか。【配合成分】 【配合目的】
4,43,3,R4-PM-03,3,午後,3,5,5,5,OK,OK,かぜの症状緩和に用いられる漢方処方製剤に関する記述の正誤について、正しい組み合わせはどれか。,かぜの症状緩和に用いられる漢方処方製剤に関する記述の正誤について、正しい組み合わせはどれか。
4,44,4,R4-PM-04,3,午後,4,4,4,4,OK,OK,解熱鎮痛成分の働き及び副作用に関する記述の正誤について、正しい組み合わせはどれか。,解熱鎮痛成分の働き及び副作用に関する記述の正誤について、正しい組み合わせはどれか。
4,45,5,R4-PM-05,3,午後,5,5,5,5,OK,OK,解熱鎮痛成分に関する記述の正誤について、正しい組み合わせはどれか。,解熱鎮痛成分に関する記述の正誤について、正しい組み合わせはどれか。
4,46,6,R4-PM-06,3,午後,6,4,4,4,OK,OK,鎮痛の目的で用いられる漢方処方製剤に関する記述のうち、誤っているものはどれか。,鎮痛の目的で用いられる漢方処方製剤に関する記述のうち、誤っているものはどれか。
4,47,7,R4-PM-07,3,午後,7,3,3,3,OK,OK,眠気を促す薬及び眠気を防ぐ薬に関する記述の正誤について、正しい組み合わせはどれか。,眠気を促す薬及び眠気を防ぐ薬に関する記述の正誤について、正しい組み合わせはどれか。
4,48,8,R4-PM-08,3,午後,8,1,1,1,OK,OK,鎮暈薬に関する記述の正誤について、正しい組み合わせはどれか。,鎮暈薬に関する記述の正誤について、正しい組み合わせはどれか。
4,49,9,R4-PM-09,3,午後,9,4,4,4,OK,OK,次の成分を含む咳止め・痰を出しやすくする薬（鎮咳去痰薬）に関する記述のうち、正しいものの組み合わせはどれか。,次の成分を含む咳止め・痰を出しやすくする薬（鎮咳去痰薬）に関する記述のうち、正しいものの組み合わせはどれか。60mL 中ジヒドロコデインリン酸塩 30mgグアイフェネシン 170mgクロルフェニラミンマレイン酸塩 12mg無水カフェイン 62mg
4,50,10,R4-PM-10,3,午後,10,4,4,4,OK,OK,咳止め・痰を出しやすくする目的で用いられる漢方処方製剤に関する記述の正誤について、正しい組み合わせはどれか。,咳止め・痰を出しやすくする目的で用いられる漢方処方製剤に関する記述の正誤について、正しい組み合わせはどれか。
4,51,11,R4-PM-11,3,午後,11,3,3,3,OK,OK,胃に作用する薬の配合成分とその配合目的に関する記述について、正しいものの組み合わせはどれか。,胃に作用する薬の配合成分とその配合目的に関する記述について、正しいものの組み合わせはどれか。【配合成分】 【配合目的】
4,52,12,R4-PM-12,3,午後,12,2,2,2,OK,OK,胃に作用する薬に関する記述の正誤について、正しい組み合わせはどれか。,胃に作用する薬に関する記述の正誤について、正しい組み合わせはどれか。
4,53,13,R4-PM-13,3,午後,13,2,2,2,OK,OK,腸の薬の配合成分とその配合目的に関する記述について、正しいものの組み合わせはどれか。,腸の薬の配合成分とその配合目的に関する記述について、正しいものの組み合わせはどれか。【配合成分】 【配合目的】
4,54,14,R4-PM-14,3,午後,14,5,5,5,OK,OK,腸の薬に関する記述の正誤について、正しい組み合わせはどれか。,腸の薬に関する記述の正誤について、正しい組み合わせはどれか。
4,55,15,R4-PM-15,3,午後,15,3,3,3,OK,OK,以下の腸の不調を改善する目的で用いられる漢方処方製剤に関する記述について、あてはまるものはどれか。,以下の腸の不調を改善する目的で用いられる漢方処方製剤に関する記述について、あてはまるものはどれか。便秘、便秘に伴う頭重、のぼせ、湿疹・皮膚炎、ふきでもの（にきび）、食欲不振（食欲減退）などの症状の緩和に適すとされるが、体の虚弱な人（体力の衰えている人、体の弱い人）、胃腸が弱く下痢しやすい人では、激しい腹痛を伴う下痢等の副作用が現れやすい等、不向きとされる。
4,56,16,R4-PM-16,3,午後,16,1,1,1,OK,OK,胃腸鎮痛鎮痙薬やその配合成分に関する記述のうち、正しいものの組み合わせはどれか。,胃腸鎮痛鎮痙薬やその配合成分に関する記述のうち、正しいものの組み合わせはどれか。
4,57,17,R4-PM-17,3,午後,17,4,4,4,OK,OK,浣腸薬及び駆虫薬に関する記述の正誤について、正しい組み合わせはどれか。,浣腸薬及び駆虫薬に関する記述の正誤について、正しい組み合わせはどれか。
4,58,18,R4-PM-18,3,午後,18,5,5,5,OK,OK,強心薬に関する以下の記述について、（ ）の中に入れるべき字句の正しい組み合わせはどれか。,強心薬に関する以下の記述について、（ ）の中に入れるべき字句の正しい組み合わせはどれか。強心薬は、疲労やストレス等による（ ａ ）の心臓の働きの乱れについて、心臓の働きを整えて、動悸や息切れ等の症状の改善を目的とする医薬品である。心筋に作用して、その収縮力を高めるとされる代表的な成分として（ ｂ ）があり、一般用医薬品では、１日用量が（ ｃ ）以下となるように用法・用量が定められている。
4,59,19,R4-PM-19,3,午後,19,4,4,4,OK,OK,コレステロール及び高コレステロール改善薬の配合成分に関する記述の正誤について、正しい組み合わせはどれか。,コレステロール及び高コレステロール改善薬の配合成分に関する記述の正誤について、正しい組み合わせはどれか。
4,60,20,R4-PM-20,3,午後,20,3,3,3,OK,OK,貧血及び貧血用薬に関する記述のうち、正しいものの組み合わせはどれか。,貧血及び貧血用薬に関する記述のうち、正しいものの組み合わせはどれか。
4,61,21,R4-PM-21,3,午後,21,3,3,3,OK,OK,痔の薬の配合成分とその配合目的に関する記述のうち、正しいものの組み合わせはどれか。,痔の薬の配合成分とその配合目的に関する記述のうち、正しいものの組み合わせはどれか。【配合成分】 【配合目的】
4,62,22,R4-PM-22,3,午後,22,2,2,2,OK,OK,泌尿器用薬として用いられる配合成分及び漢方処方製剤に関する記述のうち、誤っているものはどれか。,泌尿器用薬として用いられる配合成分及び漢方処方製剤に関する記述のうち、誤っているものはどれか。
4,63,23,R4-PM-23,3,午後,23,1,1,1,OK,OK,月経及び婦人薬の適用対象となる体質・症状に関する記述のうち、正しいものの組み合わせはどれか。,月経及び婦人薬の適用対象となる体質・症状に関する記述のうち、正しいものの組み合わせはどれか。
4,64,24,R4-PM-24,3,午後,24,4,4,4,OK,OK,婦人薬に関する記述の正誤について、正しい組み合わせはどれか。,婦人薬に関する記述の正誤について、正しい組み合わせはどれか。
4,65,25,R4-PM-25,3,午後,25,3,3,3,OK,OK,内服アレルギー用薬の漢方処方製剤に関する記述のうち、正しいものの組み合わせはどれか。,内服アレルギー用薬の漢方処方製剤に関する記述のうち、正しいものの組み合わせはどれか。いんちんこうとう しん い せいはいとう
4,66,26,R4-PM-26,3,午後,26,5,5,5,OK,OK,点鼻薬に関する以下の記述について、（ ）の中に入れるべき字句の正しい組み合わせはどれか。,点鼻薬に関する以下の記述について、（ ）の中に入れるべき字句の正しい組み合わせはどれか。鼻炎用点鼻薬は、（ ａ ）、アレルギー性鼻炎又は副鼻腔炎による諸症状のうち、鼻づまり、鼻みず（鼻汁過多）、くしゃみ、頭重（頭が重い）の緩和を目的として、鼻腔内に適用される外用液剤である。鼻炎用内服薬との主な違いとしては、（ ｂ ）が主体となっていることである。
4,67,27,R4-PM-27,3,午後,27,4,4,4,OK,OK,次の成分を含む点鼻薬に関する記述のうち、正しいものの組み合わせはどれか。,次の成分を含む点鼻薬に関する記述のうち、正しいものの組み合わせはどれか。１mL 中ナファゾリン塩酸塩 0.5mgクロルフェニラミンマレイン酸塩 5.0mgリドカイン塩酸塩 3.0mgベンゼトニウム塩化物 0.2mg
4,68,28,R4-PM-28,3,午後,28,1,1,1,OK,OK,眼科用薬に関する記述の正誤について、正しい組み合わせはどれか。,眼科用薬に関する記述の正誤について、正しい組み合わせはどれか。
4,69,29,R4-PM-29,3,午後,29,3,3,3,OK,OK,眼科用薬の配合成分に関する記述のうち、誤っているものはどれか。,眼科用薬の配合成分に関する記述のうち、誤っているものはどれか。
4,70,30,R4-PM-30,3,午後,30,4,4,4,OK,OK,皮膚に用いる薬に関する記述のうち、正しいものの組み合わせはどれか。,皮膚に用いる薬に関する記述のうち、正しいものの組み合わせはどれか。
4,71,31,R4-PM-31,3,午後,31,4,4,4,OK,OK,皮膚に用いる薬に関する記述の正誤について、正しい組み合わせはどれか。,皮膚に用いる薬に関する記述の正誤について、正しい組み合わせはどれか。
4,72,32,R4-PM-32,3,午後,32,2,2,2,OK,OK,皮膚に用いる薬の配合成分に関する記述のうち、正しいものの組み合わせはどれか。,皮膚に用いる薬の配合成分に関する記述のうち、正しいものの組み合わせはどれか。
4,73,33,R4-PM-33,3,午後,33,2,2,2,OK,OK,歯痛・歯槽膿漏及びそれらに用いられる薬に関する記述のうち、正しいものはどれか。,歯痛・歯槽膿漏及びそれらに用いられる薬に関する記述のうち、正しいものはどれか。
4,74,34,R4-PM-34,3,午後,34,1,1,1,OK,OK,禁煙補助剤に関する以下の記述について、（ ）の中に入れるべき字句の正しい組み合わせはどれか。,禁煙補助剤に関する以下の記述について、（ ）の中に入れるべき字句の正しい組み合わせはどれか。禁煙補助剤は、ニコチン置換療法に使用される、ニコチンを有効成分とする医薬品であり、咀 嚼 剤とパッチ製剤がある。禁煙補助剤は口腔内が酸性になるとニコチンの吸収が低下するため、（ ａ ）などを摂取した後しばらくは使用を避ける必要がある。また、（ ｂ ）系を興奮させる作用を示すため、（ ｃ ）が配合された医薬品（鎮咳去痰薬、痔疾用薬等）との併用により、その作用を増強させるおそれがある。
4,75,35,R4-PM-35,3,午後,35,2,2,2,OK,OK,滋養強壮保健薬に関する記述の正誤について、正しい組み合わせはどれか。,滋養強壮保健薬に関する記述の正誤について、正しい組み合わせはどれか。
4,76,36,R4-PM-36,3,午後,36,4,4,4,OK,OK,肥満症又は肥胖症に用いられる漢方処方製剤に関する記述のうち、誤っているものはどれか。,肥満症又は肥胖症に用いられる漢方処方製剤に関する記述のうち、誤っているものはどれか。
4,77,37,R4-PM-37,3,午後,37,1,1,1,OK,OK,消毒薬に関する記述のうち、正しいものの組み合わせはどれか。,消毒薬に関する記述のうち、正しいものの組み合わせはどれか。
4,78,38,R4-PM-38,3,午後,38,2,2,2,OK,OK,殺虫剤の配合成分とその作用機序に関する記述のうち、正しいものの組み合わせはどれか。,殺虫剤の配合成分とその作用機序に関する記述のうち、正しいものの組み合わせはどれか。【配合成分】 【作用機序】
4,79,39,R4-PM-39,3,午後,39,3,3,3,OK,OK,一般用検査薬に関する記述のうち、正しいものの組み合わせはどれか。,一般用検査薬に関する記述のうち、正しいものの組み合わせはどれか。
4,80,40,R4-PM-40,3,午後,40,4,4,4,OK,OK,尿糖・尿タンパク検査薬に関する記述の正誤について、正しい組み合わせはどれか。,尿糖・尿タンパク検査薬に関する記述の正誤について、正しい組み合わせはどれか。
4,81,1,R4-AM-41,4,午前,41,1,1,1,OK,OK,医薬品、医療機器等の品質、有効性及び安全性の確保等に関する法律（昭和 35 年法律第 145 号）に関する記述のうち、誤っているものはどれか。,医薬品、医療機器等の品質、有効性及び安全性の確保等に関する法律（昭和 35 年法律第 145 号）に関する記述のうち、誤っているものはどれか。
4,82,2,R4-AM-42,4,午前,42,2,2,2,OK,OK,販売従事登録に関する記述の正誤について、正しい組み合わせはどれか。,販売従事登録に関する記述の正誤について、正しい組み合わせはどれか。
4,83,3,R4-AM-43,4,午前,43,3,3,3,OK,OK,医薬品の定義と範囲及び取扱いに関する記述の正誤について、正しい組み合わせはどれか。,医薬品の定義と範囲及び取扱いに関する記述の正誤について、正しい組み合わせはどれか。
4,84,4,R4-AM-44,4,午前,44,3,3,3,OK,OK,一般用医薬品及び要指導医薬品に関する記述のうち、正しいものの組み合わせはどれか。,一般用医薬品及び要指導医薬品に関する記述のうち、正しいものの組み合わせはどれか。
4,85,5,R4-AM-45,4,午前,45,5,5,5,OK,OK,毒薬・劇薬に関する以下の表について、（ ）の中に入れるべき字句の正しい組み合わせはどれか。,毒薬・劇薬に関する以下の表について、（ ）の中に入れるべき字句の正しい組み合わせはどれか。毒薬 劇薬直接の容器又は （ ａ ）で品名及び「毒」の 白地に赤枠、赤字で品名及び被包への表示 文字 「劇」の文字貯蔵・陳列 ・他の物と区別する ・他の物と区別する・鍵を施す必要（ ｂ ） ・鍵を施す必要（ ｃ ）交付制限 （ ｄ ）歳未満の者その他安全な取扱いに不安のある者に交付することは禁止されている
4,86,6,R4-AM-46,4,午前,46,3,3,3,OK,OK,医薬品、医療機器等の品質、有効性及び安全性の確保等に関する法律（昭和 35 年法律第 145 号）第 50 条の規定に基づき、医薬品の直接の容器又は被包に記載しなければならない事項のうち、正しいものの組み合わせはどれか。,医薬品、医療機器等の品質、有効性及び安全性の確保等に関する法律（昭和 35 年法律第 145 号）第 50 条の規定に基づき、医薬品の直接の容器又は被包に記載しなければならない事項のうち、正しいものの組み合わせはどれか。
4,87,7,R4-AM-47,4,午前,47,2,2,2,OK,OK,医薬部外品及び化粧品に関する記述のうち、正しいものはどれか。,医薬部外品及び化粧品に関する記述のうち、正しいものはどれか。
4,88,8,R4-AM-48,4,午前,48,2,2,2,OK,OK,食品に関する記述の正誤について、正しい組み合わせはどれか。,食品に関する記述の正誤について、正しい組み合わせはどれか。
4,89,9,R4-AM-49,4,午前,49,3,3,3,OK,OK,薬局に関する記述のうち、誤っているものはどれか。,薬局に関する記述のうち、誤っているものはどれか。
4,90,10,R4-AM-50,4,午前,50,1,1,1,OK,OK,店舗販売業に関する記述の正誤について、正しい組み合わせはどれか。,店舗販売業に関する記述の正誤について、正しい組み合わせはどれか。
4,91,11,R4-AM-51,4,午前,51,2,2,2,OK,OK,配置販売業に関する記述のうち、正しいものの組み合わせはどれか。,配置販売業に関する記述のうち、正しいものの組み合わせはどれか。
4,92,12,R4-AM-52,4,午前,52,5,5,5,OK,OK,店舗販売業者における医薬品のリスク区分に関する記述の正誤について、正しい組み合わせはどれか。,店舗販売業者における医薬品のリスク区分に関する記述の正誤について、正しい組み合わせはどれか。
4,93,13,R4-AM-53,4,午前,53,5,5,5,OK,OK,医薬品の陳列に関する記述の正誤について、正しい組み合わせはどれか。,医薬品の陳列に関する記述の正誤について、正しい組み合わせはどれか。
4,94,14,R4-AM-54,4,午前,54,4,4,4,OK,OK,薬局開設者が、薬局の見やすい位置に掲示板で掲示しなければならない事項の正誤について、正しい組み合わせはどれか。,薬局開設者が、薬局の見やすい位置に掲示板で掲示しなければならない事項の正誤について、正しい組み合わせはどれか。
4,95,15,R4-AM-55,4,午前,55,3,3,3,OK,OK,店舗販売業者がインターネットを利用して特定販売を行うことについて広告をするとき、ホームページに見やすく表示しなければならない情報のうち、正しいものの組み合わせはどれか。,店舗販売業者がインターネットを利用して特定販売を行うことについて広告をするとき、ホームページに見やすく表示しなければならない情報のうち、正しいものの組み合わせはどれか。
4,96,16,R4-AM-56,4,午前,56,1,1,1,OK,OK,複数の店舗について許可を受けている店舗販売業者が、当該業者内の異なる店舗間で一般用医薬品を移転するとき、移転先及び移転元のそれぞれの店舗ごとに、記録しなければならない事項のうち、正しいものの組み合わせはどれか。,複数の店舗について許可を受けている店舗販売業者が、当該業者内の異なる店舗間で一般用医薬品を移転するとき、移転先及び移転元のそれぞれの店舗ごとに、記録しなければならない事項のうち、正しいものの組み合わせはどれか。
4,97,17,R4-AM-57,4,午前,57,2,2,2,OK,OK,濫用等のおそれのあるものとして厚生労働大臣が指定する医薬品（平成 26 年厚生労働省告示第 252 号）に関する記述のうち、正しいものの組み合わせはどれか。,濫用等のおそれのあるものとして厚生労働大臣が指定する医薬品（平成 26 年厚生労働省告示第 252 号）に関する記述のうち、正しいものの組み合わせはどれか。
4,98,18,R4-AM-58,4,午前,58,2,2,2,OK,OK,医薬品の広告及び医薬品等適正広告基準（平成 29 年９月 29 日付け薬生発 0929 第４号厚生労働省医薬・生活衛生局長通知）に関する記述のうち、誤っているものはどれか。,医薬品の広告及び医薬品等適正広告基準（平成 29 年９月 29 日付け薬生発 0929 第４号厚生労働省医薬・生活衛生局長通知）に関する記述のうち、誤っているものはどれか。
4,99,19,R4-AM-59,4,午前,59,1,1,1,OK,OK,医薬品の販売方法に関する記述のうち、正しいものの組み合わせはどれか。,医薬品の販売方法に関する記述のうち、正しいものの組み合わせはどれか。
4,100,20,R4-AM-60,4,午前,60,4,4,4,OK,OK,医薬品、医療機器等の品質、有効性及び安全性の確保等に関する法律（昭和 35 年法律第 145 号）に基づく行政庁の監視指導及び処分に関する記述の正誤について、正しい組み合わせはどれか。,医薬品、医療機器等の品質、有効性及び安全性の確保等に関する法律（昭和 35 年法律第 145 号）に基づく行政庁の監視指導及び処分に関する記述の正誤について、正しい組み合わせはどれか。
4,101,1,R4-PM-41,5,午後,41,1,1,1,OK,OK,一般用医薬品（人体に直接使用しない検査薬を除く。）の添付文書に関する記述の正誤について、正しい組み合わせはどれか。,一般用医薬品（人体に直接使用しない検査薬を除く。）の添付文書に関する記述の正誤について、正しい組み合わせはどれか。
4,102,2,R4-PM-42,5,午後,42,4,4,4,OK,OK,一般用医薬品の添付文書に関する記述のうち、誤っているものはどれか。,一般用医薬品の添付文書に関する記述のうち、誤っているものはどれか。
4,103,3,R4-PM-43,5,午後,43,2,2,2,OK,OK,一般用医薬品の添付文書の使用上の注意において、「次の人は使用（服用）しないこと」の項目中に、「本剤又は本剤の成分、牛乳によるアレルギー症状を起こしたことがある人」と記載することとされている成分として、正しいものはどれか。,一般用医薬品の添付文書の使用上の注意において、「次の人は使用（服用）しないこと」の項目中に、「本剤又は本剤の成分、牛乳によるアレルギー症状を起こしたことがある人」と記載することとされている成分として、正しいものはどれか。
4,104,4,R4-PM-44,5,午後,44,3,3,3,OK,OK,ある一般用医薬品を薬局で購入し、使用した者が、以下の症状を訴えている。この者が購入した一般用医薬品に含まれていたと考えられる医薬品の成分として正しいものはどれか。,ある一般用医薬品を薬局で購入し、使用した者が、以下の症状を訴えている。この者が購入した一般用医薬品に含まれていたと考えられる医薬品の成分として正しいものはどれか。【症状】肘が痛かったので、この貼付剤を使っていたが、貼付した部位に沿って、かぶれ症状が現れた。購入する際に登録販売者の方に、「使用中と貼付後も当分の間は、貼付部を紫外線に当てないように」と言われていたが、暑かったので半袖になって、貼付部をサポーター等で覆わずに一日外出していた。
4,105,5,R4-PM-45,5,午後,45,2,2,2,OK,OK,一般用医薬品の添付文書における使用上の注意の記載に関する記述のうち、正しいものの組み合わせはどれか。,一般用医薬品の添付文書における使用上の注意の記載に関する記述のうち、正しいものの組み合わせはどれか。
4,106,6,R4-PM-46,5,午後,46,4,4,4,OK,OK,一般用医薬品の添付文書における使用上の注意の記載に関する記述のうち、正しいものの組み合わせはどれか。,一般用医薬品の添付文書における使用上の注意の記載に関する記述のうち、正しいものの組み合わせはどれか。
4,107,7,R4-PM-47,5,午後,47,4,4,4,OK,OK,一般用医薬品の添付文書における使用上の注意の記載に関する記述の正誤について、正しい組み合わせはどれか。,一般用医薬品の添付文書における使用上の注意の記載に関する記述の正誤について、正しい組み合わせはどれか。
4,108,8,R4-PM-48,5,午後,48,3,3,3,OK,OK,一般用医薬品の添付文書の使用上の注意において、含有する成分によらず、「してはいけないこと」の項目中に、「長期連用しないこと」と記載することとされている薬効群として、正しいものの組み合わせはどれか。,一般用医薬品の添付文書の使用上の注意において、含有する成分によらず、「してはいけないこと」の項目中に、「長期連用しないこと」と記載することとされている薬効群として、正しいものの組み合わせはどれか。
4,109,9,R4-PM-49,5,午後,49,2,2,2,OK,OK,以下の医薬品の剤形のうち、開封後は冷蔵庫内での保管が望ましいとされているものはどれか。,以下の医薬品の剤形のうち、開封後は冷蔵庫内での保管が望ましいとされているものはどれか。
4,110,10,R4-PM-50,5,午後,50,5,5,5,OK,OK,一般用医薬品の製品表示に関する記述の正誤について、正しい組み合わせはどれか。,一般用医薬品の製品表示に関する記述の正誤について、正しい組み合わせはどれか。
4,111,11,R4-PM-51,5,午後,51,5,5,5,OK,OK,緊急安全性情報及び安全性速報に関する記述のうち、正しいものの組み合わせはどれか。,緊急安全性情報及び安全性速報に関する記述のうち、正しいものの組み合わせはどれか。
4,112,12,R4-PM-52,5,午後,52,2,2,2,OK,OK,医薬品の安全対策に関する記述の正誤について、正しい組み合わせはどれか。,医薬品の安全対策に関する記述の正誤について、正しい組み合わせはどれか。
4,113,13,R4-PM-53,5,午後,53,5,5,5,OK,OK,医薬品、医療機器等の品質、有効性及び安全性の確保等に関する法律（昭和 35 年法律第 145 号）第 68 条の 10 第２項の規定に基づく医薬品の副作用等の報告に関する記述の正誤について、正しい組み合わせはどれか。,医薬品、医療機器等の品質、有効性及び安全性の確保等に関する法律（昭和 35 年法律第 145 号）第 68 条の 10 第２項の規定に基づく医薬品の副作用等の報告に関する記述の正誤について、正しい組み合わせはどれか。
4,114,14,R4-PM-54,5,午後,54,4,4,4,OK,OK,医薬品、医療機器等の品質、有効性及び安全性の確保等に関する法律（昭和 35 年法律第 145 号）第 68 条の 10 第２項の規定に基づく医薬品の副作用等の報告に関する記述のうち、正しいものの組み合わせはどれか。,医薬品、医療機器等の品質、有効性及び安全性の確保等に関する法律（昭和 35 年法律第 145 号）第 68 条の 10 第２項の規定に基づく医薬品の副作用等の報告に関する記述のうち、正しいものの組み合わせはどれか。
4,115,15,R4-PM-55,5,午後,55,2,2,2,OK,OK,医薬品副作用被害救済制度に関する記述のうち、正しいものはどれか。,医薬品副作用被害救済制度に関する記述のうち、正しいものはどれか。
4,116,16,R4-PM-56,5,午後,56,1,1,1,OK,OK,医薬品副作用被害救済制度の救済給付の支給対象範囲に関する記述の正誤について、正しい組み合わせはどれか。,医薬品副作用被害救済制度の救済給付の支給対象範囲に関する記述の正誤について、正しい組み合わせはどれか。
4,117,17,R4-PM-57,5,午後,57,3,3,3,OK,OK,以下の医薬品副作用被害救済制度の給付の種類のうち、請求期限がないものはどれか。,以下の医薬品副作用被害救済制度の給付の種類のうち、請求期限がないものはどれか。
4,118,18,R4-PM-58,5,午後,58,5,5,5,OK,OK,医薬品ＰＬセンターに関する記述の正誤について、正しい組み合わせはどれか。,医薬品ＰＬセンターに関する記述の正誤について、正しい組み合わせはどれか。
4,119,19,R4-PM-59,5,午後,59,5,5,5,OK,OK,一般用医薬品の安全対策に関する記述について、正しいものの組み合わせはどれか。,一般用医薬品の安全対策に関する記述について、正しいものの組み合わせはどれか。
4,120,20,R4-PM-60,5,午後,60,2,2,2,OK,OK,塩酸フェニルプロパノールアミン（ＰＰＡ）含有医薬品に関する以下の記述について、（ ）の中に入れるべき字句の正しい組み合わせはどれか。,塩酸フェニルプロパノールアミン（ＰＰＡ）含有医薬品に関する以下の記述について、（ ）の中に入れるべき字句の正しい組み合わせはどれか。日本では、2003 年８月までに、ＰＰＡが配合された一般用医薬品による（ ａ ）等の副作用症例が複数報告され、それらの多くが用法・用量の範囲を超えた使用又は禁忌とされている（ ｂ ）患者の使用によるものであった。そのため、厚生労働省から関係製薬企業等に対して、使用上の注意の改訂、情報提供の徹底等を行うとともに、代替成分として（ ｃ ）等への速やかな切替えにつき指示がなされた。
5,1,1,R5-AM-01,1,午前,1,2,2,2,OK,OK,医薬品の副作用に関する記述の正誤について、正しい組み合わせはどれか。,医薬品の副作用に関する記述の正誤について、正しい組み合わせはどれか。
5,2,2,R5-AM-02,1,午前,2,1,1,1,OK,OK,いわゆる健康食品に関する記述の正誤について、正しい組み合わせはどれか。,いわゆる健康食品に関する記述の正誤について、正しい組み合わせはどれか。
5,3,3,R5-AM-03,1,午前,3,5,5,5,OK,OK,他の医薬品や食品との相互作用に関する記述の正誤について、正しい組み合わせはどれか。,他の医薬品や食品との相互作用に関する記述の正誤について、正しい組み合わせはどれか。
5,4,4,R5-AM-04,1,午前,4,4,4,4,OK,OK,医薬品のリスク評価に関する記述のうち、正しいものの組み合わせはどれか。,医薬品のリスク評価に関する記述のうち、正しいものの組み合わせはどれか。
5,5,5,R5-AM-05,1,午前,5,1,1,1,OK,OK,医薬品の本質に関する記述の正誤について、正しい組み合わせはどれか。,医薬品の本質に関する記述の正誤について、正しい組み合わせはどれか。
5,6,6,R5-AM-06,1,午前,6,5,5,5,OK,OK,小児への医薬品使用等に関する記述の正誤について、正しい組み合わせはどれか。,小児への医薬品使用等に関する記述の正誤について、正しい組み合わせはどれか。
5,7,7,R5-AM-07,1,午前,7,4,4,4,OK,OK,高齢者への医薬品使用等に関する記述のうち、正しいものはどれか。,高齢者への医薬品使用等に関する記述のうち、正しいものはどれか。
5,8,8,R5-AM-08,1,午前,8,5,5,5,OK,OK,妊婦又は妊娠していると思われる女性及び母乳を与える女性（授乳婦）への医薬品の使用等に関する記述のうち、正しいものの組み合わせはどれか。,妊婦又は妊娠していると思われる女性及び母乳を与える女性（授乳婦）への医薬品の使用等に関する記述のうち、正しいものの組み合わせはどれか。
5,9,9,R5-AM-09,1,午前,9,2,2,2,OK,OK,プラセボ効果に関する記述のうち、正しいものの組み合わせはどれか。,プラセボ効果に関する記述のうち、正しいものの組み合わせはどれか。
5,10,10,R5-AM-10,1,午前,10,1,1,1,OK,OK,セルフメディケーションに関する記述の正誤について、正しい組み合わせはどれか。,セルフメディケーションに関する記述の正誤について、正しい組み合わせはどれか。
5,11,11,R5-AM-11,1,午前,11,3,3,3,OK,OK,アレルギー（過敏反応）に関する記述の正誤について、正しい組み合わせはどれか。,アレルギー（過敏反応）に関する記述の正誤について、正しい組み合わせはどれか。
5,12,12,R5-AM-12,1,午前,12,4,4,4,OK,OK,医薬品の品質に関する記述の正誤について、正しい組み合わせはどれか。,医薬品の品質に関する記述の正誤について、正しい組み合わせはどれか。
5,13,13,R5-AM-13,1,午前,13,5,5,5,OK,OK,一般用医薬品の役割に関する記述のうち、誤っているものはどれか。,一般用医薬品の役割に関する記述のうち、誤っているものはどれか。
5,14,14,R5-AM-14,1,午前,14,4,4,4,OK,OK,一般用医薬品の定義に関する以下の記述について、（ ）の中に入れるべき字句の正しい組み合わせはどれか。,一般用医薬品の定義に関する以下の記述について、（ ）の中に入れるべき字句の正しい組み合わせはどれか。一般用医薬品は、医薬品医療機器等法第４条第５項第４号において「医薬品のうち、その（ ａ ）において人体に対する作用が著しくないものであって、（ ｂ ）その他の医薬関係者から提供された情報に基づく需要者の選択により使用されることが目的とされているもの（（ ｃ ）を除く。）」と定義されている。
5,15,15,R5-AM-15,1,午前,15,4,4,4,OK,OK,医療機関で治療を受けている人等への配慮に関する記述の正誤について、正しい組み合わせはどれか。,医療機関で治療を受けている人等への配慮に関する記述の正誤について、正しい組み合わせはどれか。
5,16,16,R5-AM-16,1,午前,16,1,1,1,OK,OK,医薬品の適正使用と副作用に関する記述の正誤について、正しい組み合わせはどれか。,医薬品の適正使用と副作用に関する記述の正誤について、正しい組み合わせはどれか。
5,17,17,R5-AM-17,1,午前,17,1,1,1,OK,OK,サリドマイドに関する記述の正誤について、正しい組み合わせはどれか。,サリドマイドに関する記述の正誤について、正しい組み合わせはどれか。
5,18,18,R5-AM-18,1,午前,18,5,5,5,OK,OK,ヒト免疫不全ウイルス（ＨＩＶ）訴訟に関する記述の正誤について、正しい組み合わせはどれか。,ヒト免疫不全ウイルス（ＨＩＶ）訴訟に関する記述の正誤について、正しい組み合わせはどれか。
5,19,19,R5-AM-19,1,午前,19,3,3,3,OK,OK,クロイツフェルト・ヤコブ病（ＣＪＤ）に関する記述の正誤について、正しい組み合わせはどれか。,クロイツフェルト・ヤコブ病（ＣＪＤ）に関する記述の正誤について、正しい組み合わせはどれか。
5,20,20,R5-AM-20,1,午前,20,2,2,2,OK,OK,亜急性脊髄視神経症（スモン）に関する記述のうち、正しいものの組み合わせはどれか。,亜急性脊髄視神経症（スモン）に関する記述のうち、正しいものの組み合わせはどれか。
5,21,1,R5-AM-21,2,午前,21,3,3,3,OK,OK,肝臓に関する記述のうち、誤っているものはどれか。,肝臓に関する記述のうち、誤っているものはどれか。
5,22,2,R5-AM-22,2,午前,22,4,4,4,OK,OK,大腸に関する記述のうち、正しいものの組み合わせはどれか。,大腸に関する記述のうち、正しいものの組み合わせはどれか。
5,23,3,R5-AM-23,2,午前,23,1,1,1,OK,OK,呼吸器系に関する記述の正誤について、正しい組み合わせはどれか。,呼吸器系に関する記述の正誤について、正しい組み合わせはどれか。
5,24,4,R5-AM-24,2,午前,24,3,3,3,OK,OK,血液に関する記述のうち、誤っているものはどれか。,血液に関する記述のうち、誤っているものはどれか。
5,25,5,R5-AM-25,2,午前,25,2,2,2,OK,OK,泌尿器系に関する記述のうち、正しいものの組み合わせはどれか。,泌尿器系に関する記述のうち、正しいものの組み合わせはどれか。
5,26,6,R5-AM-26,2,午前,26,5,5,5,OK,OK,目に関する記述の正誤について、正しい組み合わせはどれか。,目に関する記述の正誤について、正しい組み合わせはどれか。
5,27,7,R5-AM-27,2,午前,27,2,2,2,OK,OK,鼻及び耳に関する記述のうち、正しいものの組み合わせはどれか。,鼻及び耳に関する記述のうち、正しいものの組み合わせはどれか。
5,28,8,R5-AM-28,2,午前,28,1,1,1,OK,OK,外皮系に関する以下の記述について、（ ）の中に入れるべき字句の正しい組み合わせはどれか。なお、２か所の（ ｂ ）内はいずれも同じ字句が入る。,外皮系に関する以下の記述について、（ ）の中に入れるべき字句の正しい組み合わせはどれか。なお、２か所の（ ｂ ）内はいずれも同じ字句が入る。皮膚の色は、（ ａ ）に沈着した（ ｂ ）色素によるものである。（ ｂ ）色素は、メラノサイトで産生され、太陽光に含まれる（ ｃ ）から皮膚組織を防護する役割がある。
5,29,9,R5-AM-29,2,午前,29,1,1,1,OK,OK,骨格系及び筋組織に関する記述のうち、正しいものはどれか。,骨格系及び筋組織に関する記述のうち、正しいものはどれか。
5,30,10,R5-AM-30,2,午前,30,2,2,2,OK,OK,脳や神経系に関する記述のうち、誤っているものはどれか。,脳や神経系に関する記述のうち、誤っているものはどれか。
5,31,11,R5-AM-31,2,午前,31,5,5,5,OK,OK,医薬品の吸収に関する記述の正誤について、正しい組み合わせはどれか。,医薬品の吸収に関する記述の正誤について、正しい組み合わせはどれか。
5,32,12,R5-AM-32,2,午前,32,3,3,3,OK,OK,医薬品の代謝、排泄に関する記述のうち、正しいものはどれか。,医薬品の代謝、排泄に関する記述のうち、正しいものはどれか。
5,33,13,R5-AM-33,2,午前,33,4,4,4,OK,OK,以下の記述について、最もあてはまる医薬品の剤形はどれか。,以下の記述について、最もあてはまる医薬品の剤形はどれか。口の中で舐めたり噛み砕いたりして服用する剤形であり、水なしでも服用できる。
5,34,14,R5-AM-34,2,午前,34,3,3,3,OK,OK,全身的に現れる副作用に関する記述のうち、正しいものの組み合わせはどれか。,全身的に現れる副作用に関する記述のうち、正しいものの組み合わせはどれか。
5,35,15,R5-AM-35,2,午前,35,4,4,4,OK,OK,皮膚粘膜眼症候群及び中毒性表皮壊死融解症に関する記述のうち、誤っているものはどれか。,皮膚粘膜眼症候群及び中毒性表皮壊死融解症に関する記述のうち、誤っているものはどれか。
5,36,16,R5-AM-36,2,午前,36,5,5,5,OK,OK,精神神経系に現れる副作用に関する記述の正誤について、正しい組み合わせはどれか。,精神神経系に現れる副作用に関する記述の正誤について、正しい組み合わせはどれか。
5,37,17,R5-AM-37,2,午前,37,3,3,3,OK,OK,消化器系に現れる副作用や病気に関する記述のうち、正しいものの組み合わせはどれか。,消化器系に現れる副作用や病気に関する記述のうち、正しいものの組み合わせはどれか。
5,38,18,R5-AM-38,2,午前,38,4,4,4,OK,OK,循環器系に現れる副作用や病気に関する記述の正誤について、正しい組み合わせはどれか。,循環器系に現れる副作用や病気に関する記述の正誤について、正しい組み合わせはどれか。
5,39,19,R5-AM-39,2,午前,39,1,1,1,OK,OK,感覚器系に現れる副作用に関する以下の記述について、（ ）の中に入れるべき字句の正しい組み合わせはどれか。,感覚器系に現れる副作用に関する以下の記述について、（ ）の中に入れるべき字句の正しい組み合わせはどれか。眼球内の角膜と水晶体の間を満たしている（ ａ ）が排出されにくくなると、眼圧が上昇して視覚障害を生じることがある。例えば、（ ｂ ）がある成分が配合された医薬品によって眼圧が上昇し、眼痛や眼の充血に加え、急激な視力低下を来すことがある。特に閉塞隅角（ ｃ ）がある人では厳重な注意が必要である。
5,40,20,R5-AM-40,2,午前,40,2,2,2,OK,OK,皮膚に現れる副作用に関する記述の正誤について、正しい組み合わせはどれか。,皮膚に現れる副作用に関する記述の正誤について、正しい組み合わせはどれか。
5,41,1,R5-PM-01,3,午後,1,4,4,4,OK,OK,痛みや発熱が起こる仕組み及び解熱鎮痛成分の働きに関する記述のうち、誤っているものはどれか。,痛みや発熱が起こる仕組み及び解熱鎮痛成分の働きに関する記述のうち、誤っているものはどれか。
5,42,2,R5-PM-02,3,午後,2,2,2,2,OK,OK,解熱鎮痛薬の配合成分に関する記述のうち、正しいものの組み合わせはどれか。,解熱鎮痛薬の配合成分に関する記述のうち、正しいものの組み合わせはどれか。
5,43,3,R5-PM-03,3,午後,3,1,1,1,OK,OK,次の成分を含むかぜ薬に関する記述のうち、正しいものの組み合わせはどれか。,次の成分を含むかぜ薬に関する記述のうち、正しいものの組み合わせはどれか。６カプセル中（成人１日量）アセトアミノフェン 500mgエテンザミド 400mgｄ-クロルフェニラミンマレイン酸塩 7.5mg dl-メチルエフェドリン塩酸塩 40mg無水カフェイン 120mg
5,44,4,R5-PM-04,3,午後,4,2,2,2,OK,OK,眠気を促す薬及びその配合成分に関する記述の正誤について、正しい組み合わせはどれか。,眠気を促す薬及びその配合成分に関する記述の正誤について、正しい組み合わせはどれか。
5,45,5,R5-PM-05,3,午後,5,4,4,4,OK,OK,以下の記述にあてはまる神経質、精神不安、不眠等の症状の改善を目的とした漢方処方製剤として、最も適するものはどれか。,以下の記述にあてはまる神経質、精神不安、不眠等の症状の改善を目的とした漢方処方製剤として、最も適するものはどれか。体力中等度以下で疲れやすく、神経過敏で、興奮しやすいものの神経質、不眠症、小児夜なき、夜尿症、眼精疲労、神経症に適すとされる。
5,46,6,R5-PM-06,3,午後,6,4,4,4,OK,OK,乗物酔い防止薬の配合成分に関する記述のうち、誤っているものはどれか。,乗物酔い防止薬の配合成分に関する記述のうち、誤っているものはどれか。
5,47,7,R5-PM-07,3,午後,7,2,2,2,OK,OK,鎮咳去痰薬の配合成分とその配合目的に関する記述について、正しいものの組み合わせはどれか。,鎮咳去痰薬の配合成分とその配合目的に関する記述について、正しいものの組み合わせはどれか。【配合成分】 【配合目的】
5,48,8,R5-PM-08,3,午後,8,3,3,3,OK,OK,交感神経系を刺激して気管支を拡張させる作用を示す生薬成分として、正しいものはどれか。,交感神経系を刺激して気管支を拡張させる作用を示す生薬成分として、正しいものはどれか。
5,49,9,R5-PM-09,3,午後,9,1,1,1,OK,OK,口腔咽喉薬及びうがい薬（含嗽薬）に関する記述の正誤について、正しい組み合わせはどれか。,口腔咽喉薬及びうがい薬（含嗽薬）に関する記述の正誤について、正しい組み合わせはどれか。
5,50,10,R5-PM-10,3,午後,10,1,1,1,OK,OK,口腔咽喉薬及びうがい薬（含嗽薬）の配合成分に関する記述の正誤について、正しい組み合わせはどれか。,口腔咽喉薬及びうがい薬（含嗽薬）の配合成分に関する記述の正誤について、正しい組み合わせはどれか。
5,51,11,R5-PM-11,3,午後,11,5,5,5,OK,OK,胃の薬の配合成分に関する記述のうち、正しいものの組み合わせはどれか。,胃の薬の配合成分に関する記述のうち、正しいものの組み合わせはどれか。
5,52,12,R5-PM-12,3,午後,12,4,4,4,OK,OK,以下の漢方処方製剤のうち、胃の不調を改善する目的で用いられるものはどれか。,以下の漢方処方製剤のうち、胃の不調を改善する目的で用いられるものはどれか。
5,53,13,R5-PM-13,3,午後,13,3,3,3,OK,OK,止瀉薬の配合成分に関する記述のうち、誤っているものはどれか。,止瀉薬の配合成分に関する記述のうち、誤っているものはどれか。
5,54,14,R5-PM-14,3,午後,14,5,5,5,OK,OK,瀉下成分のうち、腸管を刺激して反射的な腸の運動を引き起こすことによる瀉下作用を目的として配合される成分として、正しいものの組み合わせはどれか。,瀉下成分のうち、腸管を刺激して反射的な腸の運動を引き起こすことによる瀉下作用を目的として配合される成分として、正しいものの組み合わせはどれか。
5,55,15,R5-PM-15,3,午後,15,2,2,2,OK,OK,胃腸鎮痛鎮痙薬の配合成分とその副作用に関する記述について、誤っている組み合わせはどれか。,胃腸鎮痛鎮痙薬の配合成分とその副作用に関する記述について、誤っている組み合わせはどれか。【配合成分】 【副作用】
5,56,16,R5-PM-16,3,午後,16,1,1,1,OK,OK,浣腸薬及びその配合成分に関する記述の正誤について、正しい組み合わせはどれか。,浣腸薬及びその配合成分に関する記述の正誤について、正しい組み合わせはどれか。
5,57,17,R5-PM-17,3,午後,17,2,2,2,OK,OK,駆虫薬及びその配合成分に関する記述のうち、正しいものの組み合わせはどれか。,駆虫薬及びその配合成分に関する記述のうち、正しいものの組み合わせはどれか。
5,58,18,R5-PM-18,3,午後,18,4,4,4,OK,OK,強心薬の配合成分に関する記述のうち、正しいものはどれか。,強心薬の配合成分に関する記述のうち、正しいものはどれか。
5,59,19,R5-PM-19,3,午後,19,5,5,5,OK,OK,血中コレステロール及び高コレステロール改善薬の配合成分に関する記述の正誤について、正しい組み合わせはどれか。,血中コレステロール及び高コレステロール改善薬の配合成分に関する記述の正誤について、正しい組み合わせはどれか。
5,60,20,R5-PM-20,3,午後,20,2,2,2,OK,OK,貧血用薬及びその配合成分に関する記述の正誤について、正しい組み合わせはどれか。,貧血用薬及びその配合成分に関する記述の正誤について、正しい組み合わせはどれか。
5,61,21,R5-PM-21,3,午後,21,2,2,2,OK,OK,外用痔疾用薬の配合成分に関する記述のうち、正しいものの組み合わせはどれか。,外用痔疾用薬の配合成分に関する記述のうち、正しいものの組み合わせはどれか。
5,62,22,R5-PM-22,3,午後,22,4,4,4,OK,OK,以下の漢方処方製剤に関する記述のうち、誤っているものはどれか。,以下の漢方処方製剤に関する記述のうち、誤っているものはどれか。
5,63,23,R5-PM-23,3,午後,23,5,5,5,OK,OK,婦人薬の適用対象となる症状及び配合成分に関する記述の正誤について、正しい組み合わせはどれか。,婦人薬の適用対象となる症状及び配合成分に関する記述の正誤について、正しい組み合わせはどれか。
5,64,24,R5-PM-24,3,午後,24,2,2,2,OK,OK,内服アレルギー用薬の配合成分とその配合目的に関する記述について、正しいものの組み合わせはどれか。,内服アレルギー用薬の配合成分とその配合目的に関する記述について、正しいものの組み合わせはどれか。【配合成分】 【配合目的】
5,65,25,R5-PM-25,3,午後,25,4,4,4,OK,OK,点鼻薬及びその配合成分に関する記述のうち、正しいものの組み合わせはどれか。,点鼻薬及びその配合成分に関する記述のうち、正しいものの組み合わせはどれか。
5,66,26,R5-PM-26,3,午後,26,3,3,3,OK,OK,点眼薬に関する記述の正誤について、正しい組み合わせはどれか。,点眼薬に関する記述の正誤について、正しい組み合わせはどれか。
5,67,27,R5-PM-27,3,午後,27,1,1,1,OK,OK,次の成分を含む点眼薬に関する記述のうち、正しいものの組み合わせはどれか。,次の成分を含む点眼薬に関する記述のうち、正しいものの組み合わせはどれか。１mL 中スルファメトキサゾール 0.5 ㎎クロルフェニラミンマレイン酸塩 5.0 ㎎アズレンスルホン酸ナトリウム（水溶性アズレン） 3.0 ㎎コンドロイチン硫酸ナトリウム 0.2 ㎎
5,68,28,R5-PM-28,3,午後,28,5,5,5,OK,OK,一般的な創傷への対応及び殺菌消毒薬に関する記述のうち、正しいものの組み合わせはどれか。,一般的な創傷への対応及び殺菌消毒薬に関する記述のうち、正しいものの組み合わせはどれか。
5,69,29,R5-PM-29,3,午後,29,2,2,2,OK,OK,皮膚に用いる薬の配合成分に関する記述のうち、正しいものの組み合わせはどれか。,皮膚に用いる薬の配合成分に関する記述のうち、正しいものの組み合わせはどれか。
5,70,30,R5-PM-30,3,午後,30,1,1,1,OK,OK,白癬の治療に用いる抗真菌薬及びその配合成分に関する記述の正誤について、正しい組み合わせはどれか。,白癬の治療に用いる抗真菌薬及びその配合成分に関する記述の正誤について、正しい組み合わせはどれか。
5,71,31,R5-PM-31,3,午後,31,3,3,3,OK,OK,毛髪用薬及びその配合成分に関する記述のうち、正しいものの組み合わせはどれか。,毛髪用薬及びその配合成分に関する記述のうち、正しいものの組み合わせはどれか。
5,72,32,R5-PM-32,3,午後,32,4,4,4,OK,OK,歯痛薬及び歯槽膿漏薬の配合成分に関する記述の正誤について、正しい組み合わせはどれか。,歯痛薬及び歯槽膿漏薬の配合成分に関する記述の正誤について、正しい組み合わせはどれか。
5,73,33,R5-PM-33,3,午後,33,5,5,5,OK,OK,口内炎及び口内炎用薬に関する記述の正誤について、正しい組み合わせはどれか。,口内炎及び口内炎用薬に関する記述の正誤について、正しい組み合わせはどれか。
5,74,34,R5-PM-34,3,午後,34,2,2,2,OK,OK,禁煙補助剤に関する記述のうち、正しいものはどれか。,禁煙補助剤に関する記述のうち、正しいものはどれか。
5,75,35,R5-PM-35,3,午後,35,3,3,3,OK,OK,滋養強壮保健薬の配合成分に関する記述のうち、正しいものの組み合わせはどれか。,滋養強壮保健薬の配合成分に関する記述のうち、正しいものの組み合わせはどれか。
5,76,36,R5-PM-36,3,午後,36,3,3,3,OK,OK,漢方処方製剤に関する記述の正誤について、正しい組み合わせはどれか。,漢方処方製剤に関する記述の正誤について、正しい組み合わせはどれか。
5,77,37,R5-PM-37,3,午後,37,5,5,5,OK,OK,消毒薬及びその成分に関する記述のうち、正しいものの組み合わせはどれか。,消毒薬及びその成分に関する記述のうち、正しいものの組み合わせはどれか。
5,78,38,R5-PM-38,3,午後,38,1,1,1,OK,OK,衛生害虫及び殺虫剤、忌避剤に関する記述の正誤について、正しい組み合わせはどれか。,衛生害虫及び殺虫剤、忌避剤に関する記述の正誤について、正しい組み合わせはどれか。
5,79,39,R5-PM-39,3,午後,39,4,4,4,OK,OK,殺虫剤に関する以下の記述について、（ ）の中に入れるべき字句の正しい組み合わせはどれか。,殺虫剤に関する以下の記述について、（ ）の中に入れるべき字句の正しい組み合わせはどれか。（ ａ ）は、有機リン系殺虫成分であり、殺虫作用は、アセチルコリンを分解する酵素（アセチルコリンエステラーゼ）と（ ｂ ）に結合してその働きを阻害することによる。ほ乳類では、高濃度又は多量に曝露した場合、神経の異常な興奮が起こり、（ ｃ ）、呼吸困難、筋肉麻痺等の症状が現れるおそれがある。
5,80,40,R5-PM-40,3,午後,40,3,3,3,OK,OK,妊娠及び妊娠検査薬に関する記述のうち、正しいものの組み合わせはどれか。,妊娠及び妊娠検査薬に関する記述のうち、正しいものの組み合わせはどれか。
5,81,1,R5-AM-41,4,午前,41,1,1,1,OK,OK,医薬品医療機器等法に基づく許可に関する記述の正誤について、正しい組み合わせはどれか。,医薬品医療機器等法に基づく許可に関する記述の正誤について、正しい組み合わせはどれか。
5,82,2,R5-AM-42,4,午前,42,4,4,4,OK,OK,毒薬及び劇薬に関する記述のうち、正しいものはどれか。,毒薬及び劇薬に関する記述のうち、正しいものはどれか。
5,83,3,R5-AM-43,4,午前,43,2,2,2,OK,OK,医薬部外品及び化粧品に関する記述のうち、正しいものはどれか。,医薬部外品及び化粧品に関する記述のうち、正しいものはどれか。
5,84,4,R5-AM-44,4,午前,44,4,4,4,OK,OK,店舗販売業の許可に関する記述のうち、誤っているものはどれか。,店舗販売業の許可に関する記述のうち、誤っているものはどれか。
5,85,5,R5-AM-45,4,午前,45,3,3,3,OK,OK,登録販売者に関する記述の正誤について、正しい組み合わせはどれか。,登録販売者に関する記述の正誤について、正しい組み合わせはどれか。
5,86,6,R5-AM-46,4,午前,46,3,3,3,OK,OK,医薬品等の販売に関する記述のうち、誤っているものはどれか。,医薬品等の販売に関する記述のうち、誤っているものはどれか。
5,87,7,R5-AM-47,4,午前,47,2,2,2,OK,OK,医薬部外品に関する記述の正誤について、正しい組み合わせはどれか。,医薬部外品に関する記述の正誤について、正しい組み合わせはどれか。
5,88,8,R5-AM-48,4,午前,48,3,3,3,OK,OK,毒薬又は劇薬に関する以下の記述について、（ ）の中に入れるべき字句の正しい組み合わせはどれか。,毒薬又は劇薬に関する以下の記述について、（ ）の中に入れるべき字句の正しい組み合わせはどれか。毒薬又は劇薬を、（ ａ ）歳未満の者その他安全な取扱いに不安のある者に交付することは禁止されている。さらに、毒薬又は劇薬を、一般の生活者に対して販売又は譲渡する際には、当該医薬品を譲り受ける者から、品名、数量、（ ｂ ）、譲渡年月日、譲受人の氏名、住所及び（ ｃ ）が記入され、署名又は記名押印された文書の交付を受けなければならない。
5,89,9,R5-AM-49,4,午前,49,4,4,4,OK,OK,一般用医薬品及び要指導医薬品の医薬品医療機器等法に基づく法定表示事項に関する記述のうち、誤っているものはどれか。,一般用医薬品及び要指導医薬品の医薬品医療機器等法に基づく法定表示事項に関する記述のうち、誤っているものはどれか。
5,90,10,R5-AM-50,4,午前,50,1,1,1,OK,OK,医薬品に関する記述のうち、誤っているものはどれか。,医薬品に関する記述のうち、誤っているものはどれか。
5,91,11,R5-AM-51,4,午前,51,2,2,2,OK,OK,保健機能食品等の食品に関する記述のうち、誤っているものはどれか。,保健機能食品等の食品に関する記述のうち、誤っているものはどれか。
5,92,12,R5-AM-52,4,午前,52,3,3,3,OK,OK,医薬品の分割販売に関する記述のうち、正しいものはどれか。,医薬品の分割販売に関する記述のうち、正しいものはどれか。
5,93,13,R5-AM-53,4,午前,53,1,1,1,OK,OK,濫用等のおそれのあるものとして厚生労働大臣が指定する医薬品として、誤っているものはどれか。,濫用等のおそれのあるものとして厚生労働大臣が指定する医薬品として、誤っているものはどれか。
5,94,14,R5-AM-54,4,午前,54,1,1,1,OK,OK,医薬品の配置販売に関する記述のうち、誤っているものはどれか。,医薬品の配置販売に関する記述のうち、誤っているものはどれか。
5,95,15,R5-AM-55,4,午前,55,4,4,4,OK,OK,薬局開設者又は店舗販売業者が、第二類医薬品又は第三類医薬品の販売又は授与に当たって、薬剤師又は登録販売者に行わせなければならないことに関する記述のうち、誤っているものはどれか。,薬局開設者又は店舗販売業者が、第二類医薬品又は第三類医薬品の販売又は授与に当たって、薬剤師又は登録販売者に行わせなければならないことに関する記述のうち、誤っているものはどれか。
5,96,16,R5-AM-56,4,午前,56,4,4,4,OK,OK,医薬品の広告に関する記述のうち、誤っているものはどれか。,医薬品の広告に関する記述のうち、誤っているものはどれか。
5,97,17,R5-AM-57,4,午前,57,5,5,5,OK,OK,医薬品の広告や販売方法に関する記述のうち、誤っているものはどれか。,医薬品の広告や販売方法に関する記述のうち、誤っているものはどれか。
5,98,18,R5-AM-58,4,午前,58,5,5,5,OK,OK,薬局における薬剤師不在時間に関する記述の正誤について、正しい組み合わせはどれか。,薬局における薬剤師不在時間に関する記述の正誤について、正しい組み合わせはどれか。
5,99,19,R5-AM-59,4,午前,59,5,5,5,OK,OK,店舗販売業者が、当該店舗の見やすい位置に掲示板で必ず掲示しなければならない事項に関する記述のうち、正しいものの組み合わせはどれか。,店舗販売業者が、当該店舗の見やすい位置に掲示板で必ず掲示しなければならない事項に関する記述のうち、正しいものの組み合わせはどれか。
5,100,20,R5-AM-60,4,午前,60,3,3,3,OK,OK,医薬品の陳列に関する記述のうち、正しいものはどれか。,医薬品の陳列に関する記述のうち、正しいものはどれか。
5,101,1,R5-PM-41,5,午後,41,3,3,3,OK,OK,一般用医薬品（一般用検査薬を除く。）の添付文書に関する記述の正誤について、正しい組み合わせはどれか。,一般用医薬品（一般用検査薬を除く。）の添付文書に関する記述の正誤について、正しい組み合わせはどれか。
5,102,2,R5-PM-42,5,午後,42,4,4,4,OK,OK,一般用医薬品の添付文書を構成する項目のうち、正しいものの組み合わせはどれか。,一般用医薬品の添付文書を構成する項目のうち、正しいものの組み合わせはどれか。
5,103,3,R5-PM-43,5,午後,43,1,1,1,OK,OK,一般用医薬品とその添付文書における「使用上の注意」の欄の記載事項について、正しいものの組み合わせはどれか。,一般用医薬品とその添付文書における「使用上の注意」の欄の記載事項について、正しいものの組み合わせはどれか。医薬品 「使用上の注意」の記載事項
5,104,4,R5-PM-44,5,午後,44,2,2,2,OK,OK,一般用医薬品の添付文書の成分及び分量の項目において、添加物として配合されている成分に関する記述のうち、正しいものの組み合わせはどれか。,一般用医薬品の添付文書の成分及び分量の項目において、添加物として配合されている成分に関する記述のうち、正しいものの組み合わせはどれか。
5,105,5,R5-PM-45,5,午後,45,1,1,1,OK,OK,一般用医薬品の添付文書の保管及び取扱い上の注意に関する記述の正誤について、正しい組み合わせはどれか。,一般用医薬品の添付文書の保管及び取扱い上の注意に関する記述の正誤について、正しい組み合わせはどれか。
5,106,6,R5-PM-46,5,午後,46,3,3,3,OK,OK,一般用医薬品の添付文書の使用上の注意に関する記述の正誤について、正しい組み合わせはどれか。,一般用医薬品の添付文書の使用上の注意に関する記述の正誤について、正しい組み合わせはどれか。
5,107,7,R5-PM-47,5,午後,47,4,4,4,OK,OK,医薬品の安全対策に関する記述のうち、正しいものの組み合わせはどれか。,医薬品の安全対策に関する記述のうち、正しいものの組み合わせはどれか。
5,108,8,R5-PM-48,5,午後,48,3,3,3,OK,OK,医薬品副作用被害救済制度に関する記述のうち、正しいものの組み合わせはどれか。,医薬品副作用被害救済制度に関する記述のうち、正しいものの組み合わせはどれか。
5,109,9,R5-PM-49,5,午後,49,1,1,1,OK,OK,医薬品副作用被害救済制度における救済給付の種類に関する記述のうち、正しいものはどれか。,医薬品副作用被害救済制度における救済給付の種類に関する記述のうち、正しいものはどれか。
5,110,10,R5-PM-50,5,午後,50,3,3,3,OK,OK,医薬品副作用被害救済制度や救済給付に関する記述のうち、誤っているものはどれか。,医薬品副作用被害救済制度や救済給付に関する記述のうち、誤っているものはどれか。
5,111,11,R5-PM-51,5,午後,51,4,4,4,OK,OK,一般用医薬品の安全対策に関する記述の正誤について、正しい組み合わせはどれか。,一般用医薬品の安全対策に関する記述の正誤について、正しい組み合わせはどれか。
5,112,12,R5-PM-52,5,午後,52,2,2,2,OK,OK,塩酸フェニルプロパノールアミン（ＰＰＡ）含有医薬品の安全対策等に関する記述のうち、誤っているものはどれか。,塩酸フェニルプロパノールアミン（ＰＰＡ）含有医薬品の安全対策等に関する記述のうち、誤っているものはどれか。
5,113,13,R5-PM-53,5,午後,53,3,3,3,OK,OK,小柴胡湯による間質性肺炎に関する以下の記述について、（ ）の中に入れるべき字句の正しい組み合わせはどれか。なお、２か所の（ ａ ）内及び（ ｂ ）内はそれぞれ同じ字句が入る。,小 柴胡湯による間質性肺炎に関する以下の記述について、（ ）の中に入れるべき字句の正しい組み合わせはどれか。なお、２か所の（ ａ ）内及び（ ｂ ）内はそれぞれ同じ字句が入る。小 柴胡湯による間質性肺炎については、1991年４月以降、（ ａ ）に記載されていたが、その後、小 柴胡湯と（ ｂ ）の併用例による間質性肺炎が報告されたことから、1994年１月、（ ｂ ）との併用を禁忌とする旨の（ ａ ）の改訂がなされた。しかし、それ以降も慢性肝炎患者が 小 柴胡湯を使用して間質性肺炎が発症し、死亡を含む重篤な転帰に至った例もあったことから、1996年３月、厚生省（当時）より関係製薬企業に対して（ ｃ ）の配布が指示された。
5,114,14,R5-PM-54,5,午後,54,5,5,5,OK,OK,以下の医薬品成分のうち、一般用医薬品の添付文書の使用上の注意において、「してはいけないこと」の項目中に、「服用後、乗物又は機械類の運転操作をしないこと」と記載することとされている成分として、正しいものの組み合わせはどれか。,以下の医薬品成分のうち、一般用医薬品の添付文書の使用上の注意において、「してはいけないこと」の項目中に、「服用後、乗物又は機械類の運転操作をしないこと」と記載することとされている成分として、正しいものの組み合わせはどれか。
5,115,15,R5-PM-55,5,午後,55,1,1,1,OK,OK,以下の医薬品成分のうち、一般用医薬品の添付文書の使用上の注意において、「次の人は使用（服用）しないこと」の項目中に、「小児における年齢制限」として、「３歳未満の小児」と記載することとされている成分はどれか。,以下の医薬品成分のうち、一般用医薬品の添付文書の使用上の注意において、「次の人は使用（服用）しないこと」の項目中に、「小児における年齢制限」として、「３歳未満の小児」と記載することとされている成分はどれか。
5,116,16,R5-PM-56,5,午後,56,5,5,5,OK,OK,以下の医薬品成分のうち、一般用医薬品の添付文書の使用上の注意において、「次の人は使用（服用）しないこと」の項目中に、「出産予定日12週以内の妊婦」と記載することとされている成分はどれか。,以下の医薬品成分のうち、一般用医薬品の添付文書の使用上の注意において、「次の人は使用（服用）しないこと」の項目中に、「出産予定日12週以内の妊婦」と記載することとされている成分はどれか。
5,117,17,R5-PM-57,5,午後,57,3,3,3,OK,OK,一般用医薬品の添付文書における使用上の注意の記載に関する記述のうち、正しいものの組み合わせはどれか。,一般用医薬品の添付文書における使用上の注意の記載に関する記述のうち、正しいものの組み合わせはどれか。
5,118,18,R5-PM-58,5,午後,58,2,2,2,OK,OK,以下の医薬品成分のうち、一般用医薬品の添付文書の使用上の注意において、「相談すること」の項目中に、「モノアミン酸化酵素阻害剤（セレギリン塩酸塩等）で治療を受けている人」と記載することとされている成分はどれか。,以下の医薬品成分のうち、一般用医薬品の添付文書の使用上の注意において、「相談すること」の項目中に、「モノアミン酸化酵素阻害剤（セレギリン塩酸塩等）で治療を受けている人」と記載することとされている成分はどれか。
5,119,19,R5-PM-59,5,午後,59,3,3,3,OK,OK,一般用医薬品の添付文書における使用上の注意の記載に関する記述のうち、誤っているものはどれか。,一般用医薬品の添付文書における使用上の注意の記載に関する記述のうち、誤っているものはどれか。
5,120,20,R5-PM-60,5,午後,60,2,2,2,OK,OK,医薬品の適正使用のための啓発活動に関する記述の正誤について、正しい組み合わせはどれか。,医薬品の適正使用のための啓発活動に関する記述の正誤について、正しい組み合わせはどれか。
6,1,1,R6-AM-01,1,午前,1,3,3,3,OK,OK,医薬品の本質に関する記述の正誤について、正しい組み合わせはどれか。,医薬品の本質に関する記述の正誤について、正しい組み合わせはどれか。
6,2,2,R6-AM-02,1,午前,2,4,4,4,OK,OK,医薬品の本質に関する記述のうち、正しいものの組み合わせはどれか。,医薬品の本質に関する記述のうち、正しいものの組み合わせはどれか。
6,3,3,R6-AM-03,1,午前,3,1,1,1,OK,OK,医薬品のリスク評価に関する記述の正誤について、正しい組み合わせはどれか。,医薬品のリスク評価に関する記述の正誤について、正しい組み合わせはどれか。
6,4,4,R6-AM-04,1,午前,4,2,2,2,OK,OK,いわゆる健康食品に関する記述の正誤について、正しい組み合わせはどれか。,いわゆる健康食品に関する記述の正誤について、正しい組み合わせはどれか。
6,5,5,R6-AM-05,1,午前,5,2,2,2,OK,OK,セルフメディケーション等に関する記述の正誤について、正しい組み合わせはどれか。,セルフメディケーション等に関する記述の正誤について、正しい組み合わせはどれか。
6,6,6,R6-AM-06,1,午前,6,3,3,3,OK,OK,医薬品の副作用に関する記述の正誤について、正しい組み合わせはどれか。,医薬品の副作用に関する記述の正誤について、正しい組み合わせはどれか。
6,7,7,R6-AM-07,1,午前,7,1,1,1,OK,OK,医薬品の副作用に関する記述の正誤について、正しい組み合わせはどれか。,医薬品の副作用に関する記述の正誤について、正しい組み合わせはどれか。
6,8,8,R6-AM-08,1,午前,8,3,3,3,OK,OK,医薬品の不適切な使用に関する記述のうち、正しいものの組み合わせはどれか。,医薬品の不適切な使用に関する記述のうち、正しいものの組み合わせはどれか。
6,9,9,R6-AM-09,1,午前,9,3,3,3,OK,OK,他の医薬品や食品との相互作用に関する記述の正誤について、正しい組み合わせはどれか。,他の医薬品や食品との相互作用に関する記述の正誤について、正しい組み合わせはどれか。
6,10,10,R6-AM-10,1,午前,10,2,2,2,OK,OK,他の医薬品や食品との相互作用に関する記述のうち、誤っているものはどれか。,他の医薬品や食品との相互作用に関する記述のうち、誤っているものはどれか。
6,11,11,R6-AM-11,1,午前,11,1,1,1,OK,OK,小児の医薬品の使用に関する以下の記述について、（ ）の中に入れるべき字句の正しい組み合わせはどれか。,小児の医薬品の使用に関する以下の記述について、（ ）の中に入れるべき字句の正しい組み合わせはどれか。小児は大人と比べて身体の大きさに対して腸が長く、服用した医薬品の（ ａ ）率が相対的に高い。また、血液脳関門が未発達であるため、吸収されて循環血液中に移行した医薬品の成分が脳に達しやすく、（ ｂ ）神経系に影響を与える医薬品で副作用を起こしやすい。加えて、肝臓や腎臓の機能が未発達であるため、医薬品の成分の（ ｃ ）に時間がかかり、作用が強く出過ぎたり、副作用がより強く出ることがある。
6,12,12,R6-AM-12,1,午前,12,4,4,4,OK,OK,高齢者の医薬品の使用に関する記述の正誤について、正しい組み合わせはどれか。,高齢者の医薬品の使用に関する記述の正誤について、正しい組み合わせはどれか。
6,13,13,R6-AM-13,1,午前,13,1,1,1,OK,OK,妊婦又は妊娠していると思われる女性及び母乳を与える女性（授乳婦）への医薬品の使用に関する記述の正誤について、正しい組み合わせはどれか。,妊婦又は妊娠していると思われる女性及び母乳を与える女性（授乳婦）への医薬品の使用に関する記述の正誤について、正しい組み合わせはどれか。
6,14,14,R6-AM-14,1,午前,14,3,3,3,OK,OK,プラセボ効果（偽薬効果）に関する記述の正誤について、正しい組み合わせはどれか。,プラセボ効果（偽薬効果）に関する記述の正誤について、正しい組み合わせはどれか。
6,15,15,R6-AM-15,1,午前,15,3,3,3,OK,OK,医薬品の品質に関する記述の正誤について、正しい組み合わせはどれか。,医薬品の品質に関する記述の正誤について、正しい組み合わせはどれか。
6,16,16,R6-AM-16,1,午前,16,2,2,2,OK,OK,一般用医薬品に関する以下の記述について、（ ）の中に入れるべき字句の正しい組み合わせはどれか。,一般用医薬品に関する以下の記述について、（ ）の中に入れるべき字句の正しい組み合わせはどれか。一般用医薬品は、医薬品医療機器等法第４条第５項第４号において「医薬品のうち、その効能及び効果において人体に対する作用が（ ａ ）であって、（ ｂ ）その他の医薬関係者から提供された情報に基づく需要者の選択により使用されることが目的とされているもの（（ ｃ ）を除く。）」と定義されている。
6,17,17,R6-AM-17,1,午前,17,1,1,1,OK,OK,一般用医薬品の販売時におけるコミュニケーションにおいて、医薬品の販売等に従事する専門家として留意すべき事項に関する記述のうち、正しいものの組み合わせはどれか。,一般用医薬品の販売時におけるコミュニケーションにおいて、医薬品の販売等に従事する専門家として留意すべき事項に関する記述のうち、正しいものの組み合わせはどれか。
6,18,18,R6-AM-18,1,午前,18,4,4,4,OK,OK,一般用医薬品の販売時におけるコミュニケーションにおいて、医薬品の販売等に従事する専門家として留意すべき事項に関する記述の正誤について、正しい組み合わせはどれか。,一般用医薬品の販売時におけるコミュニケーションにおいて、医薬品の販売等に従事する専門家として留意すべき事項に関する記述の正誤について、正しい組み合わせはどれか。
6,19,19,R6-AM-19,1,午前,19,1,1,1,OK,OK,ＨＩＶ（ヒト免疫不全ウイルス）訴訟に関する記述のうち、誤っているものはどれか。,ＨＩＶ（ヒト免疫不全ウイルス）訴訟に関する記述のうち、誤っているものはどれか。
6,20,20,R6-AM-20,1,午前,20,5,5,5,OK,OK,医薬品による副作用等にかかる訴訟に関する記述の正誤について、正しい組み合わせはどれか。,医薬品による副作用等にかかる訴訟に関する記述の正誤について、正しい組み合わせはどれか。
6,21,1,R6-AM-21,2,午前,21,1,1,1,OK,OK,口腔に関する記述のうち、誤っているものはどれか。,口腔に関する記述のうち、誤っているものはどれか。
6,22,2,R6-AM-22,2,午前,22,3,3,3,OK,OK,胃に関する記述のうち、正しいものの組み合わせはどれか。,胃に関する記述のうち、正しいものの組み合わせはどれか。
6,23,3,R6-AM-23,2,午前,23,4,4,4,OK,OK,消化器系に関する記述の正誤について、正しい組み合わせはどれか。,消化器系に関する記述の正誤について、正しい組み合わせはどれか。
6,24,4,R6-AM-24,2,午前,24,5,5,5,OK,OK,血液に関する記述のうち、正しいものの組み合わせはどれか。,血液に関する記述のうち、正しいものの組み合わせはどれか。
6,25,5,R6-AM-25,2,午前,25,3,3,3,OK,OK,循環器系に関する記述のうち、正しいものの組み合わせはどれか。,循環器系に関する記述のうち、正しいものの組み合わせはどれか。
6,26,6,R6-AM-26,2,午前,26,4,4,4,OK,OK,耳に関する記述の正誤について、正しい組み合わせはどれか。,耳に関する記述の正誤について、正しい組み合わせはどれか。
6,27,7,R6-AM-27,2,午前,27,4,4,4,OK,OK,泌尿器系に関する記述のうち、正しいものの組み合わせはどれか。,泌尿器系に関する記述のうち、正しいものの組み合わせはどれか。
6,28,8,R6-AM-28,2,午前,28,3,3,3,OK,OK,目に関する以下の記述について、（ ）の中に入れるべき字句の正しい組み合わせはどれか。,目に関する以下の記述について、（ ）の中に入れるべき字句の正しい組み合わせはどれか。水晶体は、その周りを囲んでいる（ ａ ）の収縮・弛緩によって、（ ｂ ）の物を見るときには丸く厚みが増し、（ ｃ ）の物を見るときには扁平になる。
6,29,9,R6-AM-29,2,午前,29,5,5,5,OK,OK,外皮系に関する記述の正誤について、正しい組み合わせはどれか。,外皮系に関する記述の正誤について、正しい組み合わせはどれか。
6,30,10,R6-AM-30,2,午前,30,4,4,4,OK,OK,脳や神経系に関する記述のうち、誤っているものはどれか。,脳や神経系に関する記述のうち、誤っているものはどれか。
6,31,11,R6-AM-31,2,午前,31,5,5,5,OK,OK,医薬品の吸収、分布、代謝、排泄に関する記述の正誤について、正しい組み合わせはどれか。,医薬品の吸収、分布、代謝、排泄に関する記述の正誤について、正しい組み合わせはどれか。
6,32,12,R6-AM-32,2,午前,32,4,4,4,OK,OK,医薬品の吸収、分布、代謝、排泄に関する記述のうち、誤っているものはどれか。,医薬品の吸収、分布、代謝、排泄に関する記述のうち、誤っているものはどれか。
6,33,13,R6-AM-33,2,午前,33,2,2,2,OK,OK,医薬品の剤形に関する記述のうち、誤っているものはどれか。,医薬品の剤形に関する記述のうち、誤っているものはどれか。
6,34,14,R6-AM-34,2,午前,34,1,1,1,OK,OK,全身的に現れる医薬品の副作用に関する記述のうち、正しいものの組み合わせはどれか。,全身的に現れる医薬品の副作用に関する記述のうち、正しいものの組み合わせはどれか。
6,35,15,R6-AM-35,2,午前,35,2,2,2,OK,OK,皮膚粘膜眼症候群（スティーブンス・ジョンソン症候群）及び中毒性表皮壊死融解症（ＴＥＮ）に関する記述のうち、正しいものの組み合わせはどれか。,皮膚粘膜眼症候群（スティーブンス・ジョンソン症候群）及び中毒性表皮壊死融解症（ＴＥＮ）に関する記述のうち、正しいものの組み合わせはどれか。
6,36,16,R6-AM-36,2,午前,36,2,2,2,OK,OK,精神神経系に現れる医薬品の副作用に関する記述の正誤について、正しい組み合わせはどれか。,精神神経系に現れる医薬品の副作用に関する記述の正誤について、正しい組み合わせはどれか。
6,37,17,R6-AM-37,2,午前,37,4,4,4,OK,OK,体の局所に現れる医薬品の副作用に関する記述のうち、正しいものの組み合わせはどれか。,体の局所に現れる医薬品の副作用に関する記述のうち、正しいものの組み合わせはどれか。
6,38,18,R6-AM-38,2,午前,38,2,2,2,OK,OK,泌尿器系に現れる医薬品の副作用に関する記述の正誤について、正しい組み合わせはどれか。,泌尿器系に現れる医薬品の副作用に関する記述の正誤について、正しい組み合わせはどれか。
6,39,19,R6-AM-39,2,午前,39,1,1,1,OK,OK,感覚器系に現れる医薬品の副作用に関する記述のうち、正しいものの組み合わせはどれか。,感覚器系に現れる医薬品の副作用に関する記述のうち、正しいものの組み合わせはどれか。
6,40,20,R6-AM-40,2,午前,40,3,3,3,OK,OK,皮膚に現れる医薬品の副作用に関する記述の正誤について、正しい組み合わせはどれか。,皮膚に現れる医薬品の副作用に関する記述の正誤について、正しい組み合わせはどれか。
6,41,1,R6-PM-01,3,午後,1,4,4,4,OK,OK,かぜ（感冒）及びかぜ薬に関する記述の正誤について、正しい組み合わせはどれか。,かぜ（感冒）及びかぜ薬に関する記述の正誤について、正しい組み合わせはどれか。
6,42,2,R6-PM-02,3,午後,2,1,1,1,OK,OK,かぜ薬の配合成分とその配合目的に関する記述について、正しいものの組み合わせはどれか。,かぜ薬の配合成分とその配合目的に関する記述について、正しいものの組み合わせはどれか。【配合成分】 【配合目的】
6,43,3,R6-PM-03,3,午後,3,4,4,4,OK,OK,かぜ薬の配合成分に関する記述のうち、正しいものの組み合わせはどれか。,かぜ薬の配合成分に関する記述のうち、正しいものの組み合わせはどれか。
6,44,4,R6-PM-04,3,午後,4,3,3,3,OK,OK,かぜ薬に配合される漢方処方成分又は単独でかぜの症状緩和に用いられる漢方処方製剤に関する記述のうち、誤っているものはどれか。,かぜ薬に配合される漢方処方成分又は単独でかぜの症状緩和に用いられる漢方処方製剤に関する記述のうち、誤っているものはどれか。
6,45,5,R6-PM-05,3,午後,5,1,1,1,OK,OK,解熱鎮痛薬とプロスタグランジンに関する記述の正誤について、正しい組み合わせはどれか。,解熱鎮痛薬とプロスタグランジンに関する記述の正誤について、正しい組み合わせはどれか。
6,46,6,R6-PM-06,3,午後,6,2,2,2,OK,OK,次の成分を含む解熱鎮痛薬Ａ、Ｂに関する記述のうち、誤っているものはどれか。,"次の成分を含む解熱鎮痛薬Ａ、Ｂに関する記述のうち、誤っているものはどれか。解熱鎮痛薬Ａ ３錠中（成人１日量）アセトアミノフェン 195mgイブプロフェン 195mg無水カフェイン 120mg合成ヒドロタルサイト 40mg解熱鎮痛薬Ｂ ４錠中（成人１日量）アセトアミノフェン 600mgエテンザミド 1,000mg無水カフェイン 140mgアリルイソプロピルアセチル尿素 120mg"
6,47,7,R6-PM-07,3,午後,7,3,3,3,OK,OK,眠気を促す薬に関する記述の正誤について、正しい組み合わせはどれか。,眠気を促す薬に関する記述の正誤について、正しい組み合わせはどれか。
6,48,8,R6-PM-08,3,午後,8,2,2,2,OK,OK,鎮咳去痰薬の配合成分に関する記述のうち、正しいものの組み合わせはどれか。,鎮咳去痰薬の配合成分に関する記述のうち、正しいものの組み合わせはどれか。
6,49,9,R6-PM-09,3,午後,9,3,3,3,OK,OK,咳止めや痰を出しやすくする目的で用いられる漢方処方製剤のうち、以下の記述に当てはまるものはどれか。,咳止めや痰を出しやすくする目的で用いられる漢方処方製剤のうち、以下の記述に当てはまるものはどれか。体力中等度以下で、痰が切れにくく、ときに強く咳こみ、又は咽頭の乾燥感があるもののから咳、気管支炎、気管支喘息、咽頭炎、しわがれ声に適すとされるが、水様痰の多い人には不向きとされる。
6,50,10,R6-PM-10,3,午後,10,4,4,4,OK,OK,口腔咽喉薬・うがい薬（含嗽薬）及びその配合成分に関する記述のうち、正しいものはどれか。,口腔咽喉薬・うがい薬（含嗽薬）及びその配合成分に関する記述のうち、正しいものはどれか。
6,51,11,R6-PM-11,3,午後,11,2,2,2,OK,OK,胃の不調及び胃腸に作用する薬に関する記述のうち、誤っているものはどれか。,胃の不調及び胃腸に作用する薬に関する記述のうち、誤っているものはどれか。
6,52,12,R6-PM-12,3,午後,12,4,4,4,OK,OK,胃腸に作用する薬の配合成分に関する記述の正誤について、正しい組み合わせはどれか。,胃腸に作用する薬の配合成分に関する記述の正誤について、正しい組み合わせはどれか。
6,53,13,R6-PM-13,3,午後,13,3,3,3,OK,OK,胃の薬に関する以下の記述について、（ ）の中に入れるべき字句の正しい組み合わせはどれか。なお、２か所の（ ａ ）内はいずれも同じ字句が入る。,胃の薬に関する以下の記述について、（ ）の中に入れるべき字句の正しい組み合わせはどれか。なお、２か所の（ ａ ）内はいずれも同じ字句が入る。胃液の分泌は（ ａ ）系からの刺激によって亢進することから、過剰な胃液の分泌を抑える作用を期待して、（ ａ ）の伝達物質である（ ｂ ）の働きを抑える（ ｃ ）やピレンゼピン塩酸塩が配合されている場合がある。
6,54,14,R6-PM-14,3,午後,14,2,2,2,OK,OK,腸に作用する薬の成分に関する記述のうち、誤っているものはどれか。,腸に作用する薬の成分に関する記述のうち、誤っているものはどれか。
6,55,15,R6-PM-15,3,午後,15,2,2,2,OK,OK,腸の不調を改善する目的で用いられる漢方処方製剤のうち、体力に関わらず使用できるものはどれか。,腸の不調を改善する目的で用いられる漢方処方製剤のうち、体力に関わらず使用できるものはどれか。
6,56,16,R6-PM-16,3,午後,16,5,5,5,OK,OK,胃腸鎮痛鎮痙薬の配合成分に関する記述の正誤について、正しい組み合わせはどれか。,胃腸鎮痛鎮痙薬の配合成分に関する記述の正誤について、正しい組み合わせはどれか。
6,57,17,R6-PM-17,3,午後,17,3,3,3,OK,OK,駆虫薬及び駆虫成分に関する記述のうち、正しいものの組み合わせはどれか。,駆虫薬及び駆虫成分に関する記述のうち、正しいものの組み合わせはどれか。
6,58,18,R6-PM-18,3,午後,18,2,2,2,OK,OK,強心薬及びその配合成分に関する記述のうち、正しいものの組み合わせはどれか。,強心薬及びその配合成分に関する記述のうち、正しいものの組み合わせはどれか。
6,59,19,R6-PM-19,3,午後,19,3,3,3,OK,OK,高コレステロール改善薬及びその配合成分に関する記述のうち、正しいものはどれか。,高コレステロール改善薬及びその配合成分に関する記述のうち、正しいものはどれか。
6,60,20,R6-PM-20,3,午後,20,1,1,1,OK,OK,貧血用薬に関する記述の正誤について、正しい組み合わせはどれか,貧血用薬に関する記述の正誤について、正しい組み合わせはどれか。
6,61,21,R6-PM-21,3,午後,21,1,1,1,OK,OK,痔・痔疾用薬及びその配合成分に関する記述の正誤について、正しい組み合わせはどれか。,痔・痔疾用薬及びその配合成分に関する記述の正誤について、正しい組み合わせはどれか。
6,62,22,R6-PM-22,3,午後,22,3,3,3,OK,OK,以下の記述について、あてはまる漢方処方製剤はどれか。,以下の記述について、あてはまる漢方処方製剤はどれか。体力に関わらず使用でき、排尿異常があり、ときに口が渇くものの排尿困難、排尿痛、残尿感、頻尿、むくみに適すとされる。
6,63,23,R6-PM-23,3,午後,23,4,4,4,OK,OK,婦人薬の適用対象となる体質・症状及び配合成分に関する記述の正誤について、正しい組み合わせはどれか。,婦人薬の適用対象となる体質・症状及び配合成分に関する記述の正誤について、正しい組み合わせはどれか。
6,64,24,R6-PM-24,3,午後,24,1,1,1,OK,OK,以下のうち、鎮痛・鎮静のほか、女性の滞っている月経を促す作用を期待して婦人薬に配合される生薬成分として最も適するものはどれか。,以下のうち、鎮痛・鎮静のほか、女性の滞っている月経を促す作用を期待して婦人薬に配合される生薬成分として最も適するものはどれか。
6,65,25,R6-PM-25,3,午後,25,5,5,5,OK,OK,アレルギーの症状及びアレルギー用薬に関する記述のうち、正しいものの組み合わせはどれか。,アレルギーの症状及びアレルギー用薬に関する記述のうち、正しいものの組み合わせはどれか。
6,66,26,R6-PM-26,3,午後,26,1,1,1,OK,OK,鼻炎・鼻に用いる薬及びその配合成分に関する記述の正誤について、正しい組み合わせはどれか。,鼻炎・鼻に用いる薬及びその配合成分に関する記述の正誤について、正しい組み合わせはどれか。
6,67,27,R6-PM-27,3,午後,27,2,2,2,OK,OK,眼科用薬の配合成分に関する記述の正誤について、正しい組み合わせはどれか。,眼科用薬の配合成分に関する記述の正誤について、正しい組み合わせはどれか。
6,68,28,R6-PM-28,3,午後,28,2,2,2,OK,OK,痒み、腫れ、痛み等を抑える外皮用薬及びその配合成分に関する記述のうち、正しいものの組み合わせはどれか。,痒み、腫れ、痛み等を抑える外皮用薬及びその配合成分に関する記述のうち、正しいものの組み合わせはどれか。
6,69,29,R6-PM-29,3,午後,29,5,5,5,OK,OK,肌の角質化、かさつき等を改善する外皮用薬及びその配合成分に関する記述のうち、正しいものの組み合わせはどれか。,肌の角質化、かさつき等を改善する外皮用薬及びその配合成分に関する記述のうち、正しいものの組み合わせはどれか。
6,70,30,R6-PM-30,3,午後,30,5,5,5,OK,OK,抗菌作用を有する成分及び抗真菌作用を有する成分に関する記述のうち、正しいものの組み合わせはどれか。,抗菌作用を有する成分及び抗真菌作用を有する成分に関する記述のうち、正しいものの組み合わせはどれか。
6,71,31,R6-PM-31,3,午後,31,1,1,1,OK,OK,頭皮・毛根に作用する外皮用薬及びその配合成分に関する記述のうち、正しいものの組み合わせはどれか。,頭皮・毛根に作用する外皮用薬及びその配合成分に関する記述のうち、正しいものの組み合わせはどれか。
6,72,32,R6-PM-32,3,午後,32,4,4,4,OK,OK,歯痛・歯槽膿漏薬の配合成分に関する記述の正誤について、正しい組み合わせはどれか。,歯痛・歯槽膿漏薬の配合成分に関する記述の正誤について、正しい組み合わせはどれか。
6,73,33,R6-PM-33,3,午後,33,1,1,1,OK,OK,以下の記述について、あてはまる漢方処方製剤はどれか。,以下の記述について、あてはまる漢方処方製剤はどれか。体力中等度以上で口渇があり、尿量少なく、便秘するものの蕁麻疹、口内炎、湿疹・皮膚炎、皮膚のかゆみに適すとされるが、体の虚弱な人（体力の衰えている人、体の弱い人）、胃腸が弱く下痢しやすい人では、激しい腹痛を伴う下痢等の副作用が現れやすい等、不向きとされる。
6,74,34,R6-PM-34,3,午後,34,2,2,2,OK,OK,ニコチン及び禁煙補助剤に関する記述の正誤について、正しい組み合わせはどれか。,ニコチン及び禁煙補助剤に関する記述の正誤について、正しい組み合わせはどれか。
6,75,35,R6-PM-35,3,午後,35,3,3,3,OK,OK,ビタミン成分及びアミノ酸成分に関する記述のうち、正しいものの組み合わせはどれか。,ビタミン成分及びアミノ酸成分に関する記述のうち、正しいものの組み合わせはどれか。
6,76,36,R6-PM-36,3,午後,36,2,2,2,OK,OK,生薬成分に関する記述のうち、誤っているものはどれか。,生薬成分に関する記述のうち、誤っているものはどれか。
6,77,37,R6-PM-37,3,午後,37,4,4,4,OK,OK,殺菌消毒成分に関する記述のうち、正しいものの組み合わせはどれか。,殺菌消毒成分に関する記述のうち、正しいものの組み合わせはどれか。
6,78,38,R6-PM-38,3,午後,38,1,1,1,OK,OK,衛生害虫及び殺虫剤・忌避剤に関する記述のうち、正しいものはどれか。,衛生害虫及び殺虫剤・忌避剤に関する記述のうち、正しいものはどれか。
6,79,39,R6-PM-39,3,午後,39,2,2,2,OK,OK,殺虫剤に含まれる以下の成分のうち、有機リン系殺虫成分はどれか。,殺虫剤に含まれる以下の成分のうち、有機リン系殺虫成分はどれか。
6,80,40,R6-PM-40,3,午後,40,4,4,4,OK,OK,一般用検査薬に関する記述のうち、正しいものの組み合わせはどれか。,一般用検査薬に関する記述のうち、正しいものの組み合わせはどれか。
6,81,1,R6-AM-41,4,午前,41,2,2,2,OK,OK,医薬品及び食品の定義に関する記述のうち、誤っているものはどれか。,医薬品及び食品の定義に関する記述のうち、誤っているものはどれか。
6,82,2,R6-AM-42,4,午前,42,1,1,1,OK,OK,一般用医薬品及び要指導医薬品に関する記述のうち、正しいものの組み合わせはどれか。,一般用医薬品及び要指導医薬品に関する記述のうち、正しいものの組み合わせはどれか。
6,83,3,R6-AM-43,4,午前,43,5,5,5,OK,OK,一般用医薬品のリスク区分に関する記述の正誤について、正しい組み合わせはどれか。,一般用医薬品のリスク区分に関する記述の正誤について、正しい組み合わせはどれか。
6,84,4,R6-AM-44,4,午前,44,1,1,1,OK,OK,医薬部外品及び化粧品に関する記述のうち、正しいものの組み合わせはどれか。,医薬部外品及び化粧品に関する記述のうち、正しいものの組み合わせはどれか。
6,85,5,R6-AM-45,4,午前,45,3,3,3,OK,OK,登録販売者に関する記述の正誤について、正しい組み合わせはどれか。,登録販売者に関する記述の正誤について、正しい組み合わせはどれか。
6,86,6,R6-AM-46,4,午前,46,4,4,4,OK,OK,保健機能食品に関する記述のうち、誤っているものはどれか。,保健機能食品に関する記述のうち、誤っているものはどれか。
6,87,7,R6-AM-47,4,午前,47,1,1,1,OK,OK,毒薬・劇薬及び生物由来製品に関する記述の正誤について、正しい組み合わせはどれか。,毒薬・劇薬及び生物由来製品に関する記述の正誤について、正しい組み合わせはどれか。
6,88,8,R6-AM-48,4,午前,48,3,3,3,OK,OK,医薬品の販売業の許可に関する記述の正誤について、正しい組み合わせはどれか。,医薬品の販売業の許可に関する記述の正誤について、正しい組み合わせはどれか。
6,89,9,R6-AM-49,4,午前,49,2,2,2,OK,OK,薬局に関する記述のうち、誤っているものはどれか。,薬局に関する記述のうち、誤っているものはどれか。
6,90,10,R6-AM-50,4,午前,50,3,3,3,OK,OK,配置販売業に関する記述の正誤について、正しい組み合わせはどれか。,配置販売業に関する記述の正誤について、正しい組み合わせはどれか。
6,91,11,R6-AM-51,4,午前,51,2,2,2,OK,OK,店舗販売業に関する記述の正誤について、正しい組み合わせはどれか。,店舗販売業に関する記述の正誤について、正しい組み合わせはどれか。
6,92,12,R6-AM-52,4,午前,52,3,3,3,OK,OK,医薬品のリスク区分に応じた情報提供等に関する記述の正誤について、正しい組み合わせはどれか。,医薬品のリスク区分に応じた情報提供等に関する記述の正誤について、正しい組み合わせはどれか。
6,93,13,R6-AM-53,4,午前,53,4,4,4,OK,OK,医薬品の陳列又は配置に関する記述の正誤について、正しい組み合わせはどれか。,医薬品の陳列又は配置に関する記述の正誤について、正しい組み合わせはどれか。
6,94,14,R6-AM-54,4,午前,54,5,5,5,OK,OK,店舗販売業者が、当該店舗の見やすい位置に掲示板で掲示しなければならない事項として、正しいものの組み合わせはどれか。,店舗販売業者が、当該店舗の見やすい位置に掲示板で掲示しなければならない事項として、正しいものの組み合わせはどれか。
6,95,15,R6-AM-55,4,午前,55,4,4,4,OK,OK,医薬品の特定販売に関する記述の正誤について、正しい組み合わせはどれか。,医薬品の特定販売に関する記述の正誤について、正しい組み合わせはどれか。
6,96,16,R6-AM-56,4,午前,56,2,2,2,OK,OK,次の成分（その水和物及びそれらの塩類を含む。）を有効成分として含有する製剤のうち、「濫用等のおそれのあるものとして厚生労働大臣が指定する医薬品」（平成26年厚生労働省告示第252号）において指定されているものとして、正しいものの組み合わせはどれか。,次の成分（その水和物及びそれらの塩類を含む。）を有効成分として含有する製剤のうち、「濫用等のおそれのあるものとして厚生労働大臣が指定する医薬品」（平成26年厚生労働省告示第252号）において指定されているものとして、正しいものの組み合わせはどれか。
6,97,17,R6-AM-57,4,午前,57,4,4,4,OK,OK,医薬品の広告に関する記述の正誤について、正しい組み合わせはどれか。,医薬品の広告に関する記述の正誤について、正しい組み合わせはどれか。
6,98,18,R6-AM-58,4,午前,58,3,3,3,OK,OK,医薬品の広告や販売方法に関する記述のうち、正しいものはどれか。,医薬品の広告や販売方法に関する記述のうち、正しいものはどれか。
6,99,19,R6-AM-59,4,午前,59,3,3,3,OK,OK,平成29年９月29日付け薬生発0929第４号厚生労働省医薬・生活衛生局長通知で示された医薬品等適正広告基準に関する記述の正誤について、正しい組み合わせはどれか。,平成29年９月29日付け薬生発0929第４号厚生労働省医薬・生活衛生局長通知で示された医薬品等適正広告基準に関する記述の正誤について、正しい組み合わせはどれか。
6,100,20,R6-AM-60,4,午前,60,4,4,4,OK,OK,行政庁が行う監視指導及び処分に関する記述のうち、誤っているものはどれか。,行政庁が行う監視指導及び処分に関する記述のうち、誤っているものはどれか。
6,101,1,R6-PM-41,5,午後,41,1,1,1,OK,OK,要指導医薬品及び一般用医薬品の添付文書に関する記述の正誤について、正しい組み合わせはどれか。,要指導医薬品及び一般用医薬品の添付文書に関する記述の正誤について、正しい組み合わせはどれか。
6,102,2,R6-PM-42,5,午後,42,2,2,2,OK,OK,医薬品の適正使用情報に関する記述のうち、誤っているものはどれか。,医薬品の適正使用情報に関する記述のうち、誤っているものはどれか。
6,103,3,R6-PM-43,5,午後,43,3,3,3,OK,OK,一般用医薬品の添付文書の使用上の注意において、「次の人は使用（服用）しないこと」の項目中に、「透析療法を受けている人」と記載することとされている成分として、正しいものはどれか。,一般用医薬品の添付文書の使用上の注意において、「次の人は使用（服用）しないこと」の項目中に、「透析療法を受けている人」と記載することとされている成分として、正しいものはどれか。
6,104,4,R6-PM-44,5,午後,44,1,1,1,OK,OK,一般用医薬品の添付文書における使用上の注意の記載に関する記述のうち、正しいものの組み合わせはどれか。,一般用医薬品の添付文書における使用上の注意の記載に関する記述のうち、正しいものの組み合わせはどれか。
6,105,5,R6-PM-45,5,午後,45,3,3,3,OK,OK,アレルギー症状を訴えて、ジフェンヒドラミン塩酸塩が配合された内服薬を購入しようとしている30歳女性に対する登録販売者の説明内容として、正しいものはどれか。,アレルギー症状を訴えて、ジフェンヒドラミン塩酸塩が配合された内服薬を購入しようとしている30歳女性に対する登録販売者の説明内容として、正しいものはどれか。
6,106,6,R6-PM-46,5,午後,46,5,5,5,OK,OK,一般用医薬品の添付文書における使用上の注意の記載に関する記述のうち、正しいものの組み合わせはどれか。,一般用医薬品の添付文書における使用上の注意の記載に関する記述のうち、正しいものの組み合わせはどれか。
6,107,7,R6-PM-47,5,午後,47,4,4,4,OK,OK,一般用医薬品の添付文書における使用上の注意の記載に関する記述の正誤について、正しい組み合わせはどれか。,一般用医薬品の添付文書における使用上の注意の記載に関する記述の正誤について、正しい組み合わせはどれか。
6,108,8,R6-PM-48,5,午後,48,4,4,4,OK,OK,一般用医薬品の添付文書における使用上の注意の記載に関する記述のうち、正しいものの組み合わせはどれか。,一般用医薬品の添付文書における使用上の注意の記載に関する記述のうち、正しいものの組み合わせはどれか。
6,109,9,R6-PM-49,5,午後,49,2,2,2,OK,OK,一般用医薬品の保管及び取扱い上の注意に関する記述のうち、正しいものはどれか。,一般用医薬品の保管及び取扱い上の注意に関する記述のうち、正しいものはどれか。
6,110,10,R6-PM-50,5,午後,50,1,1,1,OK,OK,一般用医薬品の製品表示に関する記述の正誤について、正しい組み合わせはどれか。,一般用医薬品の製品表示に関する記述の正誤について、正しい組み合わせはどれか。
6,111,11,R6-PM-51,5,午後,51,1,1,1,OK,OK,緊急安全性情報及び安全性速報に関する記述のうち、正しいものの組み合わせはどれか。,緊急安全性情報及び安全性速報に関する記述のうち、正しいものの組み合わせはどれか。
6,112,12,R6-PM-52,5,午後,52,3,3,3,OK,OK,医薬品の安全性情報に関する記述の正誤について、正しい組み合わせはどれか。,医薬品の安全性情報に関する記述の正誤について、正しい組み合わせはどれか。
6,113,13,R6-PM-53,5,午後,53,5,5,5,OK,OK,購入者等に対する情報提供への活用に関する記述の正誤について、正しい組み合わせはどれか。,購入者等に対する情報提供への活用に関する記述の正誤について、正しい組み合わせはどれか。
6,114,14,R6-PM-54,5,午後,54,3,3,3,OK,OK,医薬品医療機器等法第68条の10第２項の規定に基づく医薬品の副作用等の報告に関する記述のうち、正しいものの組み合わせはどれか。,医薬品医療機器等法第68条の10第２項の規定に基づく医薬品の副作用等の報告に関する記述のうち、正しいものの組み合わせはどれか。
6,115,15,R6-PM-55,5,午後,55,2,2,2,OK,OK,医薬品副作用被害救済制度等に関する記述のうち、誤っているものはどれか。,医薬品副作用被害救済制度等に関する記述のうち、誤っているものはどれか。
6,116,16,R6-PM-56,5,午後,56,2,2,2,OK,OK,医薬品副作用被害救済制度の救済給付の支給対象範囲に関する記述の正誤について、正しい組み合わせはどれか。,医薬品副作用被害救済制度の救済給付の支給対象範囲に関する記述の正誤について、正しい組み合わせはどれか。
6,117,17,R6-PM-57,5,午後,57,4,4,4,OK,OK,以下の記述は、医薬品副作用被害救済制度の給付に関するものである。該当する給付の種類として正しいものはどれか。,以下の記述は、医薬品副作用被害救済制度の給付に関するものである。該当する給付の種類として正しいものはどれか。医薬品の副作用による疾病（入院治療を必要とする程度）の治療に伴う医療費以外の費用の負担に着目して給付されるものである。請求の期限は、請求に係る医療が行われた日の属する月の翌月の初日から５年以内である。
6,118,18,R6-PM-58,5,午後,58,5,5,5,OK,OK,医薬品副作用被害救済制度に基づく、要指導医薬品又は一般用医薬品の使用による副作用被害への救済給付の請求にあたって必要な書類として、正しいものの組み合わせはどれか。,医薬品副作用被害救済制度に基づく、要指導医薬品又は一般用医薬品の使用による副作用被害への救済給付の請求にあたって必要な書類として、正しいものの組み合わせはどれか。
6,119,19,R6-PM-59,5,午後,59,5,5,5,OK,OK,一般用医薬品の安全対策に関する記述のうち、正しいものの組み合わせはどれか。,一般用医薬品の安全対策に関する記述のうち、正しいものの組み合わせはどれか。
6,120,20,R6-PM-60,5,午後,60,1,1,1,OK,OK,医薬品の適正使用のための啓発活動に関する以下の記述について、（ ）の中に入れるべき字句の正しい組み合わせはどれか。,医薬品の適正使用のための啓発活動に関する以下の記述について、（ ）の中に入れるべき字句の正しい組み合わせはどれか。医薬品の持つ特質及びその使用・取扱い等について正しい知識を広く（ ａ ）に浸透させることにより、保健衛生の維持向上に貢献することを目的とし、毎年（ ｂ ）月17日～23日の１週間を「（ ｃ ）」として、国、自治体、関係団体等による広報活動やイベント等が実施されている。
